collateral ratio,anchor price,anchor issued per unit of collateral value,anchor supply multiplier
0.002000000000000000,0.001960000000000000,510.204081632653061224,52.020408163265306122
0.002250000000000000,0.002205000000000000,453.514739229024943310,46.351473922902494331
0.002500000000000000,0.002450000000000000,408.163265306122448979,41.816326530612244897
0.003000000000000000,0.002940000000000000,340.136054421768707482,35.013605442176870748
0.003500000000000000,0.003430000000000000,291.545189504373177842,30.154518950437317784
0.004000000000000000,0.003920000000000000,255.102040816326530612,26.510204081632653061
0.004500000000000000,0.004410000000000000,226.757369614512471655,23.675736961451247165
0.005000000000000000,0.004900000000000000,204.081632653061224489,21.408163265306122448
0.006000000000000000,0.005880000000000000,170.068027210884353741,18.006802721088435374
0.007000000000000000,0.006860000000000000,145.772594752186588921,15.577259475218658892
0.008000000000000000,0.007840000000000000,127.551020408163265306,13.755102040816326530
0.009000000000000000,0.008820000000000000,113.378684807256235827,12.337868480725623582
0.010000000000000000,0.009800000000000000,102.040816326530612244,11.204081632653061224
0.012000000000000000,0.011760000000000000,85.034013605442176870,9.503401360544217687
0.014000000000000000,0.013720000000000000,72.886297376093294460,8.288629737609329446
0.016000000000000000,0.015680000000000000,63.775510204081632653,7.377551020408163265
0.018000000000000000,0.017640000000000000,56.689342403628117913,6.668934240362811791
0.020000000000000000,0.019600000000000000,51.020408163265306122,6.102040816326530612
0.022000000000000000,0.021560000000000000,46.382189239332096474,5.638218923933209647
0.024000000000000000,0.023520000000000000,42.517006802721088435,5.251700680272108843
0.026000000000000000,0.025480000000000000,39.246467817896389324,4.924646781789638932
0.028000000000000000,0.027440000000000000,36.443148688046647230,4.644314868804664723
0.030000000000000000,0.029400000000000000,34.013605442176870748,4.401360544217687074
0.032000000000000000,0.031360000000000000,31.887755102040816326,4.188775510204081632
0.034000000000000000,0.033320000000000000,30.012004801920768307,4.001200480192076830
0.036000000000000000,0.035280000000000000,28.344671201814058956,3.834467120181405895
0.038000000000000000,0.037240000000000000,26.852846401718582169,3.685284640171858216
0.040000000000000000,0.039200000000000000,25.510204081632653061,3.551020408163265306
0.042000000000000000,0.041160000000000000,24.295432458697764820,3.429543245869776482
0.044000000000000000,0.043120000000000000,23.191094619666048237,3.319109461966604823
0.046000000000000000,0.045080000000000000,22.182786157941437444,3.218278615794143744
0.048000000000000000,0.047040000000000000,21.258503401360544217,3.125850340136054421
0.050000000000000000,0.049000000000000000,20.408163265306122448,3.040816326530612244
0.052000000000000000,0.050960000000000000,19.623233908948194662,2.962323390894819466
0.054000000000000000,0.052920000000000000,18.896447467876039304,2.889644746787603930
0.056000000000000000,0.054880000000000000,18.221574344023323615,2.822157434402332361
0.058000000000000000,0.056840000000000000,17.593244194229415904,2.759324419422941590
0.060000000000000000,0.058800000000000000,17.006802721088435374,2.700680272108843537
0.062000000000000000,0.060760000000000000,16.458196181698485845,2.645819618169848584
0.064000000000000000,0.062720000000000000,15.943877551020408163,2.594387755102040816
0.066000000000000000,0.064680000000000000,15.460729746444032158,2.546072974644403215
0.068000000000000000,0.066640000000000000,15.006002400960384153,2.500600240096038415
0.070000000000000000,0.068600000000000000,14.577259475218658892,2.457725947521865889
0.072000000000000000,0.070560000000000000,14.172335600907029478,2.417233560090702947
0.074000000000000000,0.072520000000000000,13.789299503585217870,2.378929950358521787
0.076000000000000000,0.074480000000000000,13.426423200859291084,2.342642320085929108
0.078000000000000000,0.076440000000000000,13.082155939298796441,2.308215593929879644
0.080000000000000000,0.078400000000000000,12.755102040816326530,2.275510204081632653
0.082000000000000000,0.080360000000000000,12.444001991040318566,2.244400199104031856
0.084000000000000000,0.082320000000000000,12.147716229348882410,2.214771622934888241
0.086000000000000000,0.084280000000000000,11.865211200759373516,2.186521120075937351
0.088000000000000000,0.086240000000000000,11.595547309833024118,2.159554730983302411
0.090000000000000000,0.088200000000000000,11.337868480725623582,2.133786848072562358
0.092000000000000000,0.090160000000000000,11.091393078970718722,2.109139307897071872
0.094000000000000000,0.092120000000000000,10.855405992184107685,2.085540599218410768
0.096000000000000000,0.094080000000000000,10.629251700680272108,2.062925170068027210
0.098000000000000000,0.096040000000000000,10.412328196584756351,2.041232819658475635
0.100000000000000000,0.098000000000000000,10.204081632653061224,2.020408163265306122
0.102000000000000000,0.099960000000000000,10.004001600640256102,2.000400160064025610
0.104000000000000000,0.101920000000000000,9.811616954474097331,1.981161695447409733
0.106000000000000000,0.103880000000000000,9.626492106276472853,1.962649210627647285
0.108000000000000000,0.105840000000000000,9.448223733938019652,1.944822373393801965
0.110000000000000000,0.107800000000000000,9.276437847866419294,1.927643784786641929
0.112000000000000000,0.109760000000000000,9.110787172011661807,1.911078717201166180
0.114000000000000000,0.111720000000000000,8.950948800572860723,1.895094880057286072
0.116000000000000000,0.113680000000000000,8.796622097114707952,1.879662209711470795
0.118000000000000000,0.115640000000000000,8.647526807333102732,1.864752680733310273
0.120000000000000000,0.117600000000000000,8.503401360544217687,1.850340136054421768
0.122000000000000000,0.119560000000000000,8.364001338240214118,1.836400133824021411
0.124000000000000000,0.121520000000000000,8.229098090849242922,1.822909809084924292
0.126000000000000000,0.123480000000000000,8.098477486232588273,1.809847748623258827
0.128000000000000000,0.125440000000000000,7.971938775510204081,1.797193877551020408
0.130000000000000000,0.127400000000000000,7.849293563579277864,1.784929356357927786
0.132000000000000000,0.129360000000000000,7.730364873222016079,1.773036487322201607
0.134000000000000000,0.131320000000000000,7.614986293024672555,1.761498629302467255
0.136000000000000000,0.133280000000000000,7.503001200480192076,1.750300120048019207
0.138000000000000000,0.135240000000000000,7.394262052647145814,1.739426205264714581
0.140000000000000000,0.137200000000000000,7.288629737609329446,1.728862973760932944
0.142000000000000000,0.139160000000000000,7.185972980741592411,1.718597298074159241
0.144000000000000000,0.141120000000000000,7.086167800453514739,1.708616780045351473
0.146000000000000000,0.143080000000000000,6.989097008666480290,1.698909700866648029
0.148000000000000000,0.145040000000000000,6.894649751792608935,1.689464975179260893
0.150000000000000000,0.147000000000000000,6.802721088435374149,1.680272108843537414
0.152000000000000000,0.148960000000000000,6.713211600429645542,1.671321160042964554
0.154000000000000000,0.150920000000000000,6.626027034190299496,1.662602703419029949
0.156000000000000000,0.152880000000000000,6.541077969649398220,1.654107796964939822
0.158000000000000000,0.154840000000000000,6.458279514337380521,1.645827951433738052
0.160000000000000000,0.156800000000000000,6.377551020408163265,1.637755102040816326
0.162000000000000000,0.158760000000000000,6.298815822625346434,1.629881582262534643
0.164000000000000000,0.160720000000000000,6.222000995520159283,1.622200099552015928
0.166000000000000000,0.162680000000000000,6.147037128104253749,1.614703712810425374
0.168000000000000000,0.164640000000000000,6.073858114674441205,1.607385811467444120
0.170000000000000000,0.166600000000000000,6.002400960384153661,1.600240096038415366
0.172000000000000000,0.168560000000000000,5.932605600379686758,1.593260560037968675
0.174000000000000000,0.170520000000000000,5.864414731409805301,1.586441473140980530
0.176000000000000000,0.172480000000000000,5.797773654916512059,1.579777365491651205
0.178000000000000000,0.174440000000000000,5.732630130703966980,1.573263013070396698
0.180000000000000000,0.176400000000000000,5.668934240362811791,1.566893424036281179
0.182000000000000000,0.178360000000000000,5.606638259699484189,1.560663825969948418
0.184000000000000000,0.180320000000000000,5.545696539485359361,1.554569653948535936
0.186000000000000000,0.182280000000000000,5.486065393899495281,1.548606539389949528
0.188000000000000000,0.184240000000000000,5.427702996092053842,1.542770299609205384
0.190000000000000000,0.186200000000000000,5.370569280343716433,1.537056928034371643
0.192000000000000000,0.188160000000000000,5.314625850340136054,1.531462585034013605
0.194000000000000000,0.190120000000000000,5.259835893120134651,1.525983589312013465
0.196000000000000000,0.192080000000000000,5.206164098292378175,1.520616409829237817
0.198000000000000000,0.194040000000000000,5.153576582148010719,1.515357658214801071
0.200000000000000000,0.196000000000000000,5.102040816326530612,1.510204081632653061
0.202000000000000000,0.197960000000000000,5.051525560719337239,1.505152556071933723
0.204000000000000000,0.199920000000000000,5.002000800320128051,1.500200080032012805
0.206000000000000000,0.201880000000000000,4.953437685753913215,1.495343768575391321
0.208000000000000000,0.203840000000000000,4.905808477237048665,1.490580847723704866
0.210000000000000000,0.205800000000000000,4.859086491739552964,1.485908649173955296
0.212000000000000000,0.207760000000000000,4.813246053138236426,1.481324605313823642
0.214000000000000000,0.209720000000000000,4.768262445164981880,1.476826244516498188
0.216000000000000000,0.211680000000000000,4.724111866969009826,1.472411186696900982
0.218000000000000000,0.213640000000000000,4.680771391125257442,1.468077139112525744
0.220000000000000000,0.215600000000000000,4.638218923933209647,1.463821892393320964
0.222000000000000000,0.217560000000000000,4.596433167861739290,1.459643316786173929
0.224000000000000000,0.219520000000000000,4.555393586005830903,1.455539358600583090
0.226000000000000000,0.221480000000000000,4.515080368430558063,1.451508036843055806
0.228000000000000000,0.223440000000000000,4.475474400286430361,1.447547440028643036
0.230000000000000000,0.225400000000000000,4.436557231588287488,1.443655723158828748
0.232000000000000000,0.227360000000000000,4.398311048557353976,1.439831104855735397
0.234000000000000000,0.229320000000000000,4.360718646432932147,1.436071864643293214
0.236000000000000000,0.231280000000000000,4.323763403666551366,1.432376340366655136
0.238000000000000000,0.233240000000000000,4.287429257417252615,1.428742925741725261
0.240000000000000000,0.235200000000000000,4.251700680272108843,1.425170068027210884
0.242000000000000000,0.237160000000000000,4.216562658121099679,1.421656265812109967
0.244000000000000000,0.239120000000000000,4.182000669120107059,1.418200066912010705
0.246000000000000000,0.241080000000000000,4.148000663680106188,1.414800066368010618
0.248000000000000000,0.243040000000000000,4.114549045424621461,1.411454904542462146
0.250000000000000000,0.245000000000000000,4.081632653061224489,1.408163265306122448
0.252000000000000000,0.246960000000000000,4.049238743116294136,1.404923874311629413
0.254000000000000000,0.248920000000000000,4.017354973485457174,1.401735497348545717
0.256000000000000000,0.250880000000000000,3.985969387755102040,1.398596938775510204
0.258000000000000000,0.252840000000000000,3.955070400253124505,1.395507040025312450
0.260000000000000000,0.254800000000000000,3.924646781789638932,1.392464678178963893
0.262000000000000000,0.256760000000000000,3.894687646050786726,1.389468764605078672
0.264000000000000000,0.258720000000000000,3.865182436611008039,1.386518243661100803
0.266000000000000000,0.260680000000000000,3.836120914531226024,1.383612091453122602
0.268000000000000000,0.262640000000000000,3.807493146512336277,1.380749314651233627
0.270000000000000000,0.264600000000000000,3.779289493575207860,1.377928949357520786
0.272000000000000000,0.266560000000000000,3.751500600240096038,1.375150060024009603
0.274000000000000000,0.268520000000000000,3.724117384179949352,1.372411738417994935
0.276000000000000000,0.270480000000000000,3.697131026323572907,1.369713102632357290
0.278000000000000000,0.272440000000000000,3.670532961385993246,1.367053296138599324
0.280000000000000000,0.274400000000000000,3.644314868804664723,1.364431486880466472
0.282000000000000000,0.276360000000000000,3.618468664061369228,1.361846866406136922
0.284000000000000000,0.278320000000000000,3.592986490370796205,1.359298649037079620
0.286000000000000000,0.280280000000000000,3.567860710717853574,1.356786071071785357
0.288000000000000000,0.282240000000000000,3.543083900226757369,1.354308390022675736
0.290000000000000000,0.284200000000000000,3.518648838845883180,1.351864883884588318
0.292000000000000000,0.286160000000000000,3.494548504333240145,1.349454850433324014
0.294000000000000000,0.288120000000000000,3.470776065528252117,1.347077606552825211
0.296000000000000000,0.290080000000000000,3.447324875896304467,1.344732487589630446
0.298000000000000000,0.292040000000000000,3.424188467333242021,1.342418846733324202
0.300000000000000000,0.294000000000000000,3.401360544217687074,1.340136054421768707
0.302000000000000000,0.295960000000000000,3.378834977699689147,1.337883497769968914
0.304000000000000000,0.297920000000000000,3.356605800214822771,1.335660580021482277
0.306000000000000000,0.299880000000000000,3.334667200213418700,1.333466720021341870
0.308000000000000000,0.301840000000000000,3.313013517095149748,1.331301351709514974
0.310000000000000000,0.303800000000000000,3.291639236339697169,1.329163923633969716
0.312000000000000000,0.305760000000000000,3.270538984824699110,1.327053898482469911
0.314000000000000000,0.307720000000000000,3.249707526322630963,1.324970752632263096
0.316000000000000000,0.309680000000000000,3.229139757168690260,1.322913975716869026
0.318000000000000000,0.311640000000000000,3.208830702092157617,1.320883070209215761
0.320000000000000000,0.313600000000000000,3.188775510204081632,1.318877551020408163
0.322000000000000000,0.315560000000000000,3.168969451134491063,1.316896945113449106
0.324000000000000000,0.317520000000000000,3.149407911312673217,1.314940791131267321
0.326000000000000000,0.319480000000000000,3.130086390384374608,1.313008639038437460
0.328000000000000000,0.321440000000000000,3.111000497760079641,1.311100049776007964
0.330000000000000000,0.323400000000000000,3.092145949288806431,1.309214594928880643
0.332000000000000000,0.325360000000000000,3.073518564052126874,1.307351856405212687
0.334000000000000000,0.327320000000000000,3.055114261273371624,1.305511426127337162
0.336000000000000000,0.329280000000000000,3.036929057337220602,1.303692905733722060
0.338000000000000000,0.331240000000000000,3.018959062915106871,1.301895906291510687
0.340000000000000000,0.333200000000000000,3.001200480192076830,1.300120048019207683
0.342000000000000000,0.335160000000000000,2.983649600190953574,1.298364960019095357
0.344000000000000000,0.337120000000000000,2.966302800189843379,1.296630280018984337
0.346000000000000000,0.339080000000000000,2.949156541229208446,1.294915654122920844
0.348000000000000000,0.341040000000000000,2.932207365704902650,1.293220736570490265
0.350000000000000000,0.343000000000000000,2.915451895043731778,1.291545189504373177
0.352000000000000000,0.344960000000000000,2.898886827458256029,1.289888682745825602
0.354000000000000000,0.346920000000000000,2.882508935777700910,1.288250893577770091
0.356000000000000000,0.348880000000000000,2.866315065351983490,1.286631506535198349
0.358000000000000000,0.350840000000000000,2.850302132025994755,1.285030213202599475
0.360000000000000000,0.352800000000000000,2.834467120181405895,1.283446712018140589
0.362000000000000000,0.354760000000000000,2.818807080843387078,1.281880708084338707
0.364000000000000000,0.356720000000000000,2.803319129849742094,1.280331912984974209
0.366000000000000000,0.358680000000000000,2.788000446080071372,1.278800044608007137
0.368000000000000000,0.360640000000000000,2.772848269742679680,1.277284826974267968
0.370000000000000000,0.362600000000000000,2.757859900717043574,1.275785990071704357
0.372000000000000000,0.364560000000000000,2.743032696949747640,1.274303269694974764
0.374000000000000000,0.366520000000000000,2.728364072901888027,1.272836407290188802
0.376000000000000000,0.368480000000000000,2.713851498046026921,1.271385149804602692
0.378000000000000000,0.370440000000000000,2.699492495410862757,1.269949249541086275
0.380000000000000000,0.372400000000000000,2.685284640171858216,1.268528464017185821
0.382000000000000000,0.374360000000000000,2.671225558286141681,1.267122555828614168
0.384000000000000000,0.376320000000000000,2.657312925170068027,1.265731292517006802
0.386000000000000000,0.378280000000000000,2.643544464417891508,1.264354446441789150
0.388000000000000000,0.380240000000000000,2.629917946560067325,1.262991794656006732
0.390000000000000000,0.382200000000000000,2.616431187859759288,1.261643118785975928
0.392000000000000000,0.384160000000000000,2.603082049146189087,1.260308204914618908
0.394000000000000000,0.386120000000000000,2.589868434683518077,1.258986843468351807
0.396000000000000000,0.388080000000000000,2.576788291074005359,1.257678829107400535
0.398000000000000000,0.390040000000000000,2.563839606194236488,1.256383960619423648
0.400000000000000000,0.392000000000000000,2.551020408163265306,1.255102040816326530
0.402000000000000000,0.393960000000000000,2.538328764341557518,1.253832876434155751
0.404000000000000000,0.395920000000000000,2.525762780359668619,1.252576278035966861
0.406000000000000000,0.397880000000000000,2.513320599175630843,1.251332059917563084
0.408000000000000000,0.399840000000000000,2.501000400160064025,1.250100040016006402
0.410000000000000000,0.401800000000000000,2.488800398208063713,1.248880039820806371
0.412000000000000000,0.403760000000000000,2.476718842876956607,1.247671884287695660
0.414000000000000000,0.405720000000000000,2.464754017549048604,1.246475401754904860
0.416000000000000000,0.407680000000000000,2.452904238618524332,1.245290423861852433
0.418000000000000000,0.409640000000000000,2.441167854701689288,1.244116785470168928
0.420000000000000000,0.411600000000000000,2.429543245869776482,1.242954324586977648
0.422000000000000000,0.413560000000000000,2.418028822903569010,1.241802882290356901
0.424000000000000000,0.415520000000000000,2.406623026569118213,1.240662302656911821
0.426000000000000000,0.417480000000000000,2.395324326913864137,1.239532432691386413
0.428000000000000000,0.419440000000000000,2.384131222582490940,1.238413122258249094
0.430000000000000000,0.421400000000000000,2.373042240151874703,1.237304224015187470
0.432000000000000000,0.423360000000000000,2.362055933484504913,1.236205593348450491
0.434000000000000000,0.425320000000000000,2.351170883099783692,1.235117088309978369
0.436000000000000000,0.427280000000000000,2.340385695562628721,1.234038569556262872
0.438000000000000000,0.429240000000000000,2.329699002888826763,1.232969900288882676
0.440000000000000000,0.431200000000000000,2.319109461966604823,1.231910946196660482
0.442000000000000000,0.433160000000000000,2.308615753993905254,1.230861575399390525
0.444000000000000000,0.435120000000000000,2.298216583930869645,1.229821658393086964
0.446000000000000000,0.437080000000000000,2.287910679967054086,1.228791067996705408
0.448000000000000000,0.439040000000000000,2.277696793002915451,1.227769679300291545
0.450000000000000000,0.441000000000000000,2.267573696145124716,1.226757369614512471
0.452000000000000000,0.442960000000000000,2.257540184215279031,1.225754018421527903
0.454000000000000000,0.444920000000000000,2.247595073271599388,1.224759507327159938
0.456000000000000000,0.446880000000000000,2.237737200143215180,1.223773720014321518
0.458000000000000000,0.448840000000000000,2.227965421976650922,1.222796542197665092
0.460000000000000000,0.450800000000000000,2.218278615794143744,1.221827861579414374
0.462000000000000000,0.452760000000000000,2.208675678063433165,1.220867567806343316
0.464000000000000000,0.454720000000000000,2.199155524278676988,1.219915552427867698
0.466000000000000000,0.456680000000000000,2.189717088552159061,1.218971708855215906
0.468000000000000000,0.458640000000000000,2.180359323216466073,1.218035932321646607
0.470000000000000000,0.460600000000000000,2.171081198436821537,1.217108119843682153
0.472000000000000000,0.462560000000000000,2.161881701833275683,1.216188170183327568
0.474000000000000000,0.464520000000000000,2.152759838112460173,1.215275983811246017
0.476000000000000000,0.466480000000000000,2.143714628708626307,1.214371462870862630
0.478000000000000000,0.468440000000000000,2.134745111433694816,1.213474511143369481
0.480000000000000000,0.470400000000000000,2.125850340136054421,1.212585034013605442
0.482000000000000000,0.472360000000000000,2.117029384367855025,1.211702938436785502
0.484000000000000000,0.474320000000000000,2.108281329060549839,1.210828132906054983
0.486000000000000000,0.476280000000000000,2.099605274208448811,1.209960527420844881
0.488000000000000000,0.478240000000000000,2.091000334560053529,1.209100033456005352
0.490000000000000000,0.480200000000000000,2.082465639316951270,1.208246563931695127
0.492000000000000000,0.482160000000000000,2.074000331840053094,1.207400033184005309
0.494000000000000000,0.484120000000000000,2.065603569362967859,1.206560356936296785
0.496000000000000000,0.486080000000000000,2.057274522712310730,1.205727452271231073
0.498000000000000000,0.488040000000000000,2.049012376034751249,1.204901237603475124
0.500000000000000000,0.490000000000000000,2.040816326530612244,1.204081632653061224
0.502000000000000000,0.491960000000000000,2.032685584193836897,1.203268558419383689
0.504000000000000000,0.493920000000000000,2.024619371558147068,1.202461937155814706
0.506000000000000000,0.495880000000000000,2.016616923449221585,1.201661692344922158
0.508000000000000000,0.497840000000000000,2.008677486742728587,1.200867748674272858
0.510000000000000000,0.499800000000000000,2.000800320128051220,1.200080032012805122
0.512000000000000000,0.501760000000000000,1.992984693877551020,1.199298469387755102
0.514000000000000000,0.503720000000000000,1.985229889621218137,1.198522988962121813
0.516000000000000000,0.505680000000000000,1.977535200126562252,1.197753520012656225
0.518000000000000000,0.507640000000000000,1.969899929083602552,1.196989992908360255
0.520000000000000000,0.509600000000000000,1.962323390894819466,1.196232339089481946
0.522000000000000000,0.511560000000000000,1.954804910469935100,1.195480491046993510
0.524000000000000000,0.513520000000000000,1.947343823025393363,1.194734382302539336
0.526000000000000000,0.515480000000000000,1.939939473888414681,1.193993947388841468
0.528000000000000000,0.517440000000000000,1.932591218305504019,1.193259121830550401
0.530000000000000000,0.519400000000000000,1.925298421255294570,1.192529842125529457
0.532000000000000000,0.521360000000000000,1.918060457265613012,1.191806045726561301
0.534000000000000000,0.523320000000000000,1.910876710234655660,1.191087671023465566
0.536000000000000000,0.525280000000000000,1.903746573256168138,1.190374657325616813
0.538000000000000000,0.527240000000000000,1.896669448448524391,1.189666944844852439
0.540000000000000000,0.529200000000000000,1.889644746787603930,1.188964474678760393
0.542000000000000000,0.531160000000000000,1.882671887943369229,1.188267188794336922
0.544000000000000000,0.533120000000000000,1.875750300120048019,1.187575030012004801
0.546000000000000000,0.535080000000000000,1.868879419899828063,1.186887941989982806
0.548000000000000000,0.537040000000000000,1.862058692089974676,1.186205869208997467
0.550000000000000000,0.539000000000000000,1.855287569573283858,1.185528756957328385
0.552000000000000000,0.540960000000000000,1.848565513161786453,1.184856551316178645
0.554000000000000000,0.542920000000000000,1.841891991453621159,1.184189199145362115
0.556000000000000000,0.544880000000000000,1.835266480692996623,1.183526648069299662
0.558000000000000000,0.546840000000000000,1.828688464633165093,1.182868846463316509
0.560000000000000000,0.548800000000000000,1.822157434402332361,1.182215743440233236
0.562000000000000000,0.550760000000000000,1.815672888372430822,1.181567288837243082
0.564000000000000000,0.552720000000000000,1.809234332030684614,1.180923433203068461
0.566000000000000000,0.554680000000000000,1.802841277853897742,1.180284127785389774
0.568000000000000000,0.556640000000000000,1.796493245185398102,1.179649324518539810
0.570000000000000000,0.558600000000000000,1.790189760114572144,1.179018976011457214
0.572000000000000000,0.560560000000000000,1.783930355358926787,1.178393035535892678
0.574000000000000000,0.562520000000000000,1.777714570148616938,1.177771457014861693
0.576000000000000000,0.564480000000000000,1.771541950113378684,1.177154195011337868
0.578000000000000000,0.566440000000000000,1.765412047171809900,1.176541204717180990
0.580000000000000000,0.568400000000000000,1.759324419422941590,1.175932441942294159
0.582000000000000000,0.570360000000000000,1.753278631040044883,1.175327863104004488
0.584000000000000000,0.572320000000000000,1.747274252166620072,1.174727425216662007
0.586000000000000000,0.574280000000000000,1.741310858814515567,1.174131085881451556
0.588000000000000000,0.576240000000000000,1.735388032764126058,1.173538803276412605
0.590000000000000000,0.578200000000000000,1.729505361466620546,1.172950536146662054
0.592000000000000000,0.580160000000000000,1.723662437948152233,1.172366243794815223
0.594000000000000000,0.582120000000000000,1.717858860716003573,1.171785886071600357
0.596000000000000000,0.584080000000000000,1.712094233666621010,1.171209423366662101
0.598000000000000000,0.586040000000000000,1.706368165995495188,1.170636816599549518
0.600000000000000000,0.588000000000000000,1.700680272108843537,1.170068027210884353
0.602000000000000000,0.589960000000000000,1.695030171537053359,1.169503017153705335
0.604000000000000000,0.591920000000000000,1.689417488849844573,1.168941748884984457
0.606000000000000000,0.593880000000000000,1.683841853573112413,1.168384185357311241
0.608000000000000000,0.595840000000000000,1.678302900107411385,1.167830290010741138
0.610000000000000000,0.597800000000000000,1.672800267648042823,1.167280026764804282
0.612000000000000000,0.599760000000000000,1.667333600106709350,1.166733360010670935
0.614000000000000000,0.601720000000000000,1.661902546034700525,1.166190254603470052
0.616000000000000000,0.603680000000000000,1.656506758547574874,1.165650675854757487
0.618000000000000000,0.605640000000000000,1.651145895251304405,1.165114589525130440
0.620000000000000000,0.607600000000000000,1.645819618169848584,1.164581961816984858
0.622000000000000000,0.609560000000000000,1.640527593674125598,1.164052759367412559
0.624000000000000000,0.611520000000000000,1.635269492412349555,1.163526949241234955
0.626000000000000000,0.613480000000000000,1.630044989241703071,1.163004498924170307
0.628000000000000000,0.615440000000000000,1.624853763161315481,1.162485376316131548
0.630000000000000000,0.617400000000000000,1.619695497246517654,1.161969549724651765
0.632000000000000000,0.619360000000000000,1.614569878584345130,1.161456987858434513
0.634000000000000000,0.621320000000000000,1.609476598210262022,1.160947659821026202
0.636000000000000000,0.623280000000000000,1.604415351046078808,1.160441535104607880
0.638000000000000000,0.625240000000000000,1.599385835839037809,1.159938583583903780
0.640000000000000000,0.627200000000000000,1.594387755102040816,1.159438775510204081
0.642000000000000000,0.629160000000000000,1.589420815054993960,1.158942081505499396
0.644000000000000000,0.631120000000000000,1.584484725567245531,1.158448472556724553
0.646000000000000000,0.633080000000000000,1.579579200101093068,1.157957920010109306
0.648000000000000000,0.635040000000000000,1.574703955656336608,1.157470395565633660
0.650000000000000000,0.637000000000000000,1.569858712715855572,1.156985871271585557
0.652000000000000000,0.638960000000000000,1.565043195192187304,1.156504319519218730
0.654000000000000000,0.640920000000000000,1.560257130375085814,1.156025713037508581
0.656000000000000000,0.642880000000000000,1.555500248880039820,1.155550024888003982
0.658000000000000000,0.644840000000000000,1.550772284597729669,1.155077228459772966
0.660000000000000000,0.646800000000000000,1.546072974644403215,1.154607297464440321
0.662000000000000000,0.648760000000000000,1.541402059313151242,1.154140205931315124
0.664000000000000000,0.650720000000000000,1.536759282026063437,1.153675928202606343
0.666000000000000000,0.652680000000000000,1.532144389287246430,1.153214438928724643
0.668000000000000000,0.654640000000000000,1.527557130636685812,1.152755713063668581
0.670000000000000000,0.656600000000000000,1.522997258604934511,1.152299725860493451
0.672000000000000000,0.658560000000000000,1.518464528668610301,1.151846452866861030
0.674000000000000000,0.660520000000000000,1.513958699206685641,1.151395869920668564
0.676000000000000000,0.662480000000000000,1.509479531457553435,1.150947953145755343
0.678000000000000000,0.664440000000000000,1.505026789476852687,1.150502678947685268
0.680000000000000000,0.666400000000000000,1.500600240096038415,1.150060024009603841
0.682000000000000000,0.668360000000000000,1.496199652881680531,1.149619965288168053
0.684000000000000000,0.670320000000000000,1.491824800095476787,1.149182480009547678
0.686000000000000000,0.672280000000000000,1.487475456654965193,1.148747545665496519
0.688000000000000000,0.674240000000000000,1.483151400094921689,1.148315140009492168
0.690000000000000000,0.676200000000000000,1.478852410529429162,1.147885241052942916
0.692000000000000000,0.678160000000000000,1.474578270614604223,1.147457827061460422
0.694000000000000000,0.680120000000000000,1.470328765511968476,1.147032876551196847
0.696000000000000000,0.682080000000000000,1.466103682852451325,1.146610368285245132
0.698000000000000000,0.684040000000000000,1.461902812701011636,1.146190281270101163
0.700000000000000000,0.686000000000000000,1.457725947521865889,1.145772594752186588
0.702000000000000000,0.687960000000000000,1.453572882144310715,1.145357288214431071
0.704000000000000000,0.689920000000000000,1.449443413729128014,1.144944341372912801
0.706000000000000000,0.691880000000000000,1.445337341735561079,1.144533734173556107
0.708000000000000000,0.693840000000000000,1.441254467888850455,1.144125446788885045
0.710000000000000000,0.695800000000000000,1.437194596148318482,1.143719459614831848
0.712000000000000000,0.697760000000000000,1.433157532675991745,1.143315753267599174
0.714000000000000000,0.699720000000000000,1.429143085805750871,1.142914308580575087
0.716000000000000000,0.701680000000000000,1.425151066012997377,1.142515106601299737
0.718000000000000000,0.703640000000000000,1.421181285884827468,1.142118128588482746
0.720000000000000000,0.705600000000000000,1.417233560090702947,1.141723356009070294
0.722000000000000000,0.707560000000000000,1.413307705353609587,1.141330770535360958
0.724000000000000000,0.709520000000000000,1.409403540421693539,1.140940354042169353
0.726000000000000000,0.711480000000000000,1.405520886040366559,1.140552088604036655
0.728000000000000000,0.713440000000000000,1.401659564924871047,1.140165956492487104
0.730000000000000000,0.715400000000000000,1.397819401733296058,1.139781940173329605
0.732000000000000000,0.717360000000000000,1.394000223040035686,1.139400022304003568
0.734000000000000000,0.719320000000000000,1.390201857309681365,1.139020185730968136
0.736000000000000000,0.721280000000000000,1.386424134871339840,1.138642413487133984
0.738000000000000000,0.723240000000000000,1.382666887893368729,1.138266688789336872
0.740000000000000000,0.725200000000000000,1.378929950358521787,1.137892995035852178
0.742000000000000000,0.727160000000000000,1.375213158039496121,1.137521315803949612
0.744000000000000000,0.729120000000000000,1.371516348474873820,1.137151634847487382
0.746000000000000000,0.731080000000000000,1.367839360945450566,1.136783936094545056
0.748000000000000000,0.733040000000000000,1.364182036450944013,1.136418203645094401
0.750000000000000000,0.735000000000000000,1.360544217687074829,1.136054421768707482
0.752000000000000000,0.736960000000000000,1.356925749023013460,1.135692574902301346
0.754000000000000000,0.738920000000000000,1.353326476479185838,1.135332647647918583
0.756000000000000000,0.740880000000000000,1.349746247705431378,1.134974624770543137
0.758000000000000000,0.742840000000000000,1.346184911959506757,1.134618491195950675
0.760000000000000000,0.744800000000000000,1.342642320085929108,1.134264232008592910
0.762000000000000000,0.746760000000000000,1.339118324495152391,1.133911832449515239
0.764000000000000000,0.748720000000000000,1.335612779143070840,1.133561277914307084
0.766000000000000000,0.750680000000000000,1.332125539510843501,1.133212553951084350
0.768000000000000000,0.752640000000000000,1.328656462585034013,1.132865646258503401
0.770000000000000000,0.754600000000000000,1.325205406838059899,1.132520540683805989
0.772000000000000000,0.756560000000000000,1.321772232208945754,1.132177223220894575
0.774000000000000000,0.758520000000000000,1.318356800084374835,1.131835680008437483
0.776000000000000000,0.760480000000000000,1.314958973280033662,1.131495897328003366
0.778000000000000000,0.762440000000000000,1.311578616022244373,1.131157861602224437
0.780000000000000000,0.764400000000000000,1.308215593929879644,1.130821559392987964
0.782000000000000000,0.766360000000000000,1.304869773996555143,1.130486977399655514
0.784000000000000000,0.768320000000000000,1.301541024573094543,1.130154102457309454
0.786000000000000000,0.770280000000000000,1.298229215350262242,1.129822921535026224
0.788000000000000000,0.772240000000000000,1.294934217341759038,1.129493421734175903
0.790000000000000000,0.774200000000000000,1.291655902867476104,1.129165590286747610
0.792000000000000000,0.776160000000000000,1.288394145537002679,1.128839414553700267
0.794000000000000000,0.778120000000000000,1.285148820233383025,1.128514882023338302
0.796000000000000000,0.780080000000000000,1.281919803097118244,1.128191980309711824
0.798000000000000000,0.782040000000000000,1.278706971510408674,1.127870697151040867
0.800000000000000000,0.784000000000000000,1.275510204081632653,1.127551020408163265
0.802000000000000000,0.785960000000000000,1.272329380630057509,1.127232938063005750
0.804000000000000000,0.787920000000000000,1.269164382170778759,1.126916438217077875
0.806000000000000000,0.789880000000000000,1.266015090899883526,1.126601509089988352
0.808000000000000000,0.791840000000000000,1.262881390179834309,1.126288139017983430
0.810000000000000000,0.793800000000000000,1.259763164525069286,1.125976316452506928
0.812000000000000000,0.795760000000000000,1.256660299587815421,1.125666029958781542
0.814000000000000000,0.797720000000000000,1.253572682144110715,1.125357268214411071
0.816000000000000000,0.799680000000000000,1.250500200080032012,1.125050020008003201
0.818000000000000000,0.801640000000000000,1.247442742378124844,1.124744274237812484
0.820000000000000000,0.803600000000000000,1.244400199104031856,1.124440019910403185
0.822000000000000000,0.805560000000000000,1.241372461393316450,1.124137246139331645
0.824000000000000000,0.807520000000000000,1.238359421438478303,1.123835942143847830
0.826000000000000000,0.809480000000000000,1.235360972476157533,1.123536097247615753
0.828000000000000000,0.811440000000000000,1.232377008774524302,1.123237700877452430
0.830000000000000000,0.813400000000000000,1.229407425620850749,1.122940742562085074
0.832000000000000000,0.815360000000000000,1.226452119309262166,1.122645211930926216
0.834000000000000000,0.817320000000000000,1.223510987128664415,1.122351098712866441
0.836000000000000000,0.819280000000000000,1.220583927350844644,1.122058392735084464
0.838000000000000000,0.821240000000000000,1.217670839218742389,1.121767083921874238
0.840000000000000000,0.823200000000000000,1.214771622934888241,1.121477162293488824
0.842000000000000000,0.825160000000000000,1.211886179650007271,1.121188617965000727
0.844000000000000000,0.827120000000000000,1.209014411451784505,1.120901441145178450
0.846000000000000000,0.829080000000000000,1.206156221353789742,1.120615622135378974
0.848000000000000000,0.831040000000000000,1.203311513284559106,1.120331151328455910
0.850000000000000000,0.833000000000000000,1.200480192076830732,1.120048019207683073
0.852000000000000000,0.834960000000000000,1.197662163456932068,1.119766216345693206
0.854000000000000000,0.836920000000000000,1.194857334034316302,1.119485733403431630
0.856000000000000000,0.838880000000000000,1.192065611291245470,1.119206561129124547
0.858000000000000000,0.840840000000000000,1.189286903572617858,1.118928690357261785
0.860000000000000000,0.842800000000000000,1.186521120075937351,1.118652112007593735
0.862000000000000000,0.844760000000000000,1.183768170841422415,1.118376817084142241
0.864000000000000000,0.846720000000000000,1.181027966742252456,1.118102796674225245
0.866000000000000000,0.848680000000000000,1.178300419474949333,1.117830041947494933
0.868000000000000000,0.850640000000000000,1.175585441549891846,1.117558544154989184
0.870000000000000000,0.852600000000000000,1.172882946281961060,1.117288294628196106
0.872000000000000000,0.854560000000000000,1.170192847781314360,1.117019284778131436
0.874000000000000000,0.856520000000000000,1.167515060944286181,1.116751506094428618
0.876000000000000000,0.858480000000000000,1.164849501444413381,1.116484950144441338
0.878000000000000000,0.860440000000000000,1.162196085723583282,1.116219608572358328
0.880000000000000000,0.862400000000000000,1.159554730983302411,1.115955473098330241
0.882000000000000000,0.864360000000000000,1.156925355176084039,1.115692535517608403
0.884000000000000000,0.866320000000000000,1.154307876996952627,1.115430787699695262
0.886000000000000000,0.868280000000000000,1.151702215875063343,1.115170221587506334
0.888000000000000000,0.870240000000000000,1.149108291965434822,1.114910829196543482
0.890000000000000000,0.872200000000000000,1.146526026140793396,1.114652602614079339
0.892000000000000000,0.874160000000000000,1.143955339983527043,1.114395533998352704
0.894000000000000000,0.876120000000000000,1.141396155777747340,1.114139615577774734
0.896000000000000000,0.878080000000000000,1.138848396501457725,1.113884839650145772
0.898000000000000000,0.880040000000000000,1.136311985818826416,1.113631198581882641
0.900000000000000000,0.882000000000000000,1.133786848072562358,1.113378684807256235
0.902000000000000000,0.883960000000000000,1.131272908276392596,1.113127290827639259
0.904000000000000000,0.885920000000000000,1.128770092107639515,1.112877009210763951
0.906000000000000000,0.887880000000000000,1.126278325899896382,1.112627832589989638
0.908000000000000000,0.889840000000000000,1.123797536635799694,1.112379753663579969
0.910000000000000000,0.891800000000000000,1.121327651939896837,1.112132765193989683
0.912000000000000000,0.893760000000000000,1.118868600071607590,1.111886860007160759
0.914000000000000000,0.895720000000000000,1.116420309918278033,1.111642030991827803
0.916000000000000000,0.897680000000000000,1.113982710988325461,1.111398271098832546
0.918000000000000000,0.899640000000000000,1.111555733404472900,1.111155573340447290
0.920000000000000000,0.901600000000000000,1.109139307897071872,1.110913930789707187
0.922000000000000000,0.903560000000000000,1.106733365797512063,1.110673336579751206
0.924000000000000000,0.905520000000000000,1.104337839031716582,1.110433783903171658
0.926000000000000000,0.907480000000000000,1.101952660113721514,1.110195266011372151
0.928000000000000000,0.909440000000000000,1.099577762139338494,1.109957776213933849
0.930000000000000000,0.911400000000000000,1.097213078779899056,1.109721307877989905
0.932000000000000000,0.913360000000000000,1.094858544276079530,1.109485854427607953
0.934000000000000000,0.915320000000000000,1.092514093431805270,1.109251409343180527
0.936000000000000000,0.917280000000000000,1.090179661608233036,1.109017966160823303
0.938000000000000000,0.919240000000000000,1.087855184717810365,1.108785518471781036
0.940000000000000000,0.921200000000000000,1.085540599218410768,1.108554059921841076
0.942000000000000000,0.923160000000000000,1.083235842107543654,1.108323584210754365
0.944000000000000000,0.925120000000000000,1.080940850916637841,1.108094085091663784
0.946000000000000000,0.927080000000000000,1.078655563705397592,1.107865556370539759
0.948000000000000000,0.929040000000000000,1.076379919056230086,1.107637991905623008
0.950000000000000000,0.931000000000000000,1.074113856068743286,1.107411385606874328
0.952000000000000000,0.932960000000000000,1.071857314354313153,1.107185731435431315
0.954000000000000000,0.934920000000000000,1.069610234030719205,1.106961023403071920
0.956000000000000000,0.936880000000000000,1.067372555716847408,1.106737255571684740
0.958000000000000000,0.938840000000000000,1.065144220527459418,1.106514422052745941
0.960000000000000000,0.940800000000000000,1.062925170068027210,1.106292517006802721
0.962000000000000000,0.942760000000000000,1.060715346429632143,1.106071534642963214
0.964000000000000000,0.944720000000000000,1.058514692183927512,1.105851469218392751
0.966000000000000000,0.946680000000000000,1.056323150378163687,1.105632315037816368
0.968000000000000000,0.948640000000000000,1.054140664530274919,1.105414066453027491
0.970000000000000000,0.950600000000000000,1.051967178624026930,1.105196717862402693
0.972000000000000000,0.952560000000000000,1.049802637104224405,1.104980263710422440
0.974000000000000000,0.954520000000000000,1.047646984871977538,1.104764698487197753
0.976000000000000000,0.956480000000000000,1.045500167280026764,1.104550016728002676
0.978000000000000000,0.958440000000000000,1.043362130128124869,1.104336213012812486
0.980000000000000000,0.960400000000000000,1.041232819658475635,1.104123281965847563
0.982000000000000000,0.962360000000000000,1.039112182551228230,1.103911218255122823
0.984000000000000000,0.964320000000000000,1.037000165920026547,1.103700016592002654
0.986000000000000000,0.966280000000000000,1.034896717307612700,1.103489671730761270
0.988000000000000000,0.968240000000000000,1.032801784681483929,1.103280178468148392
0.990000000000000000,0.970200000000000000,1.030715316429602143,1.103071531642960214
0.992000000000000000,0.972160000000000000,1.028637261356155365,1.102863726135615536
0.994000000000000000,0.974120000000000000,1.026567568677370344,1.102656756867737034
0.996000000000000000,0.976080000000000000,1.024506188017375624,1.102450618801737562
0.998000000000000000,0.978040000000000000,1.022453069404114351,1.102245306940411435
1.000000000000000000,0.980000000000000000,1.020408163265306122,1.102040816326530612
1.002000000000000000,0.981960000000000000,1.018371420424457208,1.101837142042445720
1.004000000000000000,0.983920000000000000,1.016342792096918448,1.101634279209691844
1.006000000000000000,0.985880000000000000,1.014322229885990181,1.101432222988599018
1.008000000000000000,0.987840000000000000,1.012309685779073534,1.101230968577907353
1.010000000000000000,0.989800000000000000,1.010305112143867447,1.101030511214386744
1.012000000000000000,0.991760000000000000,1.008308461724610792,1.100830846172461079
1.014000000000000000,0.993627550000000000,1.006413318551805452,1.100641331855180545
1.016000000000000000,0.995256800000000000,1.004765805167068439,1.100476580516706843
1.018000000000000000,0.996645950000000000,1.003365337510276342,1.100336533751027634
1.020000000000000000,0.997795000000000000,1.002209872769456651,1.100220987276945665
1.022000000000000000,0.998703950000000000,1.001297731925461995,1.100129773192546199
1.024000000000000000,0.999372800000000000,1.000627593626722680,1.100062759362672268
1.026000000000000000,0.999801550000000000,1.000198489390219489,1.100019848939021948
1.028000000000000000,0.999990200000000000,1.000009800096040941,1.100000980009604094
1.030000000000000000,1.000000000000000000,1.000000000000000000,1.100000000000000000
1.032000000000000000,1.000000000000000000,1.000000000000000000,1.100000000000000000
1.034000000000000000,1.000000000000000000,1.000000000000000000,1.100000000000000000
1.036000000000000000,1.000000000000000000,1.000000000000000000,1.100000000000000000
1.038000000000000000,1.000000000000000000,1.000000000000000000,1.100000000000000000
1.040000000000000000,1.000000000000000000,1.000000000000000000,1.100000000000000000
1.042000000000000000,1.000000000000000000,1.000000000000000000,1.100000000000000000
1.044000000000000000,1.000000000000000000,1.000000000000000000,1.100000000000000000
1.046000000000000000,1.000000000000000000,1.000000000000000000,1.100000000000000000
1.048000000000000000,1.000000000000000000,1.000000000000000000,1.100000000000000000
1.050000000000000000,1.000000000000000000,1.000000000000000000,1.100000000000000000
1.052000000000000000,1.000000000000000000,1.000000000000000000,1.100000000000000000
1.054000000000000000,1.000000000000000000,1.000000000000000000,1.100000000000000000
1.056000000000000000,1.000000000000000000,1.000000000000000000,1.100000000000000000
1.058000000000000000,1.000000000000000000,1.000000000000000000,1.100000000000000000
1.060000000000000000,1.000000000000000000,1.000000000000000000,1.100000000000000000
1.062000000000000000,1.000000000000000000,1.000000000000000000,1.100000000000000000
1.064000000000000000,1.000000000000000000,1.000000000000000000,1.100000000000000000
1.066000000000000000,1.000000000000000000,1.000000000000000000,1.100000000000000000
1.068000000000000000,1.000000000000000000,1.000000000000000000,1.100000000000000000
1.070000000000000000,1.000000000000000000,1.000000000000000000,1.100000000000000000
1.072000000000000000,1.000000000000000000,1.000000000000000000,1.100000000000000000
1.074000000000000000,1.000000000000000000,1.000000000000000000,1.100000000000000000
1.076000000000000000,1.000000000000000000,1.000000000000000000,1.100000000000000000
1.078000000000000000,1.000000000000000000,1.000000000000000000,1.100000000000000000
1.080000000000000000,1.000000000000000000,1.000000000000000000,1.100000000000000000
1.082000000000000000,1.000000000000000000,1.000000000000000000,1.100000000000000000
1.084000000000000000,1.000000000000000000,1.000000000000000000,1.100000000000000000
1.086000000000000000,1.000000000000000000,1.000000000000000000,1.100000000000000000
1.088000000000000000,1.000000000000000000,1.000000000000000000,1.100000000000000000
1.090000000000000000,1.000000000000000000,1.000000000000000000,1.100000000000000000
1.092000000000000000,1.000000000000000000,1.000000000000000000,1.100000000000000000
1.094000000000000000,1.000000000000000000,1.000000000000000000,1.100000000000000000
1.096000000000000000,1.000000000000000000,1.000000000000000000,1.100000000000000000
1.098000000000000000,1.000000000000000000,1.000000000000000000,1.100000000000000000
1.100000000000000000,1.000000000000000000,1.000000000000000000,1.100000000000000000
1.102000000000000000,1.000000000000000000,1.000000000000000000,1.100000000000000000
1.104000000000000000,1.000000000000000000,1.000000000000000000,1.100000000000000000
1.106000000000000000,1.000000000000000000,1.000000000000000000,1.100000000000000000
1.108000000000000000,1.000000000000000000,1.000000000000000000,1.100000000000000000
1.110000000000000000,1.000000000000000000,1.000000000000000000,1.100000000000000000
1.112000000000000000,1.000000000000000000,1.000000000000000000,1.100000000000000000
1.114000000000000000,1.000000000000000000,1.000000000000000000,1.100000000000000000
1.116000000000000000,1.000000000000000000,1.000000000000000000,1.100000000000000000
1.118000000000000000,1.000000000000000000,1.000000000000000000,1.100000000000000000
1.120000000000000000,1.000000000000000000,1.000000000000000000,1.100000000000000000
1.122000000000000000,1.000000000000000000,1.000000000000000000,1.100000000000000000
1.124000000000000000,1.000000000000000000,1.000000000000000000,1.100000000000000000
1.126000000000000000,1.000000000000000000,1.000000000000000000,1.100000000000000000
1.128000000000000000,1.000000000000000000,1.000000000000000000,1.100000000000000000
1.130000000000000000,1.000000000000000000,1.000000000000000000,1.100000000000000000
1.132000000000000000,1.000000000000000000,1.000000000000000000,1.100000000000000000
1.134000000000000000,1.000000000000000000,1.000000000000000000,1.100000000000000000
1.136000000000000000,1.000000000000000000,1.000000000000000000,1.100000000000000000
1.138000000000000000,1.000000000000000000,1.000000000000000000,1.100000000000000000
1.140000000000000000,1.000000000000000000,1.000000000000000000,1.100000000000000000
1.142000000000000000,1.000000000000000000,1.000000000000000000,1.100000000000000000
1.144000000000000000,1.000000000000000000,1.000000000000000000,1.100000000000000000
1.146000000000000000,1.000000000000000000,1.000000000000000000,1.100000000000000000
1.148000000000000000,1.000000000000000000,1.000000000000000000,1.100000000000000000
1.150000000000000000,1.000000000000000000,1.000000000000000000,1.100000000000000000
1.152000000000000000,1.000000000000000000,1.000000000000000000,1.100000000000000000
1.154000000000000000,1.000000000000000000,1.000000000000000000,1.100000000000000000
1.156000000000000000,1.000000000000000000,1.000000000000000000,1.100000000000000000
1.158000000000000000,1.000000000000000000,1.000000000000000000,1.100000000000000000
1.160000000000000000,1.000000000000000000,1.000000000000000000,1.100000000000000000
1.162000000000000000,1.000000000000000000,1.000000000000000000,1.100000000000000000
1.164000000000000000,1.000000000000000000,1.000000000000000000,1.100000000000000000
1.166000000000000000,1.000000000000000000,1.000000000000000000,1.100000000000000000
1.168000000000000000,1.000000000000000000,1.000000000000000000,1.100000000000000000
1.170000000000000000,1.000000000000000000,1.000000000000000000,1.100000000000000000
1.172000000000000000,1.000000000000000000,1.000000000000000000,1.100000000000000000
1.174000000000000000,1.000000000000000000,1.000000000000000000,1.100000000000000000
1.176000000000000000,1.000000000000000000,1.000000000000000000,1.100000000000000000
1.178000000000000000,1.000000000000000000,1.000000000000000000,1.100000000000000000
1.180000000000000000,1.000000000000000000,1.000000000000000000,1.100000000000000000
1.182000000000000000,1.000000000000000000,1.000000000000000000,1.100000000000000000
1.184000000000000000,1.000000000000000000,1.000000000000000000,1.100000000000000000
1.186000000000000000,1.000000000000000000,1.000000000000000000,1.100000000000000000
1.188000000000000000,1.000000000000000000,1.000000000000000000,1.100000000000000000
1.190000000000000000,1.000000000000000000,1.000000000000000000,1.100000000000000000
1.192000000000000000,1.000000000000000000,1.000000000000000000,1.100000000000000000
1.194000000000000000,1.000000000000000000,1.000000000000000000,1.100000000000000000
1.196000000000000000,1.000000000000000000,1.000000000000000000,1.100000000000000000
1.198000000000000000,1.000000000000000000,1.000000000000000000,1.100000000000000000
1.200000000000000000,1.000000000000000000,1.000000000000000000,1.100000000000000000
1.202000000000000000,1.000000000000000000,1.000000000000000000,1.100000000000000000
1.204000000000000000,1.000000000000000000,1.000000000000000000,1.100000000000000000
1.206000000000000000,1.000000000000000000,1.000000000000000000,1.100000000000000000
1.208000000000000000,1.000000000000000000,1.000000000000000000,1.100000000000000000
1.210000000000000000,1.000000000000000000,1.000000000000000000,1.100000000000000000
1.212000000000000000,1.000000000000000000,1.000000000000000000,1.100000000000000000
1.214000000000000000,1.000000000000000000,1.000000000000000000,1.100000000000000000
1.216000000000000000,1.000000000000000000,1.000000000000000000,1.100000000000000000
1.218000000000000000,1.000000000000000000,1.000000000000000000,1.100000000000000000
1.220000000000000000,1.000000000000000000,1.000000000000000000,1.100000000000000000
1.222000000000000000,1.000000000000000000,1.000000000000000000,1.100000000000000000
1.224000000000000000,1.000000000000000000,1.000000000000000000,1.100000000000000000
1.226000000000000000,1.000000000000000000,1.000000000000000000,1.100000000000000000
1.228000000000000000,1.000000000000000000,1.000000000000000000,1.100000000000000000
1.230000000000000000,1.000000000000000000,1.000000000000000000,1.100000000000000000
1.232000000000000000,1.000000000000000000,1.000000000000000000,1.100000000000000000
1.234000000000000000,1.000000000000000000,1.000000000000000000,1.100000000000000000
1.236000000000000000,1.000000000000000000,1.000000000000000000,1.100000000000000000
1.238000000000000000,1.000000000000000000,1.000000000000000000,1.100000000000000000
1.240000000000000000,1.000000000000000000,1.000000000000000000,1.100000000000000000
1.242000000000000000,1.000000000000000000,1.000000000000000000,1.100000000000000000
1.244000000000000000,1.000000000000000000,1.000000000000000000,1.100000000000000000
1.246000000000000000,1.000000000000000000,1.000000000000000000,1.100000000000000000
1.248000000000000000,1.000000000000000000,1.000000000000000000,1.100000000000000000
1.250000000000000000,1.000000000000000000,1.000000000000000000,1.100000000000000000
1.252000000000000000,1.000000000000000000,1.000000000000000000,1.100000000000000000
1.254000000000000000,1.000000000000000000,1.000000000000000000,1.100000000000000000
1.256000000000000000,1.000000000000000000,1.000000000000000000,1.100000000000000000
1.258000000000000000,1.000000000000000000,1.000000000000000000,1.100000000000000000
1.260000000000000000,1.000000000000000000,1.000000000000000000,1.100000000000000000
1.262000000000000000,1.000000000000000000,1.000000000000000000,1.100000000000000000
1.264000000000000000,1.000000000000000000,1.000000000000000000,1.100000000000000000
1.266000000000000000,1.000000000000000000,1.000000000000000000,1.100000000000000000
1.268000000000000000,1.000000000000000000,1.000000000000000000,1.100000000000000000
1.270000000000000000,1.000000000000000000,1.000000000000000000,1.100000000000000000
1.272000000000000000,1.000000000000000000,1.000000000000000000,1.100000000000000000
1.274000000000000000,1.000000000000000000,1.000000000000000000,1.100000000000000000
1.276000000000000000,1.000000000000000000,1.000000000000000000,1.100000000000000000
1.278000000000000000,1.000000000000000000,1.000000000000000000,1.100000000000000000
1.280000000000000000,1.000000000000000000,1.000000000000000000,1.100000000000000000
1.282000000000000000,1.000000000000000000,1.000000000000000000,1.100000000000000000
1.284000000000000000,1.000000000000000000,1.000000000000000000,1.100000000000000000
1.286000000000000000,1.000000000000000000,1.000000000000000000,1.100000000000000000
1.288000000000000000,1.000000000000000000,1.000000000000000000,1.100000000000000000
1.290000000000000000,1.000000000000000000,1.000000000000000000,1.100000000000000000
1.292000000000000000,1.000000000000000000,1.000000000000000000,1.100000000000000000
1.294000000000000000,1.000000000000000000,1.000000000000000000,1.100000000000000000
1.296000000000000000,1.000000000000000000,1.000000000000000000,1.100000000000000000
1.298000000000000000,1.000000000000000000,1.000000000000000000,1.100000000000000000
1.300000000000000000,1.000000000000000000,1.000000000000000000,1.100000000000000000
1.302000000000000000,1.000000000000000000,1.000000000000000000,1.100000000000000000
1.304000000000000000,1.000000000000000000,1.000000000000000000,1.100000000000000000
1.306000000000000000,1.000000000000000000,1.000000000000000000,1.100000000000000000
1.308000000000000000,1.000000000000000000,1.000000000000000000,1.100000000000000000
1.310000000000000000,1.000000000000000000,1.000000000000000000,1.100000000000000000
1.312000000000000000,1.000000000000000000,1.000000000000000000,1.100000000000000000
1.314000000000000000,1.000000000000000000,1.000000000000000000,1.100000000000000000
1.316000000000000000,1.000000000000000000,1.000000000000000000,1.100000000000000000
1.318000000000000000,1.000000000000000000,1.000000000000000000,1.100000000000000000
1.320000000000000000,1.000000000000000000,1.000000000000000000,1.100000000000000000
1.322000000000000000,1.000000000000000000,1.000000000000000000,1.100000000000000000
1.324000000000000000,1.000000000000000000,1.000000000000000000,1.100000000000000000
1.326000000000000000,1.000000000000000000,1.000000000000000000,1.100000000000000000
1.328000000000000000,1.000000000000000000,1.000000000000000000,1.100000000000000000
1.330000000000000000,1.000000000000000000,1.000000000000000000,1.100000000000000000
1.332000000000000000,1.000000000000000000,1.000000000000000000,1.100000000000000000
1.334000000000000000,1.000000000000000000,1.000000000000000000,1.100000000000000000
1.336000000000000000,1.000000000000000000,1.000000000000000000,1.100000000000000000
1.338000000000000000,1.000000000000000000,1.000000000000000000,1.100000000000000000
1.340000000000000000,1.000000000000000000,1.000000000000000000,1.100000000000000000
1.342000000000000000,1.000000000000000000,1.000000000000000000,1.100000000000000000
1.344000000000000000,1.000000000000000000,1.000000000000000000,1.100000000000000000
1.346000000000000000,1.000000000000000000,1.000000000000000000,1.100000000000000000
1.348000000000000000,1.000000000000000000,1.000000000000000000,1.100000000000000000
1.350000000000000000,1.000000000000000000,1.000000000000000000,1.100000000000000000
1.352000000000000000,1.000000000000000000,1.000000000000000000,1.100000000000000000
1.354000000000000000,1.000000000000000000,1.000000000000000000,1.100000000000000000
1.356000000000000000,1.000000000000000000,1.000000000000000000,1.100000000000000000
1.358000000000000000,1.000000000000000000,1.000000000000000000,1.100000000000000000
1.360000000000000000,1.000000000000000000,1.000000000000000000,1.100000000000000000
1.362000000000000000,1.000000000000000000,1.000000000000000000,1.100000000000000000
1.364000000000000000,1.000000000000000000,1.000000000000000000,1.100000000000000000
1.366000000000000000,1.000000000000000000,1.000000000000000000,1.100000000000000000
1.368000000000000000,1.000000000000000000,1.000000000000000000,1.100000000000000000
1.370000000000000000,1.000000000000000000,1.000000000000000000,1.100000000000000000
1.372000000000000000,1.000000000000000000,1.000000000000000000,1.100000000000000000
1.374000000000000000,1.000000000000000000,1.000000000000000000,1.100000000000000000
1.376000000000000000,1.000000000000000000,1.000000000000000000,1.100000000000000000
1.378000000000000000,1.000000000000000000,1.000000000000000000,1.100000000000000000
1.380000000000000000,1.000000000000000000,1.000000000000000000,1.100000000000000000
1.382000000000000000,1.000000000000000000,1.000000000000000000,1.100000000000000000
1.384000000000000000,1.000000000000000000,1.000000000000000000,1.100000000000000000
1.386000000000000000,1.000000000000000000,1.000000000000000000,1.100000000000000000
1.388000000000000000,1.000000000000000000,1.000000000000000000,1.100000000000000000
1.390000000000000000,1.000000000000000000,1.000000000000000000,1.100000000000000000
1.392000000000000000,1.000000000000000000,1.000000000000000000,1.100000000000000000
1.394000000000000000,1.000000000000000000,1.000000000000000000,1.100000000000000000
1.396000000000000000,1.000000000000000000,1.000000000000000000,1.100000000000000000
1.398000000000000000,1.000000000000000000,1.000000000000000000,1.100000000000000000
1.400000000000000000,1.000000000000000000,1.000000000000000000,1.100000000000000000
1.402000000000000000,1.000000000000000000,1.000000000000000000,1.100000000000000000
1.404000000000000000,1.000000000000000000,1.000000000000000000,1.100000000000000000
1.406000000000000000,1.000000000000000000,1.000000000000000000,1.100000000000000000
1.408000000000000000,1.000000000000000000,1.000000000000000000,1.100000000000000000
1.410000000000000000,1.000000000000000000,1.000000000000000000,1.100000000000000000
1.412000000000000000,1.000000000000000000,1.000000000000000000,1.100000000000000000
1.414000000000000000,1.000000000000000000,1.000000000000000000,1.100000000000000000
1.416000000000000000,1.000000000000000000,1.000000000000000000,1.100000000000000000
1.418000000000000000,1.000000000000000000,1.000000000000000000,1.100000000000000000
1.420000000000000000,1.000000000000000000,1.000000000000000000,1.100000000000000000
1.422000000000000000,1.000000000000000000,1.000000000000000000,1.100000000000000000
1.424000000000000000,1.000000000000000000,1.000000000000000000,1.100000000000000000
1.426000000000000000,1.000000000000000000,1.000000000000000000,1.100000000000000000
1.428000000000000000,1.000000000000000000,1.000000000000000000,1.100000000000000000
1.430000000000000000,1.000000000000000000,1.000000000000000000,1.100000000000000000
1.432000000000000000,1.000000000000000000,1.000000000000000000,1.100000000000000000
1.434000000000000000,1.000000000000000000,1.000000000000000000,1.100000000000000000
1.436000000000000000,1.000000000000000000,1.000000000000000000,1.100000000000000000
1.438000000000000000,1.000000000000000000,1.000000000000000000,1.100000000000000000
1.440000000000000000,1.000000000000000000,1.000000000000000000,1.100000000000000000
1.442000000000000000,1.000000000000000000,1.000000000000000000,1.100000000000000000
1.444000000000000000,1.000000000000000000,1.000000000000000000,1.100000000000000000
1.446000000000000000,1.000000000000000000,1.000000000000000000,1.100000000000000000
1.448000000000000000,1.000000000000000000,1.000000000000000000,1.100000000000000000
1.450000000000000000,1.000000000000000000,1.000000000000000000,1.100000000000000000
1.452000000000000000,1.000000000000000000,1.000000000000000000,1.100000000000000000
1.454000000000000000,1.000000000000000000,1.000000000000000000,1.100000000000000000
1.456000000000000000,1.000000000000000000,1.000000000000000000,1.100000000000000000
1.458000000000000000,1.000000000000000000,1.000000000000000000,1.100000000000000000
1.460000000000000000,1.000000000000000000,1.000000000000000000,1.100000000000000000
1.462000000000000000,1.000000000000000000,1.000000000000000000,1.100000000000000000
1.464000000000000000,1.000000000000000000,1.000000000000000000,1.100000000000000000
1.466000000000000000,1.000000000000000000,1.000000000000000000,1.100000000000000000
1.468000000000000000,1.000000000000000000,1.000000000000000000,1.100000000000000000
1.470000000000000000,1.000000000000000000,1.000000000000000000,1.100000000000000000
1.472000000000000000,1.000000000000000000,1.000000000000000000,1.100000000000000000
1.474000000000000000,1.000000000000000000,1.000000000000000000,1.100000000000000000
1.476000000000000000,1.000000000000000000,1.000000000000000000,1.100000000000000000
1.478000000000000000,1.000000000000000000,1.000000000000000000,1.100000000000000000
1.480000000000000000,1.000000000000000000,1.000000000000000000,1.100000000000000000
1.482000000000000000,1.000000000000000000,1.000000000000000000,1.100000000000000000
1.484000000000000000,1.000000000000000000,1.000000000000000000,1.100000000000000000
1.486000000000000000,1.000000000000000000,1.000000000000000000,1.100000000000000000
1.488000000000000000,1.000000000000000000,1.000000000000000000,1.100000000000000000
1.490000000000000000,1.000000000000000000,1.000000000000000000,1.100000000000000000
1.492000000000000000,1.000000000000000000,1.000000000000000000,1.100000000000000000
1.494000000000000000,1.000000000000000000,1.000000000000000000,1.100000000000000000
1.496000000000000000,1.000000000000000000,1.000000000000000000,1.100000000000000000
1.498000000000000000,1.000000000000000000,1.000000000000000000,1.100000000000000000
1.500000000000000000,1.000000000000000000,1.000000000000000000,1.100000000000000000
1.502000000000000000,1.000000000000000000,1.000000000000000000,1.100000000000000000
1.504000000000000000,1.000000000000000000,1.000000000000000000,1.100000000000000000
1.506000000000000000,1.000000000000000000,1.000000000000000000,1.100000000000000000
1.508000000000000000,1.000000000000000000,1.000000000000000000,1.100000000000000000
1.510000000000000000,1.000000000000000000,1.000000000000000000,1.100000000000000000
1.512000000000000000,1.000000000000000000,1.000000000000000000,1.100000000000000000
1.514000000000000000,1.000000000000000000,1.000000000000000000,1.100000000000000000
1.516000000000000000,1.000000000000000000,1.000000000000000000,1.100000000000000000
1.518000000000000000,1.000000000000000000,1.000000000000000000,1.100000000000000000
1.520000000000000000,1.000000000000000000,1.000000000000000000,1.100000000000000000
1.522000000000000000,1.000000000000000000,1.000000000000000000,1.100000000000000000
1.524000000000000000,1.000000000000000000,1.000000000000000000,1.100000000000000000
1.526000000000000000,1.000000000000000000,1.000000000000000000,1.100000000000000000
1.528000000000000000,1.000000000000000000,1.000000000000000000,1.100000000000000000
1.530000000000000000,1.000000000000000000,1.000000000000000000,1.100000000000000000
1.532000000000000000,1.000000000000000000,1.000000000000000000,1.100000000000000000
1.534000000000000000,1.000000000000000000,1.000000000000000000,1.100000000000000000
1.536000000000000000,1.000000000000000000,1.000000000000000000,1.100000000000000000
1.538000000000000000,1.000000000000000000,1.000000000000000000,1.100000000000000000
1.540000000000000000,1.000000000000000000,1.000000000000000000,1.100000000000000000
1.542000000000000000,1.000000000000000000,1.000000000000000000,1.100000000000000000
1.544000000000000000,1.000000000000000000,1.000000000000000000,1.100000000000000000
1.546000000000000000,1.000000000000000000,1.000000000000000000,1.100000000000000000
1.548000000000000000,1.000000000000000000,1.000000000000000000,1.100000000000000000
1.550000000000000000,1.000000000000000000,1.000000000000000000,1.100000000000000000
1.552000000000000000,1.000000000000000000,1.000000000000000000,1.100000000000000000
1.554000000000000000,1.000000000000000000,1.000000000000000000,1.100000000000000000
1.556000000000000000,1.000000000000000000,1.000000000000000000,1.100000000000000000
1.558000000000000000,1.000000000000000000,1.000000000000000000,1.100000000000000000
1.560000000000000000,1.000000000000000000,1.000000000000000000,1.100000000000000000
1.562000000000000000,1.000000000000000000,1.000000000000000000,1.100000000000000000
1.564000000000000000,1.000000000000000000,1.000000000000000000,1.100000000000000000
1.566000000000000000,1.000000000000000000,1.000000000000000000,1.100000000000000000
1.568000000000000000,1.000000000000000000,1.000000000000000000,1.100000000000000000
1.570000000000000000,1.000000000000000000,1.000000000000000000,1.100000000000000000
1.572000000000000000,1.000000000000000000,1.000000000000000000,1.100000000000000000
1.574000000000000000,1.000000000000000000,1.000000000000000000,1.100000000000000000
1.576000000000000000,1.000000000000000000,1.000000000000000000,1.100000000000000000
1.578000000000000000,1.000000000000000000,1.000000000000000000,1.100000000000000000
1.580000000000000000,1.000000000000000000,1.000000000000000000,1.100000000000000000
1.582000000000000000,1.000000000000000000,1.000000000000000000,1.100000000000000000
1.584000000000000000,1.000000000000000000,1.000000000000000000,1.100000000000000000
1.586000000000000000,1.000000000000000000,1.000000000000000000,1.100000000000000000
1.588000000000000000,1.000000000000000000,1.000000000000000000,1.100000000000000000
1.590000000000000000,1.000000000000000000,1.000000000000000000,1.100000000000000000
1.592000000000000000,1.000000000000000000,1.000000000000000000,1.100000000000000000
1.594000000000000000,1.000000000000000000,1.000000000000000000,1.100000000000000000
1.596000000000000000,1.000000000000000000,1.000000000000000000,1.100000000000000000
1.598000000000000000,1.000000000000000000,1.000000000000000000,1.100000000000000000
1.600000000000000000,1.000000000000000000,1.000000000000000000,1.100000000000000000
