Collateral,Collateral Price,Pegged,PeggedTokenPrice,Leveraged,LeveragedTokenPrice,Invariant,CollateralRatio,LeveragedRatio,CommandStatus
19.090000000000000000,2000.000000000000000000,20000.000000000000000000,1.000000000000000000,20200.000000000000000000,1.000000000000000000,-2020.000000000000000000,1.909000000000000000,1.890099009900990099,0.000000000000000000
19.180000000000000000,2000.000000000000000000,20000.000000000000000000,1.000000000000000000,20400.000000000000000000,1.000000000000000000,-2040.000000000000000000,1.918000000000000000,1.880392156862745098,0.000000000000000000
19.270000000000000000,2000.000000000000000000,20000.000000000000000000,1.000000000000000000,20600.000000000000000000,1.000000000000000000,-2060.000000000000000000,1.927000000000000000,1.870873786407766990,0.000000000000000000
19.360000000000000000,2000.000000000000000000,20000.000000000000000000,1.000000000000000000,20800.000000000000000000,1.000000000000000000,-2080.000000000000000000,1.936000000000000000,1.861538461538461538,0.000000000000000000
19.450000000000000000,2000.000000000000000000,20000.000000000000000000,1.000000000000000000,21000.000000000000000000,1.000000000000000000,-2100.000000000000000000,1.945000000000000000,1.852380952380952380,0.000000000000000000
19.540000000000000000,2000.000000000000000000,20000.000000000000000000,1.000000000000000000,21200.000000000000000000,1.000000000000000000,-2120.000000000000000000,1.954000000000000000,1.843396226415094339,0.000000000000000000
19.630000000000000000,2000.000000000000000000,20000.000000000000000000,1.000000000000000000,21400.000000000000000000,1.000000000000000000,-2140.000000000000000000,1.963000000000000000,1.834579439252336448,0.000000000000000000
19.720000000000000000,2000.000000000000000000,20000.000000000000000000,1.000000000000000000,21600.000000000000000000,1.000000000000000000,-2160.000000000000000000,1.972000000000000000,1.825925925925925925,0.000000000000000000
19.810000000000000000,2000.000000000000000000,20000.000000000000000000,1.000000000000000000,21800.000000000000000000,1.000000000000000000,-2180.000000000000000000,1.981000000000000000,1.817431192660550458,0.000000000000000000
19.900000000000000000,2000.000000000000000000,20000.000000000000000000,1.000000000000000000,22000.000000000000000000,1.000000000000000000,-2200.000000000000000000,1.990000000000000000,1.809090909090909090,0.000000000000000000
19.990000000000000000,2000.000000000000000000,20000.000000000000000000,1.000000000000000000,22200.000000000000000000,1.000000000000000000,-2220.000000000000000000,1.999000000000000000,1.800900900900900900,0.000000000000000000
20.080000000000000000,2000.000000000000000000,20000.000000000000000000,1.000000000000000000,22400.000000000000000000,1.000000000000000000,-2240.000000000000000000,2.008000000000000000,1.792857142857142857,0.000000000000000000
20.170000000000000000,2000.000000000000000000,20000.000000000000000000,1.000000000000000000,22600.000000000000000000,1.000000000000000000,-2260.000000000000000000,2.017000000000000000,1.784955752212389380,0.000000000000000000
20.260000000000000000,2000.000000000000000000,20000.000000000000000000,1.000000000000000000,22800.000000000000000000,1.000000000000000000,-2280.000000000000000000,2.026000000000000000,1.777192982456140350,0.000000000000000000
20.350000000000000000,2000.000000000000000000,20000.000000000000000000,1.000000000000000000,23000.000000000000000000,1.000000000000000000,-2300.000000000000000000,2.035000000000000000,1.769565217391304347,0.000000000000000000
20.440000000000000000,2000.000000000000000000,20000.000000000000000000,1.000000000000000000,23200.000000000000000000,1.000000000000000000,-2320.000000000000000000,2.044000000000000000,1.762068965517241379,0.000000000000000000
20.530000000000000000,2000.000000000000000000,20000.000000000000000000,1.000000000000000000,23400.000000000000000000,1.000000000000000000,-2340.000000000000000000,2.053000000000000000,1.754700854700854700,0.000000000000000000
20.620000000000000000,2000.000000000000000000,20000.000000000000000000,1.000000000000000000,23600.000000000000000000,1.000000000000000000,-2360.000000000000000000,2.062000000000000000,1.747457627118644067,0.000000000000000000
20.710000000000000000,2000.000000000000000000,20000.000000000000000000,1.000000000000000000,23800.000000000000000000,1.000000000000000000,-2380.000000000000000000,2.071000000000000000,1.740336134453781512,0.000000000000000000
20.800000000000000000,2000.000000000000000000,20000.000000000000000000,1.000000000000000000,24000.000000000000000000,1.000000000000000000,-2400.000000000000000000,2.080000000000000000,1.733333333333333333,0.000000000000000000
20.890000000000000000,2000.000000000000000000,20000.000000000000000000,1.000000000000000000,24200.000000000000000000,1.000000000000000000,-2420.000000000000000000,2.089000000000000000,1.726446280991735537,0.000000000000000000
20.980000000000000000,2000.000000000000000000,20000.000000000000000000,1.000000000000000000,24400.000000000000000000,1.000000000000000000,-2440.000000000000000000,2.098000000000000000,1.719672131147540983,0.000000000000000000
21.070000000000000000,2000.000000000000000000,20000.000000000000000000,1.000000000000000000,24600.000000000000000000,1.000000000000000000,-2460.000000000000000000,2.107000000000000000,1.713008130081300813,0.000000000000000000
21.160000000000000000,2000.000000000000000000,20000.000000000000000000,1.000000000000000000,24800.000000000000000000,1.000000000000000000,-2480.000000000000000000,2.116000000000000000,1.706451612903225806,0.000000000000000000
21.250000000000000000,2000.000000000000000000,20000.000000000000000000,1.000000000000000000,25000.000000000000000000,1.000000000000000000,-2500.000000000000000000,2.125000000000000000,1.700000000000000000,0.000000000000000000
21.340000000000000000,2000.000000000000000000,20000.000000000000000000,1.000000000000000000,25200.000000000000000000,1.000000000000000000,-2520.000000000000000000,2.134000000000000000,1.693650793650793650,0.000000000000000000
21.430000000000000000,2000.000000000000000000,20000.000000000000000000,1.000000000000000000,25400.000000000000000000,1.000000000000000000,-2540.000000000000000000,2.143000000000000000,1.687401574803149606,0.000000000000000000
21.520000000000000000,2000.000000000000000000,20000.000000000000000000,1.000000000000000000,25600.000000000000000000,1.000000000000000000,-2560.000000000000000000,2.152000000000000000,1.681250000000000000,0.000000000000000000
21.610000000000000000,2000.000000000000000000,20000.000000000000000000,1.000000000000000000,25800.000000000000000000,1.000000000000000000,-2580.000000000000000000,2.161000000000000000,1.675193798449612403,0.000000000000000000
21.700000000000000000,2000.000000000000000000,20000.000000000000000000,1.000000000000000000,26000.000000000000000000,1.000000000000000000,-2600.000000000000000000,2.170000000000000000,1.669230769230769230,0.000000000000000000
21.790000000000000000,2000.000000000000000000,20000.000000000000000000,1.000000000000000000,26200.000000000000000000,1.000000000000000000,-2620.000000000000000000,2.179000000000000000,1.663358778625954198,0.000000000000000000
21.880000000000000000,2000.000000000000000000,20000.000000000000000000,1.000000000000000000,26400.000000000000000000,1.000000000000000000,-2640.000000000000000000,2.188000000000000000,1.657575757575757575,0.000000000000000000
21.970000000000000000,2000.000000000000000000,20000.000000000000000000,1.000000000000000000,26600.000000000000000000,1.000000000000000000,-2660.000000000000000000,2.197000000000000000,1.651879699248120300,0.000000000000000000
22.060000000000000000,2000.000000000000000000,20000.000000000000000000,1.000000000000000000,26800.000000000000000000,1.000000000000000000,-2680.000000000000000000,2.206000000000000000,1.646268656716417910,0.000000000000000000
22.150000000000000000,2000.000000000000000000,20000.000000000000000000,1.000000000000000000,27000.000000000000000000,1.000000000000000000,-2700.000000000000000000,2.215000000000000000,1.640740740740740740,0.000000000000000000
22.240000000000000000,2000.000000000000000000,20000.000000000000000000,1.000000000000000000,27200.000000000000000000,1.000000000000000000,-2720.000000000000000000,2.224000000000000000,1.635294117647058823,0.000000000000000000
22.330000000000000000,2000.000000000000000000,20000.000000000000000000,1.000000000000000000,27400.000000000000000000,1.000000000000000000,-2740.000000000000000000,2.233000000000000000,1.629927007299270072,0.000000000000000000
22.420000000000000000,2000.000000000000000000,20000.000000000000000000,1.000000000000000000,27600.000000000000000000,1.000000000000000000,-2760.000000000000000000,2.242000000000000000,1.624637681159420289,0.000000000000000000
22.510000000000000000,2000.000000000000000000,20000.000000000000000000,1.000000000000000000,27800.000000000000000000,1.000000000000000000,-2780.000000000000000000,2.251000000000000000,1.619424460431654676,0.000000000000000000
22.600000000000000000,2000.000000000000000000,20000.000000000000000000,1.000000000000000000,28000.000000000000000000,1.000000000000000000,-2800.000000000000000000,2.260000000000000000,1.614285714285714285,0.000000000000000000
22.690000000000000000,2000.000000000000000000,20000.000000000000000000,1.000000000000000000,28200.000000000000000000,1.000000000000000000,-2820.000000000000000000,2.269000000000000000,1.609219858156028368,0.000000000000000000
22.780000000000000000,2000.000000000000000000,20000.000000000000000000,1.000000000000000000,28400.000000000000000000,1.000000000000000000,-2840.000000000000000000,2.278000000000000000,1.604225352112676056,0.000000000000000000
22.870000000000000000,2000.000000000000000000,20000.000000000000000000,1.000000000000000000,28600.000000000000000000,1.000000000000000000,-2860.000000000000000000,2.287000000000000000,1.599300699300699300,0.000000000000000000
22.960000000000000000,2000.000000000000000000,20000.000000000000000000,1.000000000000000000,28800.000000000000000000,1.000000000000000000,-2880.000000000000000000,2.296000000000000000,1.594444444444444444,0.000000000000000000
23.050000000000000000,2000.000000000000000000,20000.000000000000000000,1.000000000000000000,29000.000000000000000000,1.000000000000000000,-2900.000000000000000000,2.305000000000000000,1.589655172413793103,0.000000000000000000
23.140000000000000000,2000.000000000000000000,20000.000000000000000000,1.000000000000000000,29200.000000000000000000,1.000000000000000000,-2920.000000000000000000,2.314000000000000000,1.584931506849315068,0.000000000000000000
23.230000000000000000,2000.000000000000000000,20000.000000000000000000,1.000000000000000000,29400.000000000000000000,1.000000000000000000,-2940.000000000000000000,2.323000000000000000,1.580272108843537414,0.000000000000000000
23.320000000000000000,2000.000000000000000000,20000.000000000000000000,1.000000000000000000,29600.000000000000000000,1.000000000000000000,-2960.000000000000000000,2.332000000000000000,1.575675675675675675,0.000000000000000000
23.410000000000000000,2000.000000000000000000,20000.000000000000000000,1.000000000000000000,29800.000000000000000000,1.000000000000000000,-2980.000000000000000000,2.341000000000000000,1.571140939597315436,0.000000000000000000
23.500000000000000000,2000.000000000000000000,20000.000000000000000000,1.000000000000000000,30000.000000000000000000,1.000000000000000000,-3000.000000000000000000,2.350000000000000000,1.566666666666666666,0.000000000000000000
23.590000000000000000,2000.000000000000000000,20000.000000000000000000,1.000000000000000000,30200.000000000000000000,1.000000000000000000,-3020.000000000000000000,2.359000000000000000,1.562251655629139072,0.000000000000000000
23.680000000000000000,2000.000000000000000000,20000.000000000000000000,1.000000000000000000,30400.000000000000000000,1.000000000000000000,-3040.000000000000000000,2.368000000000000000,1.557894736842105263,0.000000000000000000
23.770000000000000000,2000.000000000000000000,20000.000000000000000000,1.000000000000000000,30600.000000000000000000,1.000000000000000000,-3060.000000000000000000,2.377000000000000000,1.553594771241830065,0.000000000000000000
23.860000000000000000,2000.000000000000000000,20000.000000000000000000,1.000000000000000000,30800.000000000000000000,1.000000000000000000,-3080.000000000000000000,2.386000000000000000,1.549350649350649350,0.000000000000000000
23.950000000000000000,2000.000000000000000000,20000.000000000000000000,1.000000000000000000,31000.000000000000000000,1.000000000000000000,-3100.000000000000000000,2.395000000000000000,1.545161290322580645,0.000000000000000000
24.040000000000000000,2000.000000000000000000,20000.000000000000000000,1.000000000000000000,31200.000000000000000000,1.000000000000000000,-3120.000000000000000000,2.404000000000000000,1.541025641025641025,0.000000000000000000
24.130000000000000000,2000.000000000000000000,20000.000000000000000000,1.000000000000000000,31400.000000000000000000,1.000000000000000000,-3140.000000000000000000,2.413000000000000000,1.536942675159235668,0.000000000000000000
24.220000000000000000,2000.000000000000000000,20000.000000000000000000,1.000000000000000000,31600.000000000000000000,1.000000000000000000,-3160.000000000000000000,2.422000000000000000,1.532911392405063291,0.000000000000000000
24.310000000000000000,2000.000000000000000000,20000.000000000000000000,1.000000000000000000,31800.000000000000000000,1.000000000000000000,-3180.000000000000000000,2.431000000000000000,1.528930817610062893,0.000000000000000000
24.400000000000000000,2000.000000000000000000,20000.000000000000000000,1.000000000000000000,32000.000000000000000000,1.000000000000000000,-3200.000000000000000000,2.440000000000000000,1.525000000000000000,0.000000000000000000
24.490000000000000000,2000.000000000000000000,20000.000000000000000000,1.000000000000000000,32200.000000000000000000,1.000000000000000000,-3220.000000000000000000,2.449000000000000000,1.521118012422360248,0.000000000000000000
24.580000000000000000,2000.000000000000000000,20000.000000000000000000,1.000000000000000000,32400.000000000000000000,1.000000000000000000,-3240.000000000000000000,2.458000000000000000,1.517283950617283950,0.000000000000000000
24.670000000000000000,2000.000000000000000000,20000.000000000000000000,1.000000000000000000,32600.000000000000000000,1.000000000000000000,-3260.000000000000000000,2.467000000000000000,1.513496932515337423,0.000000000000000000
24.760000000000000000,2000.000000000000000000,20000.000000000000000000,1.000000000000000000,32800.000000000000000000,1.000000000000000000,-3280.000000000000000000,2.476000000000000000,1.509756097560975609,0.000000000000000000
24.850000000000000000,2000.000000000000000000,20000.000000000000000000,1.000000000000000000,33000.000000000000000000,1.000000000000000000,-3300.000000000000000000,2.485000000000000000,1.506060606060606060,0.000000000000000000
24.940000000000000000,2000.000000000000000000,20000.000000000000000000,1.000000000000000000,33200.000000000000000000,1.000000000000000000,-3320.000000000000000000,2.494000000000000000,1.502409638554216867,0.000000000000000000
25.030000000000000000,2000.000000000000000000,20000.000000000000000000,1.000000000000000000,33400.000000000000000000,1.000000000000000000,-3340.000000000000000000,2.503000000000000000,1.498802395209580838,0.000000000000000000
25.120000000000000000,2000.000000000000000000,20000.000000000000000000,1.000000000000000000,33600.000000000000000000,1.000000000000000000,-3360.000000000000000000,2.512000000000000000,1.495238095238095238,0.000000000000000000
25.210000000000000000,2000.000000000000000000,20000.000000000000000000,1.000000000000000000,33800.000000000000000000,1.000000000000000000,-3380.000000000000000000,2.521000000000000000,1.491715976331360946,0.000000000000000000
25.300000000000000000,2000.000000000000000000,20000.000000000000000000,1.000000000000000000,34000.000000000000000000,1.000000000000000000,-3400.000000000000000000,2.530000000000000000,1.488235294117647058,0.000000000000000000
25.390000000000000000,2000.000000000000000000,20000.000000000000000000,1.000000000000000000,34200.000000000000000000,1.000000000000000000,-3420.000000000000000000,2.539000000000000000,1.484795321637426900,0.000000000000000000
25.480000000000000000,2000.000000000000000000,20000.000000000000000000,1.000000000000000000,34400.000000000000000000,1.000000000000000000,-3440.000000000000000000,2.548000000000000000,1.481395348837209302,0.000000000000000000
25.570000000000000000,2000.000000000000000000,20000.000000000000000000,1.000000000000000000,34600.000000000000000000,1.000000000000000000,-3460.000000000000000000,2.557000000000000000,1.478034682080924855,0.000000000000000000
25.660000000000000000,2000.000000000000000000,20000.000000000000000000,1.000000000000000000,34800.000000000000000000,1.000000000000000000,-3480.000000000000000000,2.566000000000000000,1.474712643678160919,0.000000000000000000
25.750000000000000000,2000.000000000000000000,20000.000000000000000000,1.000000000000000000,35000.000000000000000000,1.000000000000000000,-3500.000000000000000000,2.575000000000000000,1.471428571428571428,0.000000000000000000
25.840000000000000000,2000.000000000000000000,20000.000000000000000000,1.000000000000000000,35200.000000000000000000,1.000000000000000000,-3520.000000000000000000,2.584000000000000000,1.468181818181818181,0.000000000000000000
25.930000000000000000,2000.000000000000000000,20000.000000000000000000,1.000000000000000000,35400.000000000000000000,1.000000000000000000,-3540.000000000000000000,2.593000000000000000,1.464971751412429378,0.000000000000000000
26.020000000000000000,2000.000000000000000000,20000.000000000000000000,1.000000000000000000,35600.000000000000000000,1.000000000000000000,-3560.000000000000000000,2.602000000000000000,1.461797752808988764,0.000000000000000000
26.110000000000000000,2000.000000000000000000,20000.000000000000000000,1.000000000000000000,35800.000000000000000000,1.000000000000000000,-3580.000000000000000000,2.611000000000000000,1.458659217877094972,0.000000000000000000
26.200000000000000000,2000.000000000000000000,20000.000000000000000000,1.000000000000000000,36000.000000000000000000,1.000000000000000000,-3600.000000000000000000,2.620000000000000000,1.455555555555555555,0.000000000000000000
26.290000000000000000,2000.000000000000000000,20000.000000000000000000,1.000000000000000000,36200.000000000000000000,1.000000000000000000,-3620.000000000000000000,2.629000000000000000,1.452486187845303867,0.000000000000000000
26.380000000000000000,2000.000000000000000000,20000.000000000000000000,1.000000000000000000,36400.000000000000000000,1.000000000000000000,-3640.000000000000000000,2.638000000000000000,1.449450549450549450,0.000000000000000000
26.470000000000000000,2000.000000000000000000,20000.000000000000000000,1.000000000000000000,36600.000000000000000000,1.000000000000000000,-3660.000000000000000000,2.647000000000000000,1.446448087431693989,0.000000000000000000
26.560000000000000000,2000.000000000000000000,20000.000000000000000000,1.000000000000000000,36800.000000000000000000,1.000000000000000000,-3680.000000000000000000,2.656000000000000000,1.443478260869565217,0.000000000000000000
26.650000000000000000,2000.000000000000000000,20000.000000000000000000,1.000000000000000000,37000.000000000000000000,1.000000000000000000,-3700.000000000000000000,2.665000000000000000,1.440540540540540540,0.000000000000000000
26.740000000000000000,2000.000000000000000000,20000.000000000000000000,1.000000000000000000,37200.000000000000000000,1.000000000000000000,-3720.000000000000000000,2.674000000000000000,1.437634408602150537,0.000000000000000000
26.830000000000000000,2000.000000000000000000,20000.000000000000000000,1.000000000000000000,37400.000000000000000000,1.000000000000000000,-3740.000000000000000000,2.683000000000000000,1.434759358288770053,0.000000000000000000
26.920000000000000000,2000.000000000000000000,20000.000000000000000000,1.000000000000000000,37600.000000000000000000,1.000000000000000000,-3760.000000000000000000,2.692000000000000000,1.431914893617021276,0.000000000000000000
27.010000000000000000,2000.000000000000000000,20000.000000000000000000,1.000000000000000000,37800.000000000000000000,1.000000000000000000,-3780.000000000000000000,2.701000000000000000,1.429100529100529100,0.000000000000000000
27.100000000000000000,2000.000000000000000000,20000.000000000000000000,1.000000000000000000,38000.000000000000000000,1.000000000000000000,-3800.000000000000000000,2.710000000000000000,1.426315789473684210,0.000000000000000000
27.190000000000000000,2000.000000000000000000,20000.000000000000000000,1.000000000000000000,38200.000000000000000000,1.000000000000000000,-3820.000000000000000000,2.719000000000000000,1.423560209424083769,0.000000000000000000
27.280000000000000000,2000.000000000000000000,20000.000000000000000000,1.000000000000000000,38400.000000000000000000,1.000000000000000000,-3840.000000000000000000,2.728000000000000000,1.420833333333333333,0.000000000000000000
27.370000000000000000,2000.000000000000000000,20000.000000000000000000,1.000000000000000000,38600.000000000000000000,1.000000000000000000,-3860.000000000000000000,2.737000000000000000,1.418134715025906735,0.000000000000000000
27.460000000000000000,2000.000000000000000000,20000.000000000000000000,1.000000000000000000,38800.000000000000000000,1.000000000000000000,-3880.000000000000000000,2.746000000000000000,1.415463917525773195,0.000000000000000000
27.550000000000000000,2000.000000000000000000,20000.000000000000000000,1.000000000000000000,39000.000000000000000000,1.000000000000000000,-3900.000000000000000000,2.755000000000000000,1.412820512820512820,0.000000000000000000
27.640000000000000000,2000.000000000000000000,20000.000000000000000000,1.000000000000000000,39200.000000000000000000,1.000000000000000000,-3920.000000000000000000,2.764000000000000000,1.410204081632653061,0.000000000000000000
27.730000000000000000,2000.000000000000000000,20000.000000000000000000,1.000000000000000000,39400.000000000000000000,1.000000000000000000,-3940.000000000000000000,2.773000000000000000,1.407614213197969543,0.000000000000000000
27.820000000000000000,2000.000000000000000000,20000.000000000000000000,1.000000000000000000,39600.000000000000000000,1.000000000000000000,-3960.000000000000000000,2.782000000000000000,1.405050505050505050,0.000000000000000000
27.910000000000000000,2000.000000000000000000,20000.000000000000000000,1.000000000000000000,39800.000000000000000000,1.000000000000000000,-3980.000000000000000000,2.791000000000000000,1.402512562814070351,0.000000000000000000
28.000000000000000000,2000.000000000000000000,20000.000000000000000000,1.000000000000000000,40000.000000000000000000,1.000000000000000000,-4000.000000000000000000,2.800000000000000000,1.400000000000000000,0.000000000000000000
28.090000000000000000,2000.000000000000000000,20000.000000000000000000,1.000000000000000000,40200.000000000000000000,1.000000000000000000,-4020.000000000000000000,2.809000000000000000,1.397512437810945273,0.000000000000000000
28.180000000000000000,2000.000000000000000000,20000.000000000000000000,1.000000000000000000,40400.000000000000000000,1.000000000000000000,-4040.000000000000000000,2.818000000000000000,1.395049504950495049,0.000000000000000000
28.270000000000000000,2000.000000000000000000,20000.000000000000000000,1.000000000000000000,40600.000000000000000000,1.000000000000000000,-4060.000000000000000000,2.827000000000000000,1.392610837438423645,0.000000000000000000
28.360000000000000000,2000.000000000000000000,20000.000000000000000000,1.000000000000000000,40800.000000000000000000,1.000000000000000000,-4080.000000000000000000,2.836000000000000000,1.390196078431372549,0.000000000000000000
28.450000000000000000,2000.000000000000000000,20000.000000000000000000,1.000000000000000000,41000.000000000000000000,1.000000000000000000,-4100.000000000000000000,2.845000000000000000,1.387804878048780487,0.000000000000000000
28.540000000000000000,2000.000000000000000000,20000.000000000000000000,1.000000000000000000,41200.000000000000000000,1.000000000000000000,-4120.000000000000000000,2.854000000000000000,1.385436893203883495,0.000000000000000000
28.630000000000000000,2000.000000000000000000,20000.000000000000000000,1.000000000000000000,41400.000000000000000000,1.000000000000000000,-4140.000000000000000000,2.863000000000000000,1.383091787439613526,0.000000000000000000
28.720000000000000000,2000.000000000000000000,20000.000000000000000000,1.000000000000000000,41600.000000000000000000,1.000000000000000000,-4160.000000000000000000,2.872000000000000000,1.380769230769230769,0.000000000000000000
28.810000000000000000,2000.000000000000000000,20000.000000000000000000,1.000000000000000000,41800.000000000000000000,1.000000000000000000,-4180.000000000000000000,2.881000000000000000,1.378468899521531100,0.000000000000000000
28.900000000000000000,2000.000000000000000000,20000.000000000000000000,1.000000000000000000,42000.000000000000000000,1.000000000000000000,-4200.000000000000000000,2.890000000000000000,1.376190476190476190,0.000000000000000000
28.990000000000000000,2000.000000000000000000,20000.000000000000000000,1.000000000000000000,42200.000000000000000000,1.000000000000000000,-4220.000000000000000000,2.899000000000000000,1.373933649289099526,0.000000000000000000
29.080000000000000000,2000.000000000000000000,20000.000000000000000000,1.000000000000000000,42400.000000000000000000,1.000000000000000000,-4240.000000000000000000,2.908000000000000000,1.371698113207547169,0.000000000000000000
29.170000000000000000,2000.000000000000000000,20000.000000000000000000,1.000000000000000000,42600.000000000000000000,1.000000000000000000,-4260.000000000000000000,2.917000000000000000,1.369483568075117370,0.000000000000000000
29.260000000000000000,2000.000000000000000000,20000.000000000000000000,1.000000000000000000,42800.000000000000000000,1.000000000000000000,-4280.000000000000000000,2.926000000000000000,1.367289719626168224,0.000000000000000000
29.350000000000000000,2000.000000000000000000,20000.000000000000000000,1.000000000000000000,43000.000000000000000000,1.000000000000000000,-4300.000000000000000000,2.935000000000000000,1.365116279069767441,0.000000000000000000
29.440000000000000000,2000.000000000000000000,20000.000000000000000000,1.000000000000000000,43200.000000000000000000,1.000000000000000000,-4320.000000000000000000,2.944000000000000000,1.362962962962962962,0.000000000000000000
29.530000000000000000,2000.000000000000000000,20000.000000000000000000,1.000000000000000000,43400.000000000000000000,1.000000000000000000,-4340.000000000000000000,2.953000000000000000,1.360829493087557603,0.000000000000000000
29.620000000000000000,2000.000000000000000000,20000.000000000000000000,1.000000000000000000,43600.000000000000000000,1.000000000000000000,-4360.000000000000000000,2.962000000000000000,1.358715596330275229,0.000000000000000000
29.710000000000000000,2000.000000000000000000,20000.000000000000000000,1.000000000000000000,43800.000000000000000000,1.000000000000000000,-4380.000000000000000000,2.971000000000000000,1.356621004566210045,0.000000000000000000
29.800000000000000000,2000.000000000000000000,20000.000000000000000000,1.000000000000000000,44000.000000000000000000,1.000000000000000000,-4400.000000000000000000,2.980000000000000000,1.354545454545454545,0.000000000000000000
29.890000000000000000,2000.000000000000000000,20000.000000000000000000,1.000000000000000000,44200.000000000000000000,1.000000000000000000,-4420.000000000000000000,2.989000000000000000,1.352488687782805429,0.000000000000000000
29.980000000000000000,2000.000000000000000000,20000.000000000000000000,1.000000000000000000,44400.000000000000000000,1.000000000000000000,-4440.000000000000000000,2.998000000000000000,1.350450450450450450,0.000000000000000000
30.070000000000000000,2000.000000000000000000,20000.000000000000000000,1.000000000000000000,44600.000000000000000000,1.000000000000000000,-4460.000000000000000000,3.007000000000000000,1.348430493273542600,0.000000000000000000
30.160000000000000000,2000.000000000000000000,20000.000000000000000000,1.000000000000000000,44800.000000000000000000,1.000000000000000000,-4480.000000000000000000,3.016000000000000000,1.346428571428571428,0.000000000000000000
30.250000000000000000,2000.000000000000000000,20000.000000000000000000,1.000000000000000000,45000.000000000000000000,1.000000000000000000,-4500.000000000000000000,3.025000000000000000,1.344444444444444444,0.000000000000000000
30.340000000000000000,2000.000000000000000000,20000.000000000000000000,1.000000000000000000,45200.000000000000000000,1.000000000000000000,-4520.000000000000000000,3.034000000000000000,1.342477876106194690,0.000000000000000000
30.430000000000000000,2000.000000000000000000,20000.000000000000000000,1.000000000000000000,45400.000000000000000000,1.000000000000000000,-4540.000000000000000000,3.043000000000000000,1.340528634361233480,0.000000000000000000
30.520000000000000000,2000.000000000000000000,20000.000000000000000000,1.000000000000000000,45600.000000000000000000,1.000000000000000000,-4560.000000000000000000,3.052000000000000000,1.338596491228070175,0.000000000000000000
30.610000000000000000,2000.000000000000000000,20000.000000000000000000,1.000000000000000000,45800.000000000000000000,1.000000000000000000,-4580.000000000000000000,3.061000000000000000,1.336681222707423580,0.000000000000000000
30.700000000000000000,2000.000000000000000000,20000.000000000000000000,1.000000000000000000,46000.000000000000000000,1.000000000000000000,-4600.000000000000000000,3.070000000000000000,1.334782608695652173,0.000000000000000000
30.790000000000000000,2000.000000000000000000,20000.000000000000000000,1.000000000000000000,46200.000000000000000000,1.000000000000000000,-4620.000000000000000000,3.079000000000000000,1.332900432900432900,0.000000000000000000
30.880000000000000000,2000.000000000000000000,20000.000000000000000000,1.000000000000000000,46400.000000000000000000,1.000000000000000000,-4640.000000000000000000,3.088000000000000000,1.331034482758620689,0.000000000000000000
30.970000000000000000,2000.000000000000000000,20000.000000000000000000,1.000000000000000000,46600.000000000000000000,1.000000000000000000,-4660.000000000000000000,3.097000000000000000,1.329184549356223175,0.000000000000000000
31.060000000000000000,2000.000000000000000000,20000.000000000000000000,1.000000000000000000,46800.000000000000000000,1.000000000000000000,-4680.000000000000000000,3.106000000000000000,1.327350427350427350,0.000000000000000000
31.150000000000000000,2000.000000000000000000,20000.000000000000000000,1.000000000000000000,47000.000000000000000000,1.000000000000000000,-4700.000000000000000000,3.115000000000000000,1.325531914893617021,0.000000000000000000
31.240000000000000000,2000.000000000000000000,20000.000000000000000000,1.000000000000000000,47200.000000000000000000,1.000000000000000000,-4720.000000000000000000,3.124000000000000000,1.323728813559322033,0.000000000000000000
31.330000000000000000,2000.000000000000000000,20000.000000000000000000,1.000000000000000000,47400.000000000000000000,1.000000000000000000,-4740.000000000000000000,3.133000000000000000,1.321940928270042194,0.000000000000000000
31.420000000000000000,2000.000000000000000000,20000.000000000000000000,1.000000000000000000,47600.000000000000000000,1.000000000000000000,-4760.000000000000000000,3.142000000000000000,1.320168067226890756,0.000000000000000000
31.510000000000000000,2000.000000000000000000,20000.000000000000000000,1.000000000000000000,47800.000000000000000000,1.000000000000000000,-4780.000000000000000000,3.151000000000000000,1.318410041841004184,0.000000000000000000
31.600000000000000000,2000.000000000000000000,20000.000000000000000000,1.000000000000000000,48000.000000000000000000,1.000000000000000000,-4800.000000000000000000,3.160000000000000000,1.316666666666666666,0.000000000000000000
31.690000000000000000,2000.000000000000000000,20000.000000000000000000,1.000000000000000000,48200.000000000000000000,1.000000000000000000,-4820.000000000000000000,3.169000000000000000,1.314937759336099585,0.000000000000000000
31.780000000000000000,2000.000000000000000000,20000.000000000000000000,1.000000000000000000,48400.000000000000000000,1.000000000000000000,-4840.000000000000000000,3.178000000000000000,1.313223140495867768,0.000000000000000000
31.870000000000000000,2000.000000000000000000,20000.000000000000000000,1.000000000000000000,48600.000000000000000000,1.000000000000000000,-4860.000000000000000000,3.187000000000000000,1.311522633744855967,0.000000000000000000
31.960000000000000000,2000.000000000000000000,20000.000000000000000000,1.000000000000000000,48800.000000000000000000,1.000000000000000000,-4880.000000000000000000,3.196000000000000000,1.309836065573770491,0.000000000000000000
32.050000000000000000,2000.000000000000000000,20000.000000000000000000,1.000000000000000000,49000.000000000000000000,1.000000000000000000,-4900.000000000000000000,3.205000000000000000,1.308163265306122448,0.000000000000000000
32.140000000000000000,2000.000000000000000000,20000.000000000000000000,1.000000000000000000,49200.000000000000000000,1.000000000000000000,-4920.000000000000000000,3.214000000000000000,1.306504065040650406,0.000000000000000000
32.230000000000000000,2000.000000000000000000,20000.000000000000000000,1.000000000000000000,49400.000000000000000000,1.000000000000000000,-4940.000000000000000000,3.223000000000000000,1.304858299595141700,0.000000000000000000
32.320000000000000000,2000.000000000000000000,20000.000000000000000000,1.000000000000000000,49600.000000000000000000,1.000000000000000000,-4960.000000000000000000,3.232000000000000000,1.303225806451612903,0.000000000000000000
32.410000000000000000,2000.000000000000000000,20000.000000000000000000,1.000000000000000000,49800.000000000000000000,1.000000000000000000,-4980.000000000000000000,3.241000000000000000,1.301606425702811244,0.000000000000000000
32.500000000000000000,2000.000000000000000000,20000.000000000000000000,1.000000000000000000,50000.000000000000000000,1.000000000000000000,-5000.000000000000000000,3.250000000000000000,1.300000000000000000,0.000000000000000000
32.590000000000000000,2000.000000000000000000,20000.000000000000000000,1.000000000000000000,50200.000000000000000000,1.000000000000000000,-5020.000000000000000000,3.259000000000000000,1.298406374501992031,0.000000000000000000
32.680000000000000000,2000.000000000000000000,20000.000000000000000000,1.000000000000000000,50400.000000000000000000,1.000000000000000000,-5040.000000000000000000,3.268000000000000000,1.296825396825396825,0.000000000000000000
32.770000000000000000,2000.000000000000000000,20000.000000000000000000,1.000000000000000000,50600.000000000000000000,1.000000000000000000,-5060.000000000000000000,3.277000000000000000,1.295256916996047430,0.000000000000000000
32.860000000000000000,2000.000000000000000000,20000.000000000000000000,1.000000000000000000,50800.000000000000000000,1.000000000000000000,-5080.000000000000000000,3.286000000000000000,1.293700787401574803,0.000000000000000000
32.950000000000000000,2000.000000000000000000,20000.000000000000000000,1.000000000000000000,51000.000000000000000000,1.000000000000000000,-5100.000000000000000000,3.295000000000000000,1.292156862745098039,0.000000000000000000
33.040000000000000000,2000.000000000000000000,20000.000000000000000000,1.000000000000000000,51200.000000000000000000,1.000000000000000000,-5120.000000000000000000,3.304000000000000000,1.290625000000000000,0.000000000000000000
33.130000000000000000,2000.000000000000000000,20000.000000000000000000,1.000000000000000000,51400.000000000000000000,1.000000000000000000,-5140.000000000000000000,3.313000000000000000,1.289105058365758754,0.000000000000000000
33.220000000000000000,2000.000000000000000000,20000.000000000000000000,1.000000000000000000,51600.000000000000000000,1.000000000000000000,-5160.000000000000000000,3.322000000000000000,1.287596899224806201,0.000000000000000000
33.310000000000000000,2000.000000000000000000,20000.000000000000000000,1.000000000000000000,51800.000000000000000000,1.000000000000000000,-5180.000000000000000000,3.331000000000000000,1.286100386100386100,0.000000000000000000
33.400000000000000000,2000.000000000000000000,20000.000000000000000000,1.000000000000000000,52000.000000000000000000,1.000000000000000000,-5200.000000000000000000,3.340000000000000000,1.284615384615384615,0.000000000000000000
33.490000000000000000,2000.000000000000000000,20000.000000000000000000,1.000000000000000000,52200.000000000000000000,1.000000000000000000,-5220.000000000000000000,3.349000000000000000,1.283141762452107279,0.000000000000000000
33.580000000000000000,2000.000000000000000000,20000.000000000000000000,1.000000000000000000,52400.000000000000000000,1.000000000000000000,-5240.000000000000000000,3.358000000000000000,1.281679389312977099,0.000000000000000000
33.670000000000000000,2000.000000000000000000,20000.000000000000000000,1.000000000000000000,52600.000000000000000000,1.000000000000000000,-5260.000000000000000000,3.367000000000000000,1.280228136882129277,0.000000000000000000
33.760000000000000000,2000.000000000000000000,20000.000000000000000000,1.000000000000000000,52800.000000000000000000,1.000000000000000000,-5280.000000000000000000,3.376000000000000000,1.278787878787878787,0.000000000000000000
33.850000000000000000,2000.000000000000000000,20000.000000000000000000,1.000000000000000000,53000.000000000000000000,1.000000000000000000,-5300.000000000000000000,3.385000000000000000,1.277358490566037735,0.000000000000000000
33.940000000000000000,2000.000000000000000000,20000.000000000000000000,1.000000000000000000,53200.000000000000000000,1.000000000000000000,-5320.000000000000000000,3.394000000000000000,1.275939849624060150,0.000000000000000000
34.030000000000000000,2000.000000000000000000,20000.000000000000000000,1.000000000000000000,53400.000000000000000000,1.000000000000000000,-5340.000000000000000000,3.403000000000000000,1.274531835205992509,0.000000000000000000
34.120000000000000000,2000.000000000000000000,20000.000000000000000000,1.000000000000000000,53600.000000000000000000,1.000000000000000000,-5360.000000000000000000,3.412000000000000000,1.273134328358208955,0.000000000000000000
34.210000000000000000,2000.000000000000000000,20000.000000000000000000,1.000000000000000000,53800.000000000000000000,1.000000000000000000,-5380.000000000000000000,3.421000000000000000,1.271747211895910780,0.000000000000000000
34.300000000000000000,2000.000000000000000000,20000.000000000000000000,1.000000000000000000,54000.000000000000000000,1.000000000000000000,-5400.000000000000000000,3.430000000000000000,1.270370370370370370,0.000000000000000000
34.390000000000000000,2000.000000000000000000,20000.000000000000000000,1.000000000000000000,54200.000000000000000000,1.000000000000000000,-5420.000000000000000000,3.439000000000000000,1.269003690036900369,0.000000000000000000
34.480000000000000000,2000.000000000000000000,20000.000000000000000000,1.000000000000000000,54400.000000000000000000,1.000000000000000000,-5440.000000000000000000,3.448000000000000000,1.267647058823529411,0.000000000000000000
34.570000000000000000,2000.000000000000000000,20000.000000000000000000,1.000000000000000000,54600.000000000000000000,1.000000000000000000,-5460.000000000000000000,3.457000000000000000,1.266300366300366300,0.000000000000000000
34.660000000000000000,2000.000000000000000000,20000.000000000000000000,1.000000000000000000,54800.000000000000000000,1.000000000000000000,-5480.000000000000000000,3.466000000000000000,1.264963503649635036,0.000000000000000000
34.750000000000000000,2000.000000000000000000,20000.000000000000000000,1.000000000000000000,55000.000000000000000000,1.000000000000000000,-5500.000000000000000000,3.475000000000000000,1.263636363636363636,0.000000000000000000
34.840000000000000000,2000.000000000000000000,20000.000000000000000000,1.000000000000000000,55200.000000000000000000,1.000000000000000000,-5520.000000000000000000,3.484000000000000000,1.262318840579710144,0.000000000000000000
34.930000000000000000,2000.000000000000000000,20000.000000000000000000,1.000000000000000000,55400.000000000000000000,1.000000000000000000,-5540.000000000000000000,3.493000000000000000,1.261010830324909747,0.000000000000000000
35.020000000000000000,2000.000000000000000000,20000.000000000000000000,1.000000000000000000,55600.000000000000000000,1.000000000000000000,-5560.000000000000000000,3.502000000000000000,1.259712230215827338,0.000000000000000000
35.110000000000000000,2000.000000000000000000,20000.000000000000000000,1.000000000000000000,55800.000000000000000000,1.000000000000000000,-5580.000000000000000000,3.511000000000000000,1.258422939068100358,0.000000000000000000
35.200000000000000000,2000.000000000000000000,20000.000000000000000000,1.000000000000000000,56000.000000000000000000,1.000000000000000000,-5600.000000000000000000,3.520000000000000000,1.257142857142857142,0.000000000000000000
35.290000000000000000,2000.000000000000000000,20000.000000000000000000,1.000000000000000000,56200.000000000000000000,1.000000000000000000,-5620.000000000000000000,3.529000000000000000,1.255871886120996441,0.000000000000000000
35.380000000000000000,2000.000000000000000000,20000.000000000000000000,1.000000000000000000,56400.000000000000000000,1.000000000000000000,-5640.000000000000000000,3.538000000000000000,1.254609929078014184,0.000000000000000000
35.470000000000000000,2000.000000000000000000,20000.000000000000000000,1.000000000000000000,56600.000000000000000000,1.000000000000000000,-5660.000000000000000000,3.547000000000000000,1.253356890459363957,0.000000000000000000
35.560000000000000000,2000.000000000000000000,20000.000000000000000000,1.000000000000000000,56800.000000000000000000,1.000000000000000000,-5680.000000000000000000,3.556000000000000000,1.252112676056338028,0.000000000000000000
35.650000000000000000,2000.000000000000000000,20000.000000000000000000,1.000000000000000000,57000.000000000000000000,1.000000000000000000,-5700.000000000000000000,3.565000000000000000,1.250877192982456140,0.000000000000000000
35.740000000000000000,2000.000000000000000000,20000.000000000000000000,1.000000000000000000,57200.000000000000000000,1.000000000000000000,-5720.000000000000000000,3.574000000000000000,1.249650349650349650,0.000000000000000000
35.830000000000000000,2000.000000000000000000,20000.000000000000000000,1.000000000000000000,57400.000000000000000000,1.000000000000000000,-5740.000000000000000000,3.583000000000000000,1.248432055749128919,0.000000000000000000
35.920000000000000000,2000.000000000000000000,20000.000000000000000000,1.000000000000000000,57600.000000000000000000,1.000000000000000000,-5760.000000000000000000,3.592000000000000000,1.247222222222222222,0.000000000000000000
36.010000000000000000,2000.000000000000000000,20000.000000000000000000,1.000000000000000000,57800.000000000000000000,1.000000000000000000,-5780.000000000000000000,3.601000000000000000,1.246020761245674740,0.000000000000000000
36.100000000000000000,2000.000000000000000000,20000.000000000000000000,1.000000000000000000,58000.000000000000000000,1.000000000000000000,-5800.000000000000000000,3.610000000000000000,1.244827586206896551,0.000000000000000000
36.190000000000000000,2000.000000000000000000,20000.000000000000000000,1.000000000000000000,58200.000000000000000000,1.000000000000000000,-5820.000000000000000000,3.619000000000000000,1.243642611683848797,0.000000000000000000
36.280000000000000000,2000.000000000000000000,20000.000000000000000000,1.000000000000000000,58400.000000000000000000,1.000000000000000000,-5840.000000000000000000,3.628000000000000000,1.242465753424657534,0.000000000000000000
36.370000000000000000,2000.000000000000000000,20000.000000000000000000,1.000000000000000000,58600.000000000000000000,1.000000000000000000,-5860.000000000000000000,3.637000000000000000,1.241296928327645051,0.000000000000000000
36.460000000000000000,2000.000000000000000000,20000.000000000000000000,1.000000000000000000,58800.000000000000000000,1.000000000000000000,-5880.000000000000000000,3.646000000000000000,1.240136054421768707,0.000000000000000000
36.550000000000000000,2000.000000000000000000,20000.000000000000000000,1.000000000000000000,59000.000000000000000000,1.000000000000000000,-5900.000000000000000000,3.655000000000000000,1.238983050847457627,0.000000000000000000
36.640000000000000000,2000.000000000000000000,20000.000000000000000000,1.000000000000000000,59200.000000000000000000,1.000000000000000000,-5920.000000000000000000,3.664000000000000000,1.237837837837837837,0.000000000000000000
36.730000000000000000,2000.000000000000000000,20000.000000000000000000,1.000000000000000000,59400.000000000000000000,1.000000000000000000,-5940.000000000000000000,3.673000000000000000,1.236700336700336700,0.000000000000000000
36.820000000000000000,2000.000000000000000000,20000.000000000000000000,1.000000000000000000,59600.000000000000000000,1.000000000000000000,-5960.000000000000000000,3.682000000000000000,1.235570469798657718,0.000000000000000000
36.910000000000000000,2000.000000000000000000,20000.000000000000000000,1.000000000000000000,59800.000000000000000000,1.000000000000000000,-5980.000000000000000000,3.691000000000000000,1.234448160535117056,0.000000000000000000
37.000000000000000000,2000.000000000000000000,20000.000000000000000000,1.000000000000000000,60000.000000000000000000,1.000000000000000000,-6000.000000000000000000,3.700000000000000000,1.233333333333333333,0.000000000000000000
37.090000000000000000,2000.000000000000000000,20000.000000000000000000,1.000000000000000000,60200.000000000000000000,1.000000000000000000,-6020.000000000000000000,3.709000000000000000,1.232225913621262458,0.000000000000000000
37.180000000000000000,2000.000000000000000000,20000.000000000000000000,1.000000000000000000,60400.000000000000000000,1.000000000000000000,-6040.000000000000000000,3.718000000000000000,1.231125827814569536,0.000000000000000000
37.270000000000000000,2000.000000000000000000,20000.000000000000000000,1.000000000000000000,60600.000000000000000000,1.000000000000000000,-6060.000000000000000000,3.727000000000000000,1.230033003300330033,0.000000000000000000
37.360000000000000000,2000.000000000000000000,20000.000000000000000000,1.000000000000000000,60800.000000000000000000,1.000000000000000000,-6080.000000000000000000,3.736000000000000000,1.228947368421052631,0.000000000000000000
37.450000000000000000,2000.000000000000000000,20000.000000000000000000,1.000000000000000000,61000.000000000000000000,1.000000000000000000,-6100.000000000000000000,3.745000000000000000,1.227868852459016393,0.000000000000000000
37.540000000000000000,2000.000000000000000000,20000.000000000000000000,1.000000000000000000,61200.000000000000000000,1.000000000000000000,-6120.000000000000000000,3.754000000000000000,1.226797385620915032,0.000000000000000000
37.630000000000000000,2000.000000000000000000,20000.000000000000000000,1.000000000000000000,61400.000000000000000000,1.000000000000000000,-6140.000000000000000000,3.763000000000000000,1.225732899022801302,0.000000000000000000
37.720000000000000000,2000.000000000000000000,20000.000000000000000000,1.000000000000000000,61600.000000000000000000,1.000000000000000000,-6160.000000000000000000,3.772000000000000000,1.224675324675324675,0.000000000000000000
37.810000000000000000,2000.000000000000000000,20000.000000000000000000,1.000000000000000000,61800.000000000000000000,1.000000000000000000,-6180.000000000000000000,3.781000000000000000,1.223624595469255663,0.000000000000000000
37.900000000000000000,2000.000000000000000000,20000.000000000000000000,1.000000000000000000,62000.000000000000000000,1.000000000000000000,-6200.000000000000000000,3.790000000000000000,1.222580645161290322,0.000000000000000000
37.990000000000000000,2000.000000000000000000,20000.000000000000000000,1.000000000000000000,62200.000000000000000000,1.000000000000000000,-6220.000000000000000000,3.799000000000000000,1.221543408360128617,0.000000000000000000
38.080000000000000000,2000.000000000000000000,20000.000000000000000000,1.000000000000000000,62400.000000000000000000,1.000000000000000000,-6240.000000000000000000,3.808000000000000000,1.220512820512820512,0.000000000000000000
38.170000000000000000,2000.000000000000000000,20000.000000000000000000,1.000000000000000000,62600.000000000000000000,1.000000000000000000,-6260.000000000000000000,3.817000000000000000,1.219488817891373801,0.000000000000000000
38.260000000000000000,2000.000000000000000000,20000.000000000000000000,1.000000000000000000,62800.000000000000000000,1.000000000000000000,-6280.000000000000000000,3.826000000000000000,1.218471337579617834,0.000000000000000000
38.350000000000000000,2000.000000000000000000,20000.000000000000000000,1.000000000000000000,63000.000000000000000000,1.000000000000000000,-6300.000000000000000000,3.835000000000000000,1.217460317460317460,0.000000000000000000
38.440000000000000000,2000.000000000000000000,20000.000000000000000000,1.000000000000000000,63200.000000000000000000,1.000000000000000000,-6320.000000000000000000,3.844000000000000000,1.216455696202531645,0.000000000000000000
38.530000000000000000,2000.000000000000000000,20000.000000000000000000,1.000000000000000000,63400.000000000000000000,1.000000000000000000,-6340.000000000000000000,3.853000000000000000,1.215457413249211356,0.000000000000000000
38.620000000000000000,2000.000000000000000000,20000.000000000000000000,1.000000000000000000,63600.000000000000000000,1.000000000000000000,-6360.000000000000000000,3.862000000000000000,1.214465408805031446,0.000000000000000000
38.710000000000000000,2000.000000000000000000,20000.000000000000000000,1.000000000000000000,63800.000000000000000000,1.000000000000000000,-6380.000000000000000000,3.871000000000000000,1.213479623824451410,0.000000000000000000
38.800000000000000000,2000.000000000000000000,20000.000000000000000000,1.000000000000000000,64000.000000000000000000,1.000000000000000000,-6400.000000000000000000,3.880000000000000000,1.212500000000000000,0.000000000000000000
38.890000000000000000,2000.000000000000000000,20000.000000000000000000,1.000000000000000000,64200.000000000000000000,1.000000000000000000,-6420.000000000000000000,3.889000000000000000,1.211526479750778816,0.000000000000000000
38.980000000000000000,2000.000000000000000000,20000.000000000000000000,1.000000000000000000,64400.000000000000000000,1.000000000000000000,-6440.000000000000000000,3.898000000000000000,1.210559006211180124,0.000000000000000000
39.070000000000000000,2000.000000000000000000,20000.000000000000000000,1.000000000000000000,64600.000000000000000000,1.000000000000000000,-6460.000000000000000000,3.907000000000000000,1.209597523219814241,0.000000000000000000
39.160000000000000000,2000.000000000000000000,20000.000000000000000000,1.000000000000000000,64800.000000000000000000,1.000000000000000000,-6480.000000000000000000,3.916000000000000000,1.208641975308641975,0.000000000000000000
39.250000000000000000,2000.000000000000000000,20000.000000000000000000,1.000000000000000000,65000.000000000000000000,1.000000000000000000,-6500.000000000000000000,3.925000000000000000,1.207692307692307692,0.000000000000000000
39.340000000000000000,2000.000000000000000000,20000.000000000000000000,1.000000000000000000,65200.000000000000000000,1.000000000000000000,-6520.000000000000000000,3.934000000000000000,1.206748466257668711,0.000000000000000000
39.430000000000000000,2000.000000000000000000,20000.000000000000000000,1.000000000000000000,65400.000000000000000000,1.000000000000000000,-6540.000000000000000000,3.943000000000000000,1.205810397553516819,0.000000000000000000
39.520000000000000000,2000.000000000000000000,20000.000000000000000000,1.000000000000000000,65600.000000000000000000,1.000000000000000000,-6560.000000000000000000,3.952000000000000000,1.204878048780487804,0.000000000000000000
39.610000000000000000,2000.000000000000000000,20000.000000000000000000,1.000000000000000000,65800.000000000000000000,1.000000000000000000,-6580.000000000000000000,3.961000000000000000,1.203951367781155015,0.000000000000000000
39.700000000000000000,2000.000000000000000000,20000.000000000000000000,1.000000000000000000,66000.000000000000000000,1.000000000000000000,-6600.000000000000000000,3.970000000000000000,1.203030303030303030,0.000000000000000000
39.790000000000000000,2000.000000000000000000,20000.000000000000000000,1.000000000000000000,66200.000000000000000000,1.000000000000000000,-6620.000000000000000000,3.979000000000000000,1.202114803625377643,0.000000000000000000
39.880000000000000000,2000.000000000000000000,20000.000000000000000000,1.000000000000000000,66400.000000000000000000,1.000000000000000000,-6640.000000000000000000,3.988000000000000000,1.201204819277108433,0.000000000000000000
39.970000000000000000,2000.000000000000000000,20000.000000000000000000,1.000000000000000000,66600.000000000000000000,1.000000000000000000,-6660.000000000000000000,3.997000000000000000,1.200300300300300300,0.000000000000000000
40.060000000000000000,2000.000000000000000000,20000.000000000000000000,1.000000000000000000,66800.000000000000000000,1.000000000000000000,-6680.000000000000000000,4.006000000000000000,1.199401197604790419,0.000000000000000000
40.150000000000000000,2000.000000000000000000,20000.000000000000000000,1.000000000000000000,67000.000000000000000000,1.000000000000000000,-6700.000000000000000000,4.015000000000000000,1.198507462686567164,0.000000000000000000
40.240000000000000000,2000.000000000000000000,20000.000000000000000000,1.000000000000000000,67200.000000000000000000,1.000000000000000000,-6720.000000000000000000,4.024000000000000000,1.197619047619047619,0.000000000000000000
40.330000000000000000,2000.000000000000000000,20000.000000000000000000,1.000000000000000000,67400.000000000000000000,1.000000000000000000,-6740.000000000000000000,4.033000000000000000,1.196735905044510385,0.000000000000000000
40.420000000000000000,2000.000000000000000000,20000.000000000000000000,1.000000000000000000,67600.000000000000000000,1.000000000000000000,-6760.000000000000000000,4.042000000000000000,1.195857988165680473,0.000000000000000000
40.510000000000000000,2000.000000000000000000,20000.000000000000000000,1.000000000000000000,67800.000000000000000000,1.000000000000000000,-6780.000000000000000000,4.051000000000000000,1.194985250737463126,0.000000000000000000
40.600000000000000000,2000.000000000000000000,20000.000000000000000000,1.000000000000000000,68000.000000000000000000,1.000000000000000000,-6800.000000000000000000,4.060000000000000000,1.194117647058823529,0.000000000000000000
40.690000000000000000,2000.000000000000000000,20000.000000000000000000,1.000000000000000000,68200.000000000000000000,1.000000000000000000,-6820.000000000000000000,4.069000000000000000,1.193255131964809384,0.000000000000000000
40.780000000000000000,2000.000000000000000000,20000.000000000000000000,1.000000000000000000,68400.000000000000000000,1.000000000000000000,-6840.000000000000000000,4.078000000000000000,1.192397660818713450,0.000000000000000000
40.870000000000000000,2000.000000000000000000,20000.000000000000000000,1.000000000000000000,68600.000000000000000000,1.000000000000000000,-6860.000000000000000000,4.087000000000000000,1.191545189504373177,0.000000000000000000
40.960000000000000000,2000.000000000000000000,20000.000000000000000000,1.000000000000000000,68800.000000000000000000,1.000000000000000000,-6880.000000000000000000,4.096000000000000000,1.190697674418604651,0.000000000000000000
41.050000000000000000,2000.000000000000000000,20000.000000000000000000,1.000000000000000000,69000.000000000000000000,1.000000000000000000,-6900.000000000000000000,4.105000000000000000,1.189855072463768115,0.000000000000000000
41.140000000000000000,2000.000000000000000000,20000.000000000000000000,1.000000000000000000,69200.000000000000000000,1.000000000000000000,-6920.000000000000000000,4.114000000000000000,1.189017341040462427,0.000000000000000000
41.230000000000000000,2000.000000000000000000,20000.000000000000000000,1.000000000000000000,69400.000000000000000000,1.000000000000000000,-6940.000000000000000000,4.123000000000000000,1.188184438040345821,0.000000000000000000
41.320000000000000000,2000.000000000000000000,20000.000000000000000000,1.000000000000000000,69600.000000000000000000,1.000000000000000000,-6960.000000000000000000,4.132000000000000000,1.187356321839080459,0.000000000000000000
41.410000000000000000,2000.000000000000000000,20000.000000000000000000,1.000000000000000000,69800.000000000000000000,1.000000000000000000,-6980.000000000000000000,4.141000000000000000,1.186532951289398280,0.000000000000000000
41.500000000000000000,2000.000000000000000000,20000.000000000000000000,1.000000000000000000,70000.000000000000000000,1.000000000000000000,-7000.000000000000000000,4.150000000000000000,1.185714285714285714,0.000000000000000000
41.590000000000000000,2000.000000000000000000,20000.000000000000000000,1.000000000000000000,70200.000000000000000000,1.000000000000000000,-7020.000000000000000000,4.159000000000000000,1.184900284900284900,0.000000000000000000
41.680000000000000000,2000.000000000000000000,20000.000000000000000000,1.000000000000000000,70400.000000000000000000,1.000000000000000000,-7040.000000000000000000,4.168000000000000000,1.184090909090909090,0.000000000000000000
41.770000000000000000,2000.000000000000000000,20000.000000000000000000,1.000000000000000000,70600.000000000000000000,1.000000000000000000,-7060.000000000000000000,4.177000000000000000,1.183286118980169971,0.000000000000000000
41.860000000000000000,2000.000000000000000000,20000.000000000000000000,1.000000000000000000,70800.000000000000000000,1.000000000000000000,-7080.000000000000000000,4.186000000000000000,1.182485875706214689,0.000000000000000000
41.950000000000000000,2000.000000000000000000,20000.000000000000000000,1.000000000000000000,71000.000000000000000000,1.000000000000000000,-7100.000000000000000000,4.195000000000000000,1.181690140845070422,0.000000000000000000
42.040000000000000000,2000.000000000000000000,20000.000000000000000000,1.000000000000000000,71200.000000000000000000,1.000000000000000000,-7120.000000000000000000,4.204000000000000000,1.180898876404494382,0.000000000000000000
42.130000000000000000,2000.000000000000000000,20000.000000000000000000,1.000000000000000000,71400.000000000000000000,1.000000000000000000,-7140.000000000000000000,4.213000000000000000,1.180112044817927170,0.000000000000000000
42.220000000000000000,2000.000000000000000000,20000.000000000000000000,1.000000000000000000,71600.000000000000000000,1.000000000000000000,-7160.000000000000000000,4.222000000000000000,1.179329608938547486,0.000000000000000000
42.310000000000000000,2000.000000000000000000,20000.000000000000000000,1.000000000000000000,71800.000000000000000000,1.000000000000000000,-7180.000000000000000000,4.231000000000000000,1.178551532033426183,0.000000000000000000
42.400000000000000000,2000.000000000000000000,20000.000000000000000000,1.000000000000000000,72000.000000000000000000,1.000000000000000000,-7200.000000000000000000,4.240000000000000000,1.177777777777777777,0.000000000000000000
42.490000000000000000,2000.000000000000000000,20000.000000000000000000,1.000000000000000000,72200.000000000000000000,1.000000000000000000,-7220.000000000000000000,4.249000000000000000,1.177008310249307479,0.000000000000000000
42.580000000000000000,2000.000000000000000000,20000.000000000000000000,1.000000000000000000,72400.000000000000000000,1.000000000000000000,-7240.000000000000000000,4.258000000000000000,1.176243093922651933,0.000000000000000000
42.670000000000000000,2000.000000000000000000,20000.000000000000000000,1.000000000000000000,72600.000000000000000000,1.000000000000000000,-7260.000000000000000000,4.267000000000000000,1.175482093663911845,0.000000000000000000
42.760000000000000000,2000.000000000000000000,20000.000000000000000000,1.000000000000000000,72800.000000000000000000,1.000000000000000000,-7280.000000000000000000,4.276000000000000000,1.174725274725274725,0.000000000000000000
42.850000000000000000,2000.000000000000000000,20000.000000000000000000,1.000000000000000000,73000.000000000000000000,1.000000000000000000,-7300.000000000000000000,4.285000000000000000,1.173972602739726027,0.000000000000000000
42.940000000000000000,2000.000000000000000000,20000.000000000000000000,1.000000000000000000,73200.000000000000000000,1.000000000000000000,-7320.000000000000000000,4.294000000000000000,1.173224043715846994,0.000000000000000000
43.030000000000000000,2000.000000000000000000,20000.000000000000000000,1.000000000000000000,73400.000000000000000000,1.000000000000000000,-7340.000000000000000000,4.303000000000000000,1.172479564032697547,0.000000000000000000
43.120000000000000000,2000.000000000000000000,20000.000000000000000000,1.000000000000000000,73600.000000000000000000,1.000000000000000000,-7360.000000000000000000,4.312000000000000000,1.171739130434782608,0.000000000000000000
43.210000000000000000,2000.000000000000000000,20000.000000000000000000,1.000000000000000000,73800.000000000000000000,1.000000000000000000,-7380.000000000000000000,4.321000000000000000,1.171002710027100271,0.000000000000000000
43.300000000000000000,2000.000000000000000000,20000.000000000000000000,1.000000000000000000,74000.000000000000000000,1.000000000000000000,-7400.000000000000000000,4.330000000000000000,1.170270270270270270,0.000000000000000000
43.390000000000000000,2000.000000000000000000,20000.000000000000000000,1.000000000000000000,74200.000000000000000000,1.000000000000000000,-7420.000000000000000000,4.339000000000000000,1.169541778975741239,0.000000000000000000
43.480000000000000000,2000.000000000000000000,20000.000000000000000000,1.000000000000000000,74400.000000000000000000,1.000000000000000000,-7440.000000000000000000,4.348000000000000000,1.168817204301075268,0.000000000000000000
43.570000000000000000,2000.000000000000000000,20000.000000000000000000,1.000000000000000000,74600.000000000000000000,1.000000000000000000,-7460.000000000000000000,4.357000000000000000,1.168096514745308310,0.000000000000000000
43.660000000000000000,2000.000000000000000000,20000.000000000000000000,1.000000000000000000,74800.000000000000000000,1.000000000000000000,-7480.000000000000000000,4.366000000000000000,1.167379679144385026,0.000000000000000000
43.750000000000000000,2000.000000000000000000,20000.000000000000000000,1.000000000000000000,75000.000000000000000000,1.000000000000000000,-7500.000000000000000000,4.375000000000000000,1.166666666666666666,0.000000000000000000
43.840000000000000000,2000.000000000000000000,20000.000000000000000000,1.000000000000000000,75200.000000000000000000,1.000000000000000000,-7520.000000000000000000,4.384000000000000000,1.165957446808510638,0.000000000000000000
43.930000000000000000,2000.000000000000000000,20000.000000000000000000,1.000000000000000000,75400.000000000000000000,1.000000000000000000,-7540.000000000000000000,4.393000000000000000,1.165251989389920424,0.000000000000000000
44.020000000000000000,2000.000000000000000000,20000.000000000000000000,1.000000000000000000,75600.000000000000000000,1.000000000000000000,-7560.000000000000000000,4.402000000000000000,1.164550264550264550,0.000000000000000000
44.110000000000000000,2000.000000000000000000,20000.000000000000000000,1.000000000000000000,75800.000000000000000000,1.000000000000000000,-7580.000000000000000000,4.411000000000000000,1.163852242744063324,0.000000000000000000
44.200000000000000000,2000.000000000000000000,20000.000000000000000000,1.000000000000000000,76000.000000000000000000,1.000000000000000000,-7600.000000000000000000,4.420000000000000000,1.163157894736842105,0.000000000000000000
44.290000000000000000,2000.000000000000000000,20000.000000000000000000,1.000000000000000000,76200.000000000000000000,1.000000000000000000,-7620.000000000000000000,4.429000000000000000,1.162467191601049868,0.000000000000000000
44.380000000000000000,2000.000000000000000000,20000.000000000000000000,1.000000000000000000,76400.000000000000000000,1.000000000000000000,-7640.000000000000000000,4.438000000000000000,1.161780104712041884,0.000000000000000000
44.470000000000000000,2000.000000000000000000,20000.000000000000000000,1.000000000000000000,76600.000000000000000000,1.000000000000000000,-7660.000000000000000000,4.447000000000000000,1.161096605744125326,0.000000000000000000
44.560000000000000000,2000.000000000000000000,20000.000000000000000000,1.000000000000000000,76800.000000000000000000,1.000000000000000000,-7680.000000000000000000,4.456000000000000000,1.160416666666666666,0.000000000000000000
44.650000000000000000,2000.000000000000000000,20000.000000000000000000,1.000000000000000000,77000.000000000000000000,1.000000000000000000,-7700.000000000000000000,4.465000000000000000,1.159740259740259740,0.000000000000000000
44.740000000000000000,2000.000000000000000000,20000.000000000000000000,1.000000000000000000,77200.000000000000000000,1.000000000000000000,-7720.000000000000000000,4.474000000000000000,1.159067357512953367,0.000000000000000000
44.830000000000000000,2000.000000000000000000,20000.000000000000000000,1.000000000000000000,77400.000000000000000000,1.000000000000000000,-7740.000000000000000000,4.483000000000000000,1.158397932816537467,0.000000000000000000
44.920000000000000000,2000.000000000000000000,20000.000000000000000000,1.000000000000000000,77600.000000000000000000,1.000000000000000000,-7760.000000000000000000,4.492000000000000000,1.157731958762886597,0.000000000000000000
45.010000000000000000,2000.000000000000000000,20000.000000000000000000,1.000000000000000000,77800.000000000000000000,1.000000000000000000,-7780.000000000000000000,4.501000000000000000,1.157069408740359897,0.000000000000000000
45.100000000000000000,2000.000000000000000000,20000.000000000000000000,1.000000000000000000,78000.000000000000000000,1.000000000000000000,-7800.000000000000000000,4.510000000000000000,1.156410256410256410,0.000000000000000000
45.190000000000000000,2000.000000000000000000,20000.000000000000000000,1.000000000000000000,78200.000000000000000000,1.000000000000000000,-7820.000000000000000000,4.519000000000000000,1.155754475703324808,0.000000000000000000
45.280000000000000000,2000.000000000000000000,20000.000000000000000000,1.000000000000000000,78400.000000000000000000,1.000000000000000000,-7840.000000000000000000,4.528000000000000000,1.155102040816326530,0.000000000000000000
45.370000000000000000,2000.000000000000000000,20000.000000000000000000,1.000000000000000000,78600.000000000000000000,1.000000000000000000,-7860.000000000000000000,4.537000000000000000,1.154452926208651399,0.000000000000000000
45.460000000000000000,2000.000000000000000000,20000.000000000000000000,1.000000000000000000,78800.000000000000000000,1.000000000000000000,-7880.000000000000000000,4.546000000000000000,1.153807106598984771,0.000000000000000000
45.550000000000000000,2000.000000000000000000,20000.000000000000000000,1.000000000000000000,79000.000000000000000000,1.000000000000000000,-7900.000000000000000000,4.555000000000000000,1.153164556962025316,0.000000000000000000
45.640000000000000000,2000.000000000000000000,20000.000000000000000000,1.000000000000000000,79200.000000000000000000,1.000000000000000000,-7920.000000000000000000,4.564000000000000000,1.152525252525252525,0.000000000000000000
45.730000000000000000,2000.000000000000000000,20000.000000000000000000,1.000000000000000000,79400.000000000000000000,1.000000000000000000,-7940.000000000000000000,4.573000000000000000,1.151889168765743073,0.000000000000000000
45.820000000000000000,2000.000000000000000000,20000.000000000000000000,1.000000000000000000,79600.000000000000000000,1.000000000000000000,-7960.000000000000000000,4.582000000000000000,1.151256281407035175,0.000000000000000000
45.910000000000000000,2000.000000000000000000,20000.000000000000000000,1.000000000000000000,79800.000000000000000000,1.000000000000000000,-7980.000000000000000000,4.591000000000000000,1.150626566416040100,0.000000000000000000
46.000000000000000000,2000.000000000000000000,20000.000000000000000000,1.000000000000000000,80000.000000000000000000,1.000000000000000000,-8000.000000000000000000,4.600000000000000000,1.150000000000000000,0.000000000000000000
46.090000000000000000,2000.000000000000000000,20000.000000000000000000,1.000000000000000000,80200.000000000000000000,1.000000000000000000,-8020.000000000000000000,4.609000000000000000,1.149376558603491271,0.000000000000000000
46.180000000000000000,2000.000000000000000000,20000.000000000000000000,1.000000000000000000,80400.000000000000000000,1.000000000000000000,-8040.000000000000000000,4.618000000000000000,1.148756218905472636,0.000000000000000000
46.270000000000000000,2000.000000000000000000,20000.000000000000000000,1.000000000000000000,80600.000000000000000000,1.000000000000000000,-8060.000000000000000000,4.627000000000000000,1.148138957816377171,0.000000000000000000
46.360000000000000000,2000.000000000000000000,20000.000000000000000000,1.000000000000000000,80800.000000000000000000,1.000000000000000000,-8080.000000000000000000,4.636000000000000000,1.147524752475247524,0.000000000000000000
46.450000000000000000,2000.000000000000000000,20000.000000000000000000,1.000000000000000000,81000.000000000000000000,1.000000000000000000,-8100.000000000000000000,4.645000000000000000,1.146913580246913580,0.000000000000000000
46.540000000000000000,2000.000000000000000000,20000.000000000000000000,1.000000000000000000,81200.000000000000000000,1.000000000000000000,-8120.000000000000000000,4.654000000000000000,1.146305418719211822,0.000000000000000000
46.630000000000000000,2000.000000000000000000,20000.000000000000000000,1.000000000000000000,81400.000000000000000000,1.000000000000000000,-8140.000000000000000000,4.663000000000000000,1.145700245700245700,0.000000000000000000
46.720000000000000000,2000.000000000000000000,20000.000000000000000000,1.000000000000000000,81600.000000000000000000,1.000000000000000000,-8160.000000000000000000,4.672000000000000000,1.145098039215686274,0.000000000000000000
46.810000000000000000,2000.000000000000000000,20000.000000000000000000,1.000000000000000000,81800.000000000000000000,1.000000000000000000,-8180.000000000000000000,4.681000000000000000,1.144498777506112469,0.000000000000000000
46.900000000000000000,2000.000000000000000000,20000.000000000000000000,1.000000000000000000,82000.000000000000000000,1.000000000000000000,-8200.000000000000000000,4.690000000000000000,1.143902439024390243,0.000000000000000000
46.990000000000000000,2000.000000000000000000,20000.000000000000000000,1.000000000000000000,82200.000000000000000000,1.000000000000000000,-8220.000000000000000000,4.699000000000000000,1.143309002433090024,0.000000000000000000
47.080000000000000000,2000.000000000000000000,20000.000000000000000000,1.000000000000000000,82400.000000000000000000,1.000000000000000000,-8240.000000000000000000,4.708000000000000000,1.142718446601941747,0.000000000000000000
47.170000000000000000,2000.000000000000000000,20000.000000000000000000,1.000000000000000000,82600.000000000000000000,1.000000000000000000,-8260.000000000000000000,4.717000000000000000,1.142130750605326876,0.000000000000000000
47.260000000000000000,2000.000000000000000000,20000.000000000000000000,1.000000000000000000,82800.000000000000000000,1.000000000000000000,-8280.000000000000000000,4.726000000000000000,1.141545893719806763,0.000000000000000000
47.350000000000000000,2000.000000000000000000,20000.000000000000000000,1.000000000000000000,83000.000000000000000000,1.000000000000000000,-8300.000000000000000000,4.735000000000000000,1.140963855421686746,0.000000000000000000
47.440000000000000000,2000.000000000000000000,20000.000000000000000000,1.000000000000000000,83200.000000000000000000,1.000000000000000000,-8320.000000000000000000,4.744000000000000000,1.140384615384615384,0.000000000000000000
47.530000000000000000,2000.000000000000000000,20000.000000000000000000,1.000000000000000000,83400.000000000000000000,1.000000000000000000,-8340.000000000000000000,4.753000000000000000,1.139808153477218225,0.000000000000000000
47.620000000000000000,2000.000000000000000000,20000.000000000000000000,1.000000000000000000,83600.000000000000000000,1.000000000000000000,-8360.000000000000000000,4.762000000000000000,1.139234449760765550,0.000000000000000000
47.710000000000000000,2000.000000000000000000,20000.000000000000000000,1.000000000000000000,83800.000000000000000000,1.000000000000000000,-8380.000000000000000000,4.771000000000000000,1.138663484486873508,0.000000000000000000
47.800000000000000000,2000.000000000000000000,20000.000000000000000000,1.000000000000000000,84000.000000000000000000,1.000000000000000000,-8400.000000000000000000,4.780000000000000000,1.138095238095238095,0.000000000000000000
47.890000000000000000,2000.000000000000000000,20000.000000000000000000,1.000000000000000000,84200.000000000000000000,1.000000000000000000,-8420.000000000000000000,4.789000000000000000,1.137529691211401425,0.000000000000000000
47.980000000000000000,2000.000000000000000000,20000.000000000000000000,1.000000000000000000,84400.000000000000000000,1.000000000000000000,-8440.000000000000000000,4.798000000000000000,1.136966824644549763,0.000000000000000000
48.070000000000000000,2000.000000000000000000,20000.000000000000000000,1.000000000000000000,84600.000000000000000000,1.000000000000000000,-8460.000000000000000000,4.807000000000000000,1.136406619385342789,0.000000000000000000
48.160000000000000000,2000.000000000000000000,20000.000000000000000000,1.000000000000000000,84800.000000000000000000,1.000000000000000000,-8480.000000000000000000,4.816000000000000000,1.135849056603773584,0.000000000000000000
48.250000000000000000,2000.000000000000000000,20000.000000000000000000,1.000000000000000000,85000.000000000000000000,1.000000000000000000,-8500.000000000000000000,4.825000000000000000,1.135294117647058823,0.000000000000000000
48.340000000000000000,2000.000000000000000000,20000.000000000000000000,1.000000000000000000,85200.000000000000000000,1.000000000000000000,-8520.000000000000000000,4.834000000000000000,1.134741784037558685,0.000000000000000000
48.430000000000000000,2000.000000000000000000,20000.000000000000000000,1.000000000000000000,85400.000000000000000000,1.000000000000000000,-8540.000000000000000000,4.843000000000000000,1.134192037470725995,0.000000000000000000
48.520000000000000000,2000.000000000000000000,20000.000000000000000000,1.000000000000000000,85600.000000000000000000,1.000000000000000000,-8560.000000000000000000,4.852000000000000000,1.133644859813084112,0.000000000000000000
48.610000000000000000,2000.000000000000000000,20000.000000000000000000,1.000000000000000000,85800.000000000000000000,1.000000000000000000,-8580.000000000000000000,4.861000000000000000,1.133100233100233100,0.000000000000000000
48.700000000000000000,2000.000000000000000000,20000.000000000000000000,1.000000000000000000,86000.000000000000000000,1.000000000000000000,-8600.000000000000000000,4.870000000000000000,1.132558139534883720,0.000000000000000000
48.790000000000000000,2000.000000000000000000,20000.000000000000000000,1.000000000000000000,86200.000000000000000000,1.000000000000000000,-8620.000000000000000000,4.879000000000000000,1.132018561484918793,0.000000000000000000
48.880000000000000000,2000.000000000000000000,20000.000000000000000000,1.000000000000000000,86400.000000000000000000,1.000000000000000000,-8640.000000000000000000,4.888000000000000000,1.131481481481481481,0.000000000000000000
48.970000000000000000,2000.000000000000000000,20000.000000000000000000,1.000000000000000000,86600.000000000000000000,1.000000000000000000,-8660.000000000000000000,4.897000000000000000,1.130946882217090069,0.000000000000000000
49.060000000000000000,2000.000000000000000000,20000.000000000000000000,1.000000000000000000,86800.000000000000000000,1.000000000000000000,-8680.000000000000000000,4.906000000000000000,1.130414746543778801,0.000000000000000000
49.150000000000000000,2000.000000000000000000,20000.000000000000000000,1.000000000000000000,87000.000000000000000000,1.000000000000000000,-8700.000000000000000000,4.915000000000000000,1.129885057471264367,0.000000000000000000
49.240000000000000000,2000.000000000000000000,20000.000000000000000000,1.000000000000000000,87200.000000000000000000,1.000000000000000000,-8720.000000000000000000,4.924000000000000000,1.129357798165137614,0.000000000000000000
49.330000000000000000,2000.000000000000000000,20000.000000000000000000,1.000000000000000000,87400.000000000000000000,1.000000000000000000,-8740.000000000000000000,4.933000000000000000,1.128832951945080091,0.000000000000000000
49.420000000000000000,2000.000000000000000000,20000.000000000000000000,1.000000000000000000,87600.000000000000000000,1.000000000000000000,-8760.000000000000000000,4.942000000000000000,1.128310502283105022,0.000000000000000000
49.510000000000000000,2000.000000000000000000,20000.000000000000000000,1.000000000000000000,87800.000000000000000000,1.000000000000000000,-8780.000000000000000000,4.951000000000000000,1.127790432801822323,0.000000000000000000
49.600000000000000000,2000.000000000000000000,20000.000000000000000000,1.000000000000000000,88000.000000000000000000,1.000000000000000000,-8800.000000000000000000,4.960000000000000000,1.127272727272727272,0.000000000000000000
49.690000000000000000,2000.000000000000000000,20000.000000000000000000,1.000000000000000000,88200.000000000000000000,1.000000000000000000,-8820.000000000000000000,4.969000000000000000,1.126757369614512471,0.000000000000000000
49.780000000000000000,2000.000000000000000000,20000.000000000000000000,1.000000000000000000,88400.000000000000000000,1.000000000000000000,-8840.000000000000000000,4.978000000000000000,1.126244343891402714,0.000000000000000000
49.870000000000000000,2000.000000000000000000,20000.000000000000000000,1.000000000000000000,88600.000000000000000000,1.000000000000000000,-8860.000000000000000000,4.987000000000000000,1.125733634311512415,0.000000000000000000
49.960000000000000000,2000.000000000000000000,20000.000000000000000000,1.000000000000000000,88800.000000000000000000,1.000000000000000000,-8880.000000000000000000,4.996000000000000000,1.125225225225225225,0.000000000000000000
50.050000000000000000,2000.000000000000000000,20000.000000000000000000,1.000000000000000000,89000.000000000000000000,1.000000000000000000,-8900.000000000000000000,5.005000000000000000,1.124719101123595505,0.000000000000000000
50.140000000000000000,2000.000000000000000000,20000.000000000000000000,1.000000000000000000,89200.000000000000000000,1.000000000000000000,-8920.000000000000000000,5.014000000000000000,1.124215246636771300,0.000000000000000000
50.230000000000000000,2000.000000000000000000,20000.000000000000000000,1.000000000000000000,89400.000000000000000000,1.000000000000000000,-8940.000000000000000000,5.023000000000000000,1.123713646532438478,0.000000000000000000
50.320000000000000000,2000.000000000000000000,20000.000000000000000000,1.000000000000000000,89600.000000000000000000,1.000000000000000000,-8960.000000000000000000,5.032000000000000000,1.123214285714285714,0.000000000000000000
50.410000000000000000,2000.000000000000000000,20000.000000000000000000,1.000000000000000000,89800.000000000000000000,1.000000000000000000,-8980.000000000000000000,5.041000000000000000,1.122717149220489977,0.000000000000000000
50.500000000000000000,2000.000000000000000000,20000.000000000000000000,1.000000000000000000,90000.000000000000000000,1.000000000000000000,-9000.000000000000000000,5.050000000000000000,1.122222222222222222,0.000000000000000000
50.590000000000000000,2000.000000000000000000,20000.000000000000000000,1.000000000000000000,90200.000000000000000000,1.000000000000000000,-9020.000000000000000000,5.059000000000000000,1.121729490022172949,0.000000000000000000
50.680000000000000000,2000.000000000000000000,20000.000000000000000000,1.000000000000000000,90400.000000000000000000,1.000000000000000000,-9040.000000000000000000,5.068000000000000000,1.121238938053097345,0.000000000000000000
50.770000000000000000,2000.000000000000000000,20000.000000000000000000,1.000000000000000000,90600.000000000000000000,1.000000000000000000,-9060.000000000000000000,5.077000000000000000,1.120750551876379690,0.000000000000000000
50.860000000000000000,2000.000000000000000000,20000.000000000000000000,1.000000000000000000,90800.000000000000000000,1.000000000000000000,-9080.000000000000000000,5.086000000000000000,1.120264317180616740,0.000000000000000000
50.950000000000000000,2000.000000000000000000,20000.000000000000000000,1.000000000000000000,91000.000000000000000000,1.000000000000000000,-9100.000000000000000000,5.095000000000000000,1.119780219780219780,0.000000000000000000
51.040000000000000000,2000.000000000000000000,20000.000000000000000000,1.000000000000000000,91200.000000000000000000,1.000000000000000000,-9120.000000000000000000,5.104000000000000000,1.119298245614035087,0.000000000000000000
51.130000000000000000,2000.000000000000000000,20000.000000000000000000,1.000000000000000000,91400.000000000000000000,1.000000000000000000,-9140.000000000000000000,5.113000000000000000,1.118818380743982494,0.000000000000000000
51.220000000000000000,2000.000000000000000000,20000.000000000000000000,1.000000000000000000,91600.000000000000000000,1.000000000000000000,-9160.000000000000000000,5.122000000000000000,1.118340611353711790,0.000000000000000000
51.310000000000000000,2000.000000000000000000,20000.000000000000000000,1.000000000000000000,91800.000000000000000000,1.000000000000000000,-9180.000000000000000000,5.131000000000000000,1.117864923747276688,0.000000000000000000
51.400000000000000000,2000.000000000000000000,20000.000000000000000000,1.000000000000000000,92000.000000000000000000,1.000000000000000000,-9200.000000000000000000,5.140000000000000000,1.117391304347826086,0.000000000000000000
51.490000000000000000,2000.000000000000000000,20000.000000000000000000,1.000000000000000000,92200.000000000000000000,1.000000000000000000,-9220.000000000000000000,5.149000000000000000,1.116919739696312364,0.000000000000000000
51.580000000000000000,2000.000000000000000000,20000.000000000000000000,1.000000000000000000,92400.000000000000000000,1.000000000000000000,-9240.000000000000000000,5.158000000000000000,1.116450216450216450,0.000000000000000000
51.670000000000000000,2000.000000000000000000,20000.000000000000000000,1.000000000000000000,92600.000000000000000000,1.000000000000000000,-9260.000000000000000000,5.167000000000000000,1.115982721382289416,0.000000000000000000
51.760000000000000000,2000.000000000000000000,20000.000000000000000000,1.000000000000000000,92800.000000000000000000,1.000000000000000000,-9280.000000000000000000,5.176000000000000000,1.115517241379310344,0.000000000000000000
51.850000000000000000,2000.000000000000000000,20000.000000000000000000,1.000000000000000000,93000.000000000000000000,1.000000000000000000,-9300.000000000000000000,5.185000000000000000,1.115053763440860215,0.000000000000000000
51.940000000000000000,2000.000000000000000000,20000.000000000000000000,1.000000000000000000,93200.000000000000000000,1.000000000000000000,-9320.000000000000000000,5.194000000000000000,1.114592274678111587,0.000000000000000000
52.030000000000000000,2000.000000000000000000,20000.000000000000000000,1.000000000000000000,93400.000000000000000000,1.000000000000000000,-9340.000000000000000000,5.203000000000000000,1.114132762312633832,0.000000000000000000
52.120000000000000000,2000.000000000000000000,20000.000000000000000000,1.000000000000000000,93600.000000000000000000,1.000000000000000000,-9360.000000000000000000,5.212000000000000000,1.113675213675213675,0.000000000000000000
52.210000000000000000,2000.000000000000000000,20000.000000000000000000,1.000000000000000000,93800.000000000000000000,1.000000000000000000,-9380.000000000000000000,5.221000000000000000,1.113219616204690831,0.000000000000000000
52.300000000000000000,2000.000000000000000000,20000.000000000000000000,1.000000000000000000,94000.000000000000000000,1.000000000000000000,-9400.000000000000000000,5.230000000000000000,1.112765957446808510,0.000000000000000000
52.390000000000000000,2000.000000000000000000,20000.000000000000000000,1.000000000000000000,94200.000000000000000000,1.000000000000000000,-9420.000000000000000000,5.239000000000000000,1.112314225053078556,0.000000000000000000
52.480000000000000000,2000.000000000000000000,20000.000000000000000000,1.000000000000000000,94400.000000000000000000,1.000000000000000000,-9440.000000000000000000,5.248000000000000000,1.111864406779661016,0.000000000000000000
52.570000000000000000,2000.000000000000000000,20000.000000000000000000,1.000000000000000000,94600.000000000000000000,1.000000000000000000,-9460.000000000000000000,5.257000000000000000,1.111416490486257928,0.000000000000000000
52.660000000000000000,2000.000000000000000000,20000.000000000000000000,1.000000000000000000,94800.000000000000000000,1.000000000000000000,-9480.000000000000000000,5.266000000000000000,1.110970464135021097,0.000000000000000000
52.750000000000000000,2000.000000000000000000,20000.000000000000000000,1.000000000000000000,95000.000000000000000000,1.000000000000000000,-9500.000000000000000000,5.275000000000000000,1.110526315789473684,0.000000000000000000
52.840000000000000000,2000.000000000000000000,20000.000000000000000000,1.000000000000000000,95200.000000000000000000,1.000000000000000000,-9520.000000000000000000,5.284000000000000000,1.110084033613445378,0.000000000000000000
52.930000000000000000,2000.000000000000000000,20000.000000000000000000,1.000000000000000000,95400.000000000000000000,1.000000000000000000,-9540.000000000000000000,5.293000000000000000,1.109643605870020964,0.000000000000000000
53.020000000000000000,2000.000000000000000000,20000.000000000000000000,1.000000000000000000,95600.000000000000000000,1.000000000000000000,-9560.000000000000000000,5.302000000000000000,1.109205020920502092,0.000000000000000000
53.110000000000000000,2000.000000000000000000,20000.000000000000000000,1.000000000000000000,95800.000000000000000000,1.000000000000000000,-9580.000000000000000000,5.311000000000000000,1.108768267223382045,0.000000000000000000
53.200000000000000000,2000.000000000000000000,20000.000000000000000000,1.000000000000000000,96000.000000000000000000,1.000000000000000000,-9600.000000000000000000,5.320000000000000000,1.108333333333333333,0.000000000000000000
53.290000000000000000,2000.000000000000000000,20000.000000000000000000,1.000000000000000000,96200.000000000000000000,1.000000000000000000,-9620.000000000000000000,5.329000000000000000,1.107900207900207900,0.000000000000000000
53.380000000000000000,2000.000000000000000000,20000.000000000000000000,1.000000000000000000,96400.000000000000000000,1.000000000000000000,-9640.000000000000000000,5.338000000000000000,1.107468879668049792,0.000000000000000000
53.470000000000000000,2000.000000000000000000,20000.000000000000000000,1.000000000000000000,96600.000000000000000000,1.000000000000000000,-9660.000000000000000000,5.347000000000000000,1.107039337474120082,0.000000000000000000
53.560000000000000000,2000.000000000000000000,20000.000000000000000000,1.000000000000000000,96800.000000000000000000,1.000000000000000000,-9680.000000000000000000,5.356000000000000000,1.106611570247933884,0.000000000000000000
53.650000000000000000,2000.000000000000000000,20000.000000000000000000,1.000000000000000000,97000.000000000000000000,1.000000000000000000,-9700.000000000000000000,5.365000000000000000,1.106185567010309278,0.000000000000000000
53.740000000000000000,2000.000000000000000000,20000.000000000000000000,1.000000000000000000,97200.000000000000000000,1.000000000000000000,-9720.000000000000000000,5.374000000000000000,1.105761316872427983,0.000000000000000000
53.830000000000000000,2000.000000000000000000,20000.000000000000000000,1.000000000000000000,97400.000000000000000000,1.000000000000000000,-9740.000000000000000000,5.383000000000000000,1.105338809034907597,0.000000000000000000
53.920000000000000000,2000.000000000000000000,20000.000000000000000000,1.000000000000000000,97600.000000000000000000,1.000000000000000000,-9760.000000000000000000,5.392000000000000000,1.104918032786885245,0.000000000000000000
54.010000000000000000,2000.000000000000000000,20000.000000000000000000,1.000000000000000000,97800.000000000000000000,1.000000000000000000,-9780.000000000000000000,5.401000000000000000,1.104498977505112474,0.000000000000000000
54.100000000000000000,2000.000000000000000000,20000.000000000000000000,1.000000000000000000,98000.000000000000000000,1.000000000000000000,-9800.000000000000000000,5.410000000000000000,1.104081632653061224,0.000000000000000000
54.190000000000000000,2000.000000000000000000,20000.000000000000000000,1.000000000000000000,98200.000000000000000000,1.000000000000000000,-9820.000000000000000000,5.419000000000000000,1.103665987780040733,0.000000000000000000
54.280000000000000000,2000.000000000000000000,20000.000000000000000000,1.000000000000000000,98400.000000000000000000,1.000000000000000000,-9840.000000000000000000,5.428000000000000000,1.103252032520325203,0.000000000000000000
54.370000000000000000,2000.000000000000000000,20000.000000000000000000,1.000000000000000000,98600.000000000000000000,1.000000000000000000,-9860.000000000000000000,5.437000000000000000,1.102839756592292089,0.000000000000000000
54.460000000000000000,2000.000000000000000000,20000.000000000000000000,1.000000000000000000,98800.000000000000000000,1.000000000000000000,-9880.000000000000000000,5.446000000000000000,1.102429149797570850,0.000000000000000000
54.550000000000000000,2000.000000000000000000,20000.000000000000000000,1.000000000000000000,99000.000000000000000000,1.000000000000000000,-9900.000000000000000000,5.455000000000000000,1.102020202020202020,0.000000000000000000
54.640000000000000000,2000.000000000000000000,20000.000000000000000000,1.000000000000000000,99200.000000000000000000,1.000000000000000000,-9920.000000000000000000,5.464000000000000000,1.101612903225806451,0.000000000000000000
54.730000000000000000,2000.000000000000000000,20000.000000000000000000,1.000000000000000000,99400.000000000000000000,1.000000000000000000,-9940.000000000000000000,5.473000000000000000,1.101207243460764587,0.000000000000000000
54.820000000000000000,2000.000000000000000000,20000.000000000000000000,1.000000000000000000,99600.000000000000000000,1.000000000000000000,-9960.000000000000000000,5.482000000000000000,1.100803212851405622,0.000000000000000000
54.910000000000000000,2000.000000000000000000,20000.000000000000000000,1.000000000000000000,99800.000000000000000000,1.000000000000000000,-9980.000000000000000000,5.491000000000000000,1.100400801603206412,0.000000000000000000
55.000000000000000000,2000.000000000000000000,20000.000000000000000000,1.000000000000000000,100000.000000000000000000,1.000000000000000000,-10000.000000000000000000,5.500000000000000000,1.100000000000000000,0.000000000000000000
55.090000000000000000,2000.000000000000000000,20000.000000000000000000,1.000000000000000000,100200.000000000000000000,1.000000000000000000,-10020.000000000000000000,5.509000000000000000,1.099600798403193612,0.000000000000000000
