gamma,later cohort over earlier cohort at recovery,sail supply multiple after the two conversions,sail supply multiple after ten conversions
0.001000000000000000,1.001000000000000000,1.002001000000000000,1.010045120210252210
0.002000000000000000,1.002000000000000000,1.004004000000000000,1.020180963368077455
0.004000000000000000,1.004000000000000000,1.008016000000000000,1.040727734018910129
0.008000000000000000,1.008000000000000000,1.016064000000000000,1.082942308472838654
0.016000000000000000,1.016000000000000000,1.032256000000000000,1.172025550356773576
0.032000000000000000,1.032000000000000000,1.065024000000000000,1.370241046335646637
0.064000000000000000,1.064000000000000000,1.132096000000000000,1.859586050003014751
0.128000000000000000,1.128000000000000000,1.272384000000000000,3.334962819596522093
0.256000000000000000,1.256000000000000000,1.577536000000000000,9.770041174827306353
0.512000000000000000,1.512000000000000000,2.286144000000000000,62.447910520520165735
1.024000000000000000,2.047999999999999999,4.048000000000000000,1140.051759453131239566
2.048000000000000000,4.095999999999999999,6.096000000000000000,45411.375802504673835120
4.096000000000000000,8.191999999999999999,10.192000000000000000,4635480.618827423485596319
8.192000000000000000,10.000000000000000002,12.000000000000000003,20155392.000000000054016842
16.384000000000000000,10.000000000000000002,12.000000000000000003,20155392.000000000054016842
32.768000000000000000,10.000000000000000002,12.000000000000000003,20155392.000000000054016842
65.536000000000000000,10.000000000000000002,12.000000000000000003,20155392.000000000054016842
131.072000000000000000,10.000000000000000002,12.000000000000000003,20155392.000000000054016842
262.144000000000000000,10.000000000000000002,12.000000000000000003,20155392.000000000054016842
524.288000000000000000,10.000000000000000002,12.000000000000000003,20155392.000000000054016842
