collateral ratio,conversion tokens,retail tokens,rebalance tokens,leverage ratio,leveraged price,conversion value,retail value,pegged given up
0.009999999999999999,0.000000000000000000,0.000000000000000000,0.000000000000000000,115792089237316195423570985008687907853269984665640564039457.584007913129639935,0.000000000000000000,0.000000000000000000,0.000000000000000000,0.009999999999999999
0.019999999999999999,0.000000000000000000,0.000000000000000000,0.000000000000000000,115792089237316195423570985008687907853269984665640564039457.584007913129639935,0.000000000000000000,0.000000000000000000,0.000000000000000000,0.019999999999999999
0.029999999999999999,0.000000000000000000,0.000000000000000000,0.000000000000000000,115792089237316195423570985008687907853269984665640564039457.584007913129639935,0.000000000000000000,0.000000000000000000,0.000000000000000000,0.029999999999999999
0.039999999999999999,0.000000000000000000,0.000000000000000000,0.000000000000000000,115792089237316195423570985008687907853269984665640564039457.584007913129639935,0.000000000000000000,0.000000000000000000,0.000000000000000000,0.039999999999999999
0.049999999999999999,0.000000000000000000,0.000000000000000000,0.000000000000000000,115792089237316195423570985008687907853269984665640564039457.584007913129639935,0.000000000000000000,0.000000000000000000,0.000000000000000000,0.049999999999999999
0.059999999999999999,0.000000000000000000,0.000000000000000000,0.000000000000000000,115792089237316195423570985008687907853269984665640564039457.584007913129639935,0.000000000000000000,0.000000000000000000,0.000000000000000000,0.059999999999999999
0.069999999999999999,0.000000000000000000,0.000000000000000000,0.000000000000000000,115792089237316195423570985008687907853269984665640564039457.584007913129639935,0.000000000000000000,0.000000000000000000,0.000000000000000000,0.069999999999999999
0.079999999999999999,0.000000000000000000,0.000000000000000000,0.000000000000000000,115792089237316195423570985008687907853269984665640564039457.584007913129639935,0.000000000000000000,0.000000000000000000,0.000000000000000000,0.079999999999999999
0.089999999999999999,0.000000000000000000,0.000000000000000000,0.000000000000000000,115792089237316195423570985008687907853269984665640564039457.584007913129639935,0.000000000000000000,0.000000000000000000,0.000000000000000000,0.089999999999999999
0.099999999999999999,0.000000000000000000,0.000000000000000000,0.000000000000000000,115792089237316195423570985008687907853269984665640564039457.584007913129639935,0.000000000000000000,0.000000000000000000,0.000000000000000000,0.099999999999999999
0.109999999999999999,0.000000000000000000,0.000000000000000000,0.000000000000000000,115792089237316195423570985008687907853269984665640564039457.584007913129639935,0.000000000000000000,0.000000000000000000,0.000000000000000000,0.109999999999999999
0.119999999999999999,0.000000000000000000,0.000000000000000000,0.000000000000000000,115792089237316195423570985008687907853269984665640564039457.584007913129639935,0.000000000000000000,0.000000000000000000,0.000000000000000000,0.119999999999999999
0.129999999999999999,0.000000000000000000,0.000000000000000000,0.000000000000000000,115792089237316195423570985008687907853269984665640564039457.584007913129639935,0.000000000000000000,0.000000000000000000,0.000000000000000000,0.129999999999999999
0.139999999999999999,0.000000000000000000,0.000000000000000000,0.000000000000000000,115792089237316195423570985008687907853269984665640564039457.584007913129639935,0.000000000000000000,0.000000000000000000,0.000000000000000000,0.139999999999999999
0.149999999999999999,0.000000000000000000,0.000000000000000000,0.000000000000000000,115792089237316195423570985008687907853269984665640564039457.584007913129639935,0.000000000000000000,0.000000000000000000,0.000000000000000000,0.149999999999999999
0.159999999999999999,0.000000000000000000,0.000000000000000000,0.000000000000000000,115792089237316195423570985008687907853269984665640564039457.584007913129639935,0.000000000000000000,0.000000000000000000,0.000000000000000000,0.159999999999999999
0.169999999999999999,0.000000000000000000,0.000000000000000000,0.000000000000000000,115792089237316195423570985008687907853269984665640564039457.584007913129639935,0.000000000000000000,0.000000000000000000,0.000000000000000000,0.169999999999999999
0.179999999999999999,0.000000000000000000,0.000000000000000000,0.000000000000000000,115792089237316195423570985008687907853269984665640564039457.584007913129639935,0.000000000000000000,0.000000000000000000,0.000000000000000000,0.179999999999999999
0.189999999999999999,0.000000000000000000,0.000000000000000000,0.000000000000000000,115792089237316195423570985008687907853269984665640564039457.584007913129639935,0.000000000000000000,0.000000000000000000,0.000000000000000000,0.189999999999999999
0.199999999999999999,0.000000000000000000,0.000000000000000000,0.000000000000000000,115792089237316195423570985008687907853269984665640564039457.584007913129639935,0.000000000000000000,0.000000000000000000,0.000000000000000000,0.199999999999999999
0.209999999999999999,0.000000000000000000,0.000000000000000000,0.000000000000000000,115792089237316195423570985008687907853269984665640564039457.584007913129639935,0.000000000000000000,0.000000000000000000,0.000000000000000000,0.209999999999999999
0.219999999999999999,0.000000000000000000,0.000000000000000000,0.000000000000000000,115792089237316195423570985008687907853269984665640564039457.584007913129639935,0.000000000000000000,0.000000000000000000,0.000000000000000000,0.219999999999999999
0.229999999999999999,0.000000000000000000,0.000000000000000000,0.000000000000000000,115792089237316195423570985008687907853269984665640564039457.584007913129639935,0.000000000000000000,0.000000000000000000,0.000000000000000000,0.229999999999999999
0.239999999999999999,0.000000000000000000,0.000000000000000000,0.000000000000000000,115792089237316195423570985008687907853269984665640564039457.584007913129639935,0.000000000000000000,0.000000000000000000,0.000000000000000000,0.239999999999999999
0.249999999999999999,0.000000000000000000,0.000000000000000000,0.000000000000000000,115792089237316195423570985008687907853269984665640564039457.584007913129639935,0.000000000000000000,0.000000000000000000,0.000000000000000000,0.249999999999999999
0.259999999999999999,0.000000000000000000,0.000000000000000000,0.000000000000000000,115792089237316195423570985008687907853269984665640564039457.584007913129639935,0.000000000000000000,0.000000000000000000,0.000000000000000000,0.259999999999999999
0.269999999999999999,0.000000000000000000,0.000000000000000000,0.000000000000000000,115792089237316195423570985008687907853269984665640564039457.584007913129639935,0.000000000000000000,0.000000000000000000,0.000000000000000000,0.269999999999999999
0.279999999999999999,0.000000000000000000,0.000000000000000000,0.000000000000000000,115792089237316195423570985008687907853269984665640564039457.584007913129639935,0.000000000000000000,0.000000000000000000,0.000000000000000000,0.279999999999999999
0.289999999999999999,0.000000000000000000,0.000000000000000000,0.000000000000000000,115792089237316195423570985008687907853269984665640564039457.584007913129639935,0.000000000000000000,0.000000000000000000,0.000000000000000000,0.289999999999999999
0.299999999999999999,0.000000000000000000,0.000000000000000000,0.000000000000000000,115792089237316195423570985008687907853269984665640564039457.584007913129639935,0.000000000000000000,0.000000000000000000,0.000000000000000000,0.299999999999999999
0.309999999999999999,0.000000000000000000,0.000000000000000000,0.000000000000000000,115792089237316195423570985008687907853269984665640564039457.584007913129639935,0.000000000000000000,0.000000000000000000,0.000000000000000000,0.309999999999999999
0.319999999999999999,0.000000000000000000,0.000000000000000000,0.000000000000000000,115792089237316195423570985008687907853269984665640564039457.584007913129639935,0.000000000000000000,0.000000000000000000,0.000000000000000000,0.319999999999999999
0.329999999999999999,0.000000000000000000,0.000000000000000000,0.000000000000000000,115792089237316195423570985008687907853269984665640564039457.584007913129639935,0.000000000000000000,0.000000000000000000,0.000000000000000000,0.329999999999999999
0.339999999999999999,0.000000000000000000,0.000000000000000000,0.000000000000000000,115792089237316195423570985008687907853269984665640564039457.584007913129639935,0.000000000000000000,0.000000000000000000,0.000000000000000000,0.339999999999999999
0.349999999999999999,0.000000000000000000,0.000000000000000000,0.000000000000000000,115792089237316195423570985008687907853269984665640564039457.584007913129639935,0.000000000000000000,0.000000000000000000,0.000000000000000000,0.349999999999999999
0.359999999999999999,0.000000000000000000,0.000000000000000000,0.000000000000000000,115792089237316195423570985008687907853269984665640564039457.584007913129639935,0.000000000000000000,0.000000000000000000,0.000000000000000000,0.359999999999999999
0.369999999999999999,0.000000000000000000,0.000000000000000000,0.000000000000000000,115792089237316195423570985008687907853269984665640564039457.584007913129639935,0.000000000000000000,0.000000000000000000,0.000000000000000000,0.369999999999999999
0.379999999999999999,0.000000000000000000,0.000000000000000000,0.000000000000000000,115792089237316195423570985008687907853269984665640564039457.584007913129639935,0.000000000000000000,0.000000000000000000,0.000000000000000000,0.379999999999999999
0.389999999999999999,0.000000000000000000,0.000000000000000000,0.000000000000000000,115792089237316195423570985008687907853269984665640564039457.584007913129639935,0.000000000000000000,0.000000000000000000,0.000000000000000000,0.389999999999999999
0.399999999999999999,0.000000000000000000,0.000000000000000000,0.000000000000000000,115792089237316195423570985008687907853269984665640564039457.584007913129639935,0.000000000000000000,0.000000000000000000,0.000000000000000000,0.399999999999999999
0.409999999999999999,0.000000000000000000,0.000000000000000000,0.000000000000000000,115792089237316195423570985008687907853269984665640564039457.584007913129639935,0.000000000000000000,0.000000000000000000,0.000000000000000000,0.409999999999999999
0.419999999999999999,0.000000000000000000,0.000000000000000000,0.000000000000000000,115792089237316195423570985008687907853269984665640564039457.584007913129639935,0.000000000000000000,0.000000000000000000,0.000000000000000000,0.419999999999999999
0.429999999999999999,0.000000000000000000,0.000000000000000000,0.000000000000000000,115792089237316195423570985008687907853269984665640564039457.584007913129639935,0.000000000000000000,0.000000000000000000,0.000000000000000000,0.429999999999999999
0.439999999999999999,0.000000000000000000,0.000000000000000000,0.000000000000000000,115792089237316195423570985008687907853269984665640564039457.584007913129639935,0.000000000000000000,0.000000000000000000,0.000000000000000000,0.439999999999999999
0.449999999999999999,0.000000000000000000,0.000000000000000000,0.000000000000000000,115792089237316195423570985008687907853269984665640564039457.584007913129639935,0.000000000000000000,0.000000000000000000,0.000000000000000000,0.449999999999999999
0.459999999999999999,0.000000000000000000,0.000000000000000000,0.000000000000000000,115792089237316195423570985008687907853269984665640564039457.584007913129639935,0.000000000000000000,0.000000000000000000,0.000000000000000000,0.459999999999999999
0.469999999999999999,0.000000000000000000,0.000000000000000000,0.000000000000000000,115792089237316195423570985008687907853269984665640564039457.584007913129639935,0.000000000000000000,0.000000000000000000,0.000000000000000000,0.469999999999999999
0.479999999999999999,0.000000000000000000,0.000000000000000000,0.000000000000000000,115792089237316195423570985008687907853269984665640564039457.584007913129639935,0.000000000000000000,0.000000000000000000,0.000000000000000000,0.479999999999999999
0.489999999999999999,0.000000000000000000,0.000000000000000000,0.000000000000000000,115792089237316195423570985008687907853269984665640564039457.584007913129639935,0.000000000000000000,0.000000000000000000,0.000000000000000000,0.489999999999999999
0.499999999999999999,0.000000000000000000,0.000000000000000000,0.000000000000000000,115792089237316195423570985008687907853269984665640564039457.584007913129639935,0.000000000000000000,0.000000000000000000,0.000000000000000000,0.499999999999999999
0.509999999999999999,0.000000000000000000,0.000000000000000000,0.000000000000000000,115792089237316195423570985008687907853269984665640564039457.584007913129639935,0.000000000000000000,0.000000000000000000,0.000000000000000000,0.509999999999999999
0.519999999999999999,0.000000000000000000,0.000000000000000000,0.000000000000000000,115792089237316195423570985008687907853269984665640564039457.584007913129639935,0.000000000000000000,0.000000000000000000,0.000000000000000000,0.519999999999999999
0.529999999999999999,0.000000000000000000,0.000000000000000000,0.000000000000000000,115792089237316195423570985008687907853269984665640564039457.584007913129639935,0.000000000000000000,0.000000000000000000,0.000000000000000000,0.529999999999999999
0.539999999999999999,0.000000000000000000,0.000000000000000000,0.000000000000000000,115792089237316195423570985008687907853269984665640564039457.584007913129639935,0.000000000000000000,0.000000000000000000,0.000000000000000000,0.539999999999999999
0.549999999999999999,0.000000000000000000,0.000000000000000000,0.000000000000000000,115792089237316195423570985008687907853269984665640564039457.584007913129639935,0.000000000000000000,0.000000000000000000,0.000000000000000000,0.549999999999999999
0.559999999999999999,0.000000000000000000,0.000000000000000000,0.000000000000000000,115792089237316195423570985008687907853269984665640564039457.584007913129639935,0.000000000000000000,0.000000000000000000,0.000000000000000000,0.559999999999999999
0.569999999999999999,0.000000000000000000,0.000000000000000000,0.000000000000000000,115792089237316195423570985008687907853269984665640564039457.584007913129639935,0.000000000000000000,0.000000000000000000,0.000000000000000000,0.569999999999999999
0.579999999999999999,0.000000000000000000,0.000000000000000000,0.000000000000000000,115792089237316195423570985008687907853269984665640564039457.584007913129639935,0.000000000000000000,0.000000000000000000,0.000000000000000000,0.579999999999999999
0.589999999999999999,0.000000000000000000,0.000000000000000000,0.000000000000000000,115792089237316195423570985008687907853269984665640564039457.584007913129639935,0.000000000000000000,0.000000000000000000,0.000000000000000000,0.589999999999999999
0.599999999999999999,0.000000000000000000,0.000000000000000000,0.000000000000000000,115792089237316195423570985008687907853269984665640564039457.584007913129639935,0.000000000000000000,0.000000000000000000,0.000000000000000000,0.599999999999999999
0.609999999999999999,0.000000000000000000,0.000000000000000000,0.000000000000000000,115792089237316195423570985008687907853269984665640564039457.584007913129639935,0.000000000000000000,0.000000000000000000,0.000000000000000000,0.609999999999999999
0.619999999999999999,0.000000000000000000,0.000000000000000000,0.000000000000000000,115792089237316195423570985008687907853269984665640564039457.584007913129639935,0.000000000000000000,0.000000000000000000,0.000000000000000000,0.619999999999999999
0.629999999999999999,0.000000000000000000,0.000000000000000000,0.000000000000000000,115792089237316195423570985008687907853269984665640564039457.584007913129639935,0.000000000000000000,0.000000000000000000,0.000000000000000000,0.629999999999999999
0.639999999999999999,0.000000000000000000,0.000000000000000000,0.000000000000000000,115792089237316195423570985008687907853269984665640564039457.584007913129639935,0.000000000000000000,0.000000000000000000,0.000000000000000000,0.639999999999999999
0.649999999999999999,0.000000000000000000,0.000000000000000000,0.000000000000000000,115792089237316195423570985008687907853269984665640564039457.584007913129639935,0.000000000000000000,0.000000000000000000,0.000000000000000000,0.649999999999999999
0.659999999999999999,0.000000000000000000,0.000000000000000000,0.000000000000000000,115792089237316195423570985008687907853269984665640564039457.584007913129639935,0.000000000000000000,0.000000000000000000,0.000000000000000000,0.659999999999999999
0.669999999999999999,0.000000000000000000,0.000000000000000000,0.000000000000000000,115792089237316195423570985008687907853269984665640564039457.584007913129639935,0.000000000000000000,0.000000000000000000,0.000000000000000000,0.669999999999999999
0.679999999999999999,0.000000000000000000,0.000000000000000000,0.000000000000000000,115792089237316195423570985008687907853269984665640564039457.584007913129639935,0.000000000000000000,0.000000000000000000,0.000000000000000000,0.679999999999999999
0.689999999999999999,0.000000000000000000,0.000000000000000000,0.000000000000000000,115792089237316195423570985008687907853269984665640564039457.584007913129639935,0.000000000000000000,0.000000000000000000,0.000000000000000000,0.689999999999999999
0.699999999999999999,0.000000000000000000,0.000000000000000000,0.000000000000000000,115792089237316195423570985008687907853269984665640564039457.584007913129639935,0.000000000000000000,0.000000000000000000,0.000000000000000000,0.699999999999999999
0.709999999999999999,0.000000000000000000,0.000000000000000000,0.000000000000000000,115792089237316195423570985008687907853269984665640564039457.584007913129639935,0.000000000000000000,0.000000000000000000,0.000000000000000000,0.709999999999999999
0.719999999999999999,0.000000000000000000,0.000000000000000000,0.000000000000000000,115792089237316195423570985008687907853269984665640564039457.584007913129639935,0.000000000000000000,0.000000000000000000,0.000000000000000000,0.719999999999999999
0.729999999999999999,0.000000000000000000,0.000000000000000000,0.000000000000000000,115792089237316195423570985008687907853269984665640564039457.584007913129639935,0.000000000000000000,0.000000000000000000,0.000000000000000000,0.729999999999999999
0.739999999999999999,0.000000000000000000,0.000000000000000000,0.000000000000000000,115792089237316195423570985008687907853269984665640564039457.584007913129639935,0.000000000000000000,0.000000000000000000,0.000000000000000000,0.739999999999999999
0.749999999999999999,0.000000000000000000,0.000000000000000000,0.000000000000000000,115792089237316195423570985008687907853269984665640564039457.584007913129639935,0.000000000000000000,0.000000000000000000,0.000000000000000000,0.749999999999999999
0.759999999999999999,0.000000000000000000,0.000000000000000000,0.000000000000000000,115792089237316195423570985008687907853269984665640564039457.584007913129639935,0.000000000000000000,0.000000000000000000,0.000000000000000000,0.759999999999999999
0.769999999999999999,0.000000000000000000,0.000000000000000000,0.000000000000000000,115792089237316195423570985008687907853269984665640564039457.584007913129639935,0.000000000000000000,0.000000000000000000,0.000000000000000000,0.769999999999999999
0.779999999999999999,0.000000000000000000,0.000000000000000000,0.000000000000000000,115792089237316195423570985008687907853269984665640564039457.584007913129639935,0.000000000000000000,0.000000000000000000,0.000000000000000000,0.779999999999999999
0.789999999999999999,0.000000000000000000,0.000000000000000000,0.000000000000000000,115792089237316195423570985008687907853269984665640564039457.584007913129639935,0.000000000000000000,0.000000000000000000,0.000000000000000000,0.789999999999999999
0.799999999999999999,0.000000000000000000,0.000000000000000000,0.000000000000000000,115792089237316195423570985008687907853269984665640564039457.584007913129639935,0.000000000000000000,0.000000000000000000,0.000000000000000000,0.799999999999999999
0.809999999999999999,0.000000000000000000,0.000000000000000000,0.000000000000000000,115792089237316195423570985008687907853269984665640564039457.584007913129639935,0.000000000000000000,0.000000000000000000,0.000000000000000000,0.809999999999999999
0.819999999999999999,0.000000000000000000,0.000000000000000000,0.000000000000000000,115792089237316195423570985008687907853269984665640564039457.584007913129639935,0.000000000000000000,0.000000000000000000,0.000000000000000000,0.819999999999999999
0.829999999999999999,0.000000000000000000,0.000000000000000000,0.000000000000000000,115792089237316195423570985008687907853269984665640564039457.584007913129639935,0.000000000000000000,0.000000000000000000,0.000000000000000000,0.829999999999999999
0.839999999999999999,0.000000000000000000,0.000000000000000000,0.000000000000000000,115792089237316195423570985008687907853269984665640564039457.584007913129639935,0.000000000000000000,0.000000000000000000,0.000000000000000000,0.839999999999999999
0.849999999999999999,0.000000000000000000,0.000000000000000000,0.000000000000000000,115792089237316195423570985008687907853269984665640564039457.584007913129639935,0.000000000000000000,0.000000000000000000,0.000000000000000000,0.849999999999999999
0.859999999999999999,0.000000000000000000,0.000000000000000000,0.000000000000000000,115792089237316195423570985008687907853269984665640564039457.584007913129639935,0.000000000000000000,0.000000000000000000,0.000000000000000000,0.859999999999999999
0.869999999999999999,0.000000000000000000,0.000000000000000000,0.000000000000000000,115792089237316195423570985008687907853269984665640564039457.584007913129639935,0.000000000000000000,0.000000000000000000,0.000000000000000000,0.869999999999999999
0.879999999999999999,0.000000000000000000,0.000000000000000000,0.000000000000000000,115792089237316195423570985008687907853269984665640564039457.584007913129639935,0.000000000000000000,0.000000000000000000,0.000000000000000000,0.879999999999999999
0.889999999999999999,0.000000000000000000,0.000000000000000000,0.000000000000000000,115792089237316195423570985008687907853269984665640564039457.584007913129639935,0.000000000000000000,0.000000000000000000,0.000000000000000000,0.889999999999999999
0.899999999999999999,0.000000000000000000,0.000000000000000000,0.000000000000000000,115792089237316195423570985008687907853269984665640564039457.584007913129639935,0.000000000000000000,0.000000000000000000,0.000000000000000000,0.899999999999999999
0.909999999999999999,0.000000000000000000,0.000000000000000000,0.000000000000000000,115792089237316195423570985008687907853269984665640564039457.584007913129639935,0.000000000000000000,0.000000000000000000,0.000000000000000000,0.909999999999999999
0.919999999999999999,0.000000000000000000,0.000000000000000000,0.000000000000000000,115792089237316195423570985008687907853269984665640564039457.584007913129639935,0.000000000000000000,0.000000000000000000,0.000000000000000000,0.919999999999999999
0.929999999999999999,0.000000000000000000,0.000000000000000000,0.000000000000000000,115792089237316195423570985008687907853269984665640564039457.584007913129639935,0.000000000000000000,0.000000000000000000,0.000000000000000000,0.929999999999999999
0.939999999999999999,0.000000000000000000,0.000000000000000000,0.000000000000000000,115792089237316195423570985008687907853269984665640564039457.584007913129639935,0.000000000000000000,0.000000000000000000,0.000000000000000000,0.939999999999999999
0.949999999999999999,0.000000000000000000,0.000000000000000000,0.000000000000000000,115792089237316195423570985008687907853269984665640564039457.584007913129639935,0.000000000000000000,0.000000000000000000,0.000000000000000000,0.949999999999999999
0.959999999999999999,0.000000000000000000,0.000000000000000000,0.000000000000000000,115792089237316195423570985008687907853269984665640564039457.584007913129639935,0.000000000000000000,0.000000000000000000,0.000000000000000000,0.959999999999999999
0.969999999999999999,0.000000000000000000,0.000000000000000000,0.000000000000000000,115792089237316195423570985008687907853269984665640564039457.584007913129639935,0.000000000000000000,0.000000000000000000,0.000000000000000000,0.969999999999999999
0.979999999999999999,0.000000000000000000,0.000000000000000000,0.000000000000000000,115792089237316195423570985008687907853269984665640564039457.584007913129639935,0.000000000000000000,0.000000000000000000,0.000000000000000000,0.979999999999999999
0.989999999999999999,0.000000000000000000,0.000000000000000000,0.000000000000000000,115792089237316195423570985008687907853269984665640564039457.584007913129639935,0.000000000000000000,0.000000000000000000,0.000000000000000000,0.989999999999999999
0.999999999999999999,0.000000000000000000,0.000000000000000000,0.000000000000000000,115792089237316195423570985008687907853269984665640564039457.584007913129639935,0.000000000000000000,0.000000000000000000,0.000000000000000000,0.999999999999999999
1.000312499999999999,0.000000000000000000,0.000000000000000000,0.000000000000000000,3201.000000000000001606,0.000318749999999999,0.000000000000000000,0.000000000000000000,1.000000000000000000
1.000624999999999999,0.000000000000000000,0.000000000000000000,0.000000000000000000,1601.000000000000000552,0.000637499999999999,0.000000000000000000,0.000000000000000000,1.000000000000000000
1.000937499999999999,0.000000000000000000,0.000000000000000000,0.000000000000000000,1067.666666666666666978,0.000956249999999999,0.000000000000000000,0.000000000000000000,1.000000000000000000
1.001249999999999999,0.000000000000000000,0.000000000000000000,0.000000000000000000,801.000000000000000213,0.001274999999999999,0.000000000000000000,0.000000000000000000,1.000000000000000000
1.001874999999999999,0.000000000000000000,0.000000000000000000,0.000000000000000000,534.333333333333333461,0.001912499999999999,0.000000000000000000,0.000000000000000000,1.000000000000000000
1.002499999999999999,0.000000000000000000,0.000000000000000000,0.000000000000000000,401.000000000000000090,0.002549999999999999,0.000000000000000000,0.000000000000000000,1.000000000000000000
1.003749999999999999,0.000000000000000000,0.000000000000000000,0.000000000000000000,267.666666666666666723,0.003824999999999999,0.000000000000000000,0.000000000000000000,1.000000000000000000
1.004999999999999999,0.000000000000000000,0.000000000000000000,0.000000000000000000,201.000000000000000001,0.005099999999999999,0.000000000000000000,0.000000000000000000,1.000000000000000000
1.007499999999999999,0.000000000000000000,0.000000000000000000,44.885406331162862433,134.333333333333333342,0.007649999999999999,0.000000000000000000,0.000000000000000000,1.000000000000000000
1.010000000000000000,0.000000000000000000,0.000000000000000000,93.790849673202574494,101.000000000000000000,0.010200000000000000,0.000000000000000000,0.000000000000000000,1.000000000000000000
1.014999999999999999,65.359477124183006540,65.359477124182945879,65.359477124183006540,67.666666666666666670,0.015299999999999999,0.999999999999999934,0.999999999999999006,1.000000000000000000
1.019999999999999999,49.019607843137254904,49.019607843137242578,49.019607843137254904,51.000000000000000002,0.020399999999999999,0.999999999999999951,0.999999999999999699,1.000000000000000000
1.029999999999999999,32.679738562091503268,32.679738562091473268,32.679738562091503268,34.333333333333333334,0.030599999999999999,0.999999999999999967,0.999999999999999049,1.000000000000000000
1.039999999999999999,24.509803921568627451,24.509803921568607921,24.509803921568627451,26.000000000000000000,0.040799999999999999,0.999999999999999975,0.999999999999999178,1.000000000000000000
1.049999999999999999,19.607843137254901961,19.607843137254885148,19.607843137254901961,21.000000000000000000,0.050999999999999999,0.999999999999999980,0.999999999999999122,1.000000000000000000
1.059999999999999999,16.339869281045751634,16.339869281045740264,16.339869281045751634,17.666666666666666666,0.061199999999999999,0.999999999999999983,0.999999999999999287,1.000000000000000000
1.069999999999999999,14.005602240896358543,14.005602240896347666,14.005602240896358543,15.285714285714285714,0.071399999999999999,0.999999999999999985,0.999999999999999209,1.000000000000000000
1.079999999999999999,12.254901960784313725,12.254901960784308415,12.254901960784313725,13.500000000000000000,0.081599999999999999,0.999999999999999987,0.999999999999999554,1.000000000000000000
1.089999999999999999,10.893246187363834422,10.893246187363833443,10.893246187363834422,12.111111111111111111,0.091799999999999999,0.999999999999999989,0.999999999999999899,1.000000000000000000
1.099999999999999999,9.803921568627450980,9.803921568627444554,9.803921568627450980,11.000000000000000000,0.101999999999999999,0.999999999999999990,0.999999999999999334,1.000000000000000000
1.109999999999999999,8.912655971479500891,8.912655971479494329,8.912655971479500891,10.090909090909090909,0.112199999999999999,0.999999999999999991,0.999999999999999254,1.000000000000000000
1.119999999999999999,8.169934640522875817,8.169934640522869967,8.169934640522875817,9.333333333333333333,0.122399999999999999,0.999999999999999991,0.999999999999999275,1.000000000000000000
1.129999999999999999,7.541478129713423831,7.541478129713420335,7.541478129713423831,8.692307692307692307,0.132599999999999999,0.999999999999999992,0.999999999999999528,1.000000000000000000
1.139999999999999999,7.002801120448179271,7.002801120448171570,7.002801120448179271,8.142857142857142857,0.142799999999999999,0.999999999999999992,0.999999999999998893,1.000000000000000000
1.149999999999999999,6.535947712418300653,6.535947712418296699,6.535947712418300653,7.666666666666666666,0.152999999999999999,0.999999999999999993,0.999999999999999388,1.000000000000000000
1.159999999999999999,6.127450980392156862,6.127450980392152970,6.127450980392156862,7.250000000000000000,0.163199999999999999,0.999999999999999993,0.999999999999999358,1.000000000000000000
1.169999999999999999,5.767012687427912341,5.767012687427907746,5.767012687427912341,6.882352941176470588,0.173399999999999999,0.999999999999999994,0.999999999999999197,1.000000000000000000
1.179999999999999999,5.446623093681917211,5.446623093681912321,5.446623093681917211,6.555555555555555555,0.183599999999999999,0.999999999999999994,0.999999999999999096,1.000000000000000000
1.189999999999999999,5.159958720330237358,5.159958720330236946,5.159958720330237358,6.263157894736842105,0.193799999999999999,0.999999999999999994,0.999999999999999914,1.000000000000000000
1.199999999999999999,4.901960784313725490,4.901960784313722772,4.901960784313725490,6.000000000000000000,0.203999999999999999,0.999999999999999995,0.999999999999999440,1.000000000000000000
1.209999999999999999,4.668534080298786181,4.668534080298782083,4.668534080298786181,5.761904761904761904,0.214199999999999999,0.999999999999999995,0.999999999999999117,1.000000000000000000
1.219999999999999999,4.456327985739750445,4.456327985739746174,4.456327985739750445,5.545454545454545454,0.224399999999999999,0.999999999999999995,0.999999999999999036,1.000000000000000000
1.229999999999999999,4.262574595055413469,4.262574595055412010,4.262574595055413469,5.347826086956521739,0.234599999999999999,0.999999999999999995,0.999999999999999653,1.000000000000000000
1.239999999999999999,4.084967320261437908,4.084967320261435478,4.084967320261437908,5.166666666666666666,0.244799999999999999,0.999999999999999995,0.999999999999999400,1.000000000000000000
1.249999999999999999,3.921568627450980392,3.921568627450980198,3.921568627450980392,5.000000000000000000,0.254999999999999999,0.999999999999999996,0.999999999999999946,1.000000000000000000
1.259999999999999999,3.770739064856711915,3.770739064856710281,3.770739064856711915,4.846153846153846153,0.265199999999999999,0.999999999999999996,0.999999999999999562,1.000000000000000000
1.269999999999999999,3.631082062454611474,3.631082062454607810,3.631082062454611474,4.703703703703703703,0.275399999999999999,0.999999999999999996,0.999999999999998987,1.000000000000000000
1.279999999999999999,3.501400560224089635,3.501400560224085997,3.501400560224089635,4.571428571428571428,0.285599999999999999,0.999999999999999996,0.999999999999998957,1.000000000000000000
1.289999999999999999,3.380662609871534820,3.380662609871534790,3.380662609871534820,4.448275862068965517,0.295799999999999999,0.999999999999999996,0.999999999999999987,1.000000000000000000
1.299999999999999999,3.267973856209150326,3.267973856209146864,3.267567567567567567,4.333333333333333333,0.305999999999999999,0.999999999999999996,0.999999999999998937,1.000000000000000000
1.309999999999999999,3.162555344718532574,3.162555344718532162,0.000000000000000000,4.225806451612903225,0.316199999999999999,0.999999999999999996,0.999999999999999866,1.000000000000000000
1.319999999999999999,3.063725490196078431,3.063725490196077103,0.000000000000000000,4.125000000000000000,0.326399999999999999,0.999999999999999996,0.999999999999999563,1.000000000000000000
1.329999999999999999,2.970885323826500297,2.970885323826498169,0.000000000000000000,4.030303030303030303,0.336599999999999999,0.999999999999999996,0.999999999999999280,1.000000000000000000
1.339999999999999999,2.883506343713956170,2.883506343713955445,0.000000000000000000,3.941176470588235294,0.346799999999999999,0.999999999999999996,0.999999999999999745,1.000000000000000000
1.349999999999999999,2.801120448179271708,2.801120448179269731,0.000000000000000000,3.857142857142857142,0.356999999999999999,0.999999999999999996,0.999999999999999291,1.000000000000000000
1.359999999999999999,2.723311546840958605,2.723311546840955115,0.000000000000000000,3.777777777777777777,0.367199999999999999,0.999999999999999997,0.999999999999998715,1.000000000000000000
1.369999999999999999,2.649708532061473237,2.649708532061472972,0.000000000000000000,3.702702702702702702,0.377399999999999999,0.999999999999999996,0.999999999999999896,1.000000000000000000
1.379999999999999999,2.579979360165118679,2.579979360165117717,0.000000000000000000,3.631578947368421052,0.387599999999999999,0.999999999999999997,0.999999999999999624,1.000000000000000000
1.389999999999999999,2.513826043237807943,2.513826043237805788,0.000000000000000000,3.564102564102564102,0.397799999999999999,0.999999999999999997,0.999999999999999139,1.000000000000000000
1.399999999999999999,2.450980392156862745,2.450980392156862376,0.000000000000000000,3.500000000000000000,0.407999999999999999,0.999999999999999997,0.999999999999999846,1.000000000000000000
1.409999999999999999,2.391200382592061214,2.391200382592059236,0.000000000000000000,3.439024390243902439,0.418199999999999999,0.999999999999999997,0.999999999999999170,1.000000000000000000
1.419999999999999999,2.334267040149393090,2.334267040149391984,0.000000000000000000,3.380952380952380952,0.428399999999999999,0.999999999999999997,0.999999999999999523,1.000000000000000000
1.429999999999999999,2.279981760145918832,2.279981760145915818,0.000000000000000000,3.325581395348837209,0.438599999999999999,0.999999999999999997,0.999999999999998675,1.000000000000000000
1.439999999999999999,2.228163992869875222,2.228163992869875067,0.000000000000000000,3.272727272727272727,0.448799999999999999,0.999999999999999997,0.999999999999999927,1.000000000000000000
1.449999999999999999,2.178649237472766884,2.178649237472766776,0.000000000000000000,3.222222222222222222,0.458999999999999999,0.999999999999999997,0.999999999999999948,1.000000000000000000
1.459999999999999999,2.131287297527706734,2.131287297527704950,0.000000000000000000,3.173913043478260869,0.469199999999999999,0.999999999999999997,0.999999999999999160,1.000000000000000000
1.469999999999999999,2.085940759282436378,2.085940759282434590,0.000000000000000000,3.127659574468085106,0.479399999999999999,0.999999999999999997,0.999999999999999140,1.000000000000000000
1.479999999999999999,2.042483660130718954,2.042483660130715924,0.000000000000000000,3.083333333333333333,0.489599999999999999,0.999999999999999997,0.999999999999998514,1.000000000000000000
1.489999999999999999,2.000800320128051220,2.000800320128049949,0.000000000000000000,3.040816326530612244,0.499799999999999999,0.999999999999999997,0.999999999999999362,1.000000000000000000
1.499999999999999999,1.960784313725490196,1.960784313725489108,0.000000000000000000,3.000000000000000000,0.509999999999999999,0.999999999999999997,0.999999999999999443,1.000000000000000000
1.509999999999999999,1.922337562475970780,1.922337562475969850,0.000000000000000000,2.960784313725490196,0.520199999999999999,0.999999999999999997,0.999999999999999514,1.000000000000000000
1.519999999999999999,1.885369532428355957,1.885369532428354607,0.000000000000000000,2.923076923076923076,0.530399999999999999,0.999999999999999997,0.999999999999999281,1.000000000000000000
1.529999999999999999,1.849796522382537920,1.849796522382537455,0.000000000000000000,2.886792452830188679,0.540599999999999999,0.999999999999999997,0.999999999999999746,1.000000000000000000
1.539999999999999999,1.815541031227305737,1.815541031227304950,0.000000000000000000,2.851851851851851851,0.550799999999999999,0.999999999999999998,0.999999999999999564,1.000000000000000000
1.549999999999999999,1.782531194295900178,1.782531194295898559,0.000000000000000000,2.818181818181818181,0.560999999999999999,0.999999999999999998,0.999999999999999089,1.000000000000000000
1.559999999999999999,1.750700280112044817,1.750700280112043422,0.000000000000000000,2.785714285714285714,0.571199999999999999,0.999999999999999997,0.999999999999999200,1.000000000000000000
1.569999999999999999,1.719986240110079119,1.719986240110077019,0.000000000000000000,2.754385964912280701,0.581399999999999999,0.999999999999999998,0.999999999999998777,1.000000000000000000
1.579999999999999999,1.690331304935767410,1.690331304935766712,0.000000000000000000,2.724137931034482758,0.591599999999999999,0.999999999999999998,0.999999999999999585,1.000000000000000000
1.589999999999999999,1.661681621801262878,1.661681621801262611,0.000000000000000000,2.694915254237288135,0.601799999999999999,0.999999999999999998,0.999999999999999837,1.000000000000000000
1.599999999999999999,1.633986928104575163,1.633986928104572937,0.000000000000000000,2.666666666666666666,0.611999999999999999,0.999999999999999998,0.999999999999998635,1.000000000000000000
