collateral ratio,backing per escrow before,backing per escrow after,drift,leverage ratio before,leverage ratio after,escrow before,escrow after,cycles completed,rebalance alone,across rebalance,drift across,actor return
0.010000000000000000,0.000000000000000000,0.000000000000000000,0.000000000000000000,20.000000000000000000,20.000000000000000000,0.000000000000000000,0.000000000000000000,0,0.000000000000000000,0.000000000000000000,0.000000000000000000,0.000000000000000000
0.020000000000000000,0.000000000000000000,0.000000000000000000,0.000000000000000000,20.000000000000000000,20.000000000000000000,0.000000000000000000,0.000000000000000000,0,0.000000000000000000,0.000000000000000000,0.000000000000000000,0.000000000000000000
0.030000000000000000,0.000000000000000000,0.000000000000000000,0.000000000000000000,20.000000000000000000,20.000000000000000000,0.000000000000000000,0.000000000000000000,0,0.000000000000000000,0.000000000000000000,0.000000000000000000,0.000000000000000000
0.040000000000000000,0.000000000000000000,0.000000000000000000,0.000000000000000000,20.000000000000000000,20.000000000000000000,0.000000000000000000,0.000000000000000000,0,0.000000000000000000,0.000000000000000000,0.000000000000000000,0.000000000000000000
0.050000000000000000,0.000000000000000000,0.000000000000000000,0.000000000000000000,20.000000000000000000,20.000000000000000000,0.000000000000000000,0.000000000000000000,0,0.000000000000000000,0.000000000000000000,0.000000000000000000,0.000000000000000000
0.060000000000000000,0.000000000000000000,0.000000000000000000,0.000000000000000000,20.000000000000000000,20.000000000000000000,0.000000000000000000,0.000000000000000000,0,0.000000000000000000,0.000000000000000000,0.000000000000000000,0.000000000000000000
0.070000000000000000,0.000000000000000000,0.000000000000000000,0.000000000000000000,20.000000000000000000,20.000000000000000000,0.000000000000000000,0.000000000000000000,0,0.000000000000000000,0.000000000000000000,0.000000000000000000,0.000000000000000000
0.080000000000000000,0.000000000000000000,0.000000000000000000,0.000000000000000000,20.000000000000000000,20.000000000000000000,0.000000000000000000,0.000000000000000000,0,0.000000000000000000,0.000000000000000000,0.000000000000000000,0.000000000000000000
0.090000000000000000,0.000000000000000000,0.000000000000000000,0.000000000000000000,20.000000000000000000,20.000000000000000000,0.000000000000000000,0.000000000000000000,0,0.000000000000000000,0.000000000000000000,0.000000000000000000,0.000000000000000000
0.100000000000000000,0.000000000000000000,0.000000000000000000,0.000000000000000000,20.000000000000000000,20.000000000000000000,0.000000000000000000,0.000000000000000000,0,0.000000000000000000,0.000000000000000000,0.000000000000000000,0.000000000000000000
0.110000000000000000,0.000000000000000000,0.000000000000000000,0.000000000000000000,20.000000000000000000,20.000000000000000000,0.000000000000000000,0.000000000000000000,0,0.000000000000000000,0.000000000000000000,0.000000000000000000,0.000000000000000000
0.120000000000000000,0.000000000000000000,0.000000000000000000,0.000000000000000000,20.000000000000000000,20.000000000000000000,0.000000000000000000,0.000000000000000000,0,0.000000000000000000,0.000000000000000000,0.000000000000000000,0.000000000000000000
0.130000000000000000,0.000000000000000000,0.000000000000000000,0.000000000000000000,20.000000000000000000,20.000000000000000000,0.000000000000000000,0.000000000000000000,0,0.000000000000000000,0.000000000000000000,0.000000000000000000,0.000000000000000000
0.140000000000000000,0.000000000000000000,0.000000000000000000,0.000000000000000000,20.000000000000000000,20.000000000000000000,0.000000000000000000,0.000000000000000000,0,0.000000000000000000,0.000000000000000000,0.000000000000000000,0.000000000000000000
0.150000000000000000,0.000000000000000000,0.000000000000000000,0.000000000000000000,20.000000000000000000,20.000000000000000000,0.000000000000000000,0.000000000000000000,0,0.000000000000000000,0.000000000000000000,0.000000000000000000,0.000000000000000000
0.160000000000000000,0.000000000000000000,0.000000000000000000,0.000000000000000000,20.000000000000000000,20.000000000000000000,0.000000000000000000,0.000000000000000000,0,0.000000000000000000,0.000000000000000000,0.000000000000000000,0.000000000000000000
0.170000000000000000,0.000000000000000000,0.000000000000000000,0.000000000000000000,20.000000000000000000,20.000000000000000000,0.000000000000000000,0.000000000000000000,0,0.000000000000000000,0.000000000000000000,0.000000000000000000,0.000000000000000000
0.180000000000000000,0.000000000000000000,0.000000000000000000,0.000000000000000000,20.000000000000000000,20.000000000000000000,0.000000000000000000,0.000000000000000000,0,0.000000000000000000,0.000000000000000000,0.000000000000000000,0.000000000000000000
0.190000000000000000,0.000000000000000000,0.000000000000000000,0.000000000000000000,20.000000000000000000,20.000000000000000000,0.000000000000000000,0.000000000000000000,0,0.000000000000000000,0.000000000000000000,0.000000000000000000,0.000000000000000000
0.200000000000000000,0.000000000000000000,0.000000000000000000,0.000000000000000000,20.000000000000000000,20.000000000000000000,0.000000000000000000,0.000000000000000000,0,0.000000000000000000,0.000000000000000000,0.000000000000000000,0.000000000000000000
0.210000000000000000,0.000000000000000000,0.000000000000000000,0.000000000000000000,20.000000000000000000,20.000000000000000000,0.000000000000000000,0.000000000000000000,0,0.000000000000000000,0.000000000000000000,0.000000000000000000,0.000000000000000000
0.220000000000000000,0.000000000000000000,0.000000000000000000,0.000000000000000000,20.000000000000000000,20.000000000000000000,0.000000000000000000,0.000000000000000000,0,0.000000000000000000,0.000000000000000000,0.000000000000000000,0.000000000000000000
0.230000000000000000,0.000000000000000000,0.000000000000000000,0.000000000000000000,20.000000000000000000,20.000000000000000000,0.000000000000000000,0.000000000000000000,0,0.000000000000000000,0.000000000000000000,0.000000000000000000,0.000000000000000000
0.240000000000000000,0.000000000000000000,0.000000000000000000,0.000000000000000000,20.000000000000000000,20.000000000000000000,0.000000000000000000,0.000000000000000000,0,0.000000000000000000,0.000000000000000000,0.000000000000000000,0.000000000000000000
0.250000000000000000,0.000000000000000000,0.000000000000000000,0.000000000000000000,20.000000000000000000,20.000000000000000000,0.000000000000000000,0.000000000000000000,0,0.000000000000000000,0.000000000000000000,0.000000000000000000,0.000000000000000000
0.260000000000000000,0.000000000000000000,0.000000000000000000,0.000000000000000000,20.000000000000000000,20.000000000000000000,0.000000000000000000,0.000000000000000000,0,0.000000000000000000,0.000000000000000000,0.000000000000000000,0.000000000000000000
0.270000000000000000,0.000000000000000000,0.000000000000000000,0.000000000000000000,20.000000000000000000,20.000000000000000000,0.000000000000000000,0.000000000000000000,0,0.000000000000000000,0.000000000000000000,0.000000000000000000,0.000000000000000000
0.280000000000000000,0.000000000000000000,0.000000000000000000,0.000000000000000000,20.000000000000000000,20.000000000000000000,0.000000000000000000,0.000000000000000000,0,0.000000000000000000,0.000000000000000000,0.000000000000000000,0.000000000000000000
0.290000000000000000,0.000000000000000000,0.000000000000000000,0.000000000000000000,20.000000000000000000,20.000000000000000000,0.000000000000000000,0.000000000000000000,0,0.000000000000000000,0.000000000000000000,0.000000000000000000,0.000000000000000000
0.300000000000000000,0.000000000000000000,0.000000000000000000,0.000000000000000000,20.000000000000000000,20.000000000000000000,0.000000000000000000,0.000000000000000000,0,0.000000000000000000,0.000000000000000000,0.000000000000000000,0.000000000000000000
0.310000000000000000,0.000000000000000000,0.000000000000000000,0.000000000000000000,20.000000000000000000,20.000000000000000000,0.000000000000000000,0.000000000000000000,0,0.000000000000000000,0.000000000000000000,0.000000000000000000,0.000000000000000000
0.320000000000000000,0.000000000000000000,0.000000000000000000,0.000000000000000000,20.000000000000000000,20.000000000000000000,0.000000000000000000,0.000000000000000000,0,0.000000000000000000,0.000000000000000000,0.000000000000000000,0.000000000000000000
0.330000000000000000,0.000000000000000000,0.000000000000000000,0.000000000000000000,20.000000000000000000,20.000000000000000000,0.000000000000000000,0.000000000000000000,0,0.000000000000000000,0.000000000000000000,0.000000000000000000,0.000000000000000000
0.340000000000000000,0.000000000000000000,0.000000000000000000,0.000000000000000000,20.000000000000000000,20.000000000000000000,0.000000000000000000,0.000000000000000000,0,0.000000000000000000,0.000000000000000000,0.000000000000000000,0.000000000000000000
0.350000000000000000,0.000000000000000000,0.000000000000000000,0.000000000000000000,20.000000000000000000,20.000000000000000000,0.000000000000000000,0.000000000000000000,0,0.000000000000000000,0.000000000000000000,0.000000000000000000,0.000000000000000000
0.360000000000000000,0.000000000000000000,0.000000000000000000,0.000000000000000000,20.000000000000000000,20.000000000000000000,0.000000000000000000,0.000000000000000000,0,0.000000000000000000,0.000000000000000000,0.000000000000000000,0.000000000000000000
0.370000000000000000,0.000000000000000000,0.000000000000000000,0.000000000000000000,20.000000000000000000,20.000000000000000000,0.000000000000000000,0.000000000000000000,0,0.000000000000000000,0.000000000000000000,0.000000000000000000,0.000000000000000000
0.380000000000000000,0.000000000000000000,0.000000000000000000,0.000000000000000000,20.000000000000000000,20.000000000000000000,0.000000000000000000,0.000000000000000000,0,0.000000000000000000,0.000000000000000000,0.000000000000000000,0.000000000000000000
0.390000000000000000,0.000000000000000000,0.000000000000000000,0.000000000000000000,20.000000000000000000,20.000000000000000000,0.000000000000000000,0.000000000000000000,0,0.000000000000000000,0.000000000000000000,0.000000000000000000,0.000000000000000000
0.400000000000000000,0.000000000000000000,0.000000000000000000,0.000000000000000000,20.000000000000000000,20.000000000000000000,0.000000000000000000,0.000000000000000000,0,0.000000000000000000,0.000000000000000000,0.000000000000000000,0.000000000000000000
0.410000000000000000,0.000000000000000000,0.000000000000000000,0.000000000000000000,20.000000000000000000,20.000000000000000000,0.000000000000000000,0.000000000000000000,0,0.000000000000000000,0.000000000000000000,0.000000000000000000,0.000000000000000000
0.420000000000000000,0.000000000000000000,0.000000000000000000,0.000000000000000000,20.000000000000000000,20.000000000000000000,0.000000000000000000,0.000000000000000000,0,0.000000000000000000,0.000000000000000000,0.000000000000000000,0.000000000000000000
0.430000000000000000,0.000000000000000000,0.000000000000000000,0.000000000000000000,20.000000000000000000,20.000000000000000000,0.000000000000000000,0.000000000000000000,0,0.000000000000000000,0.000000000000000000,0.000000000000000000,0.000000000000000000
0.440000000000000000,0.000000000000000000,0.000000000000000000,0.000000000000000000,20.000000000000000000,20.000000000000000000,0.000000000000000000,0.000000000000000000,0,0.000000000000000000,0.000000000000000000,0.000000000000000000,0.000000000000000000
0.450000000000000000,0.000000000000000000,0.000000000000000000,0.000000000000000000,20.000000000000000000,20.000000000000000000,0.000000000000000000,0.000000000000000000,0,0.000000000000000000,0.000000000000000000,0.000000000000000000,0.000000000000000000
0.460000000000000000,0.000000000000000000,0.000000000000000000,0.000000000000000000,20.000000000000000000,20.000000000000000000,0.000000000000000000,0.000000000000000000,0,0.000000000000000000,0.000000000000000000,0.000000000000000000,0.000000000000000000
0.470000000000000000,0.000000000000000000,0.000000000000000000,0.000000000000000000,20.000000000000000000,20.000000000000000000,0.000000000000000000,0.000000000000000000,0,0.000000000000000000,0.000000000000000000,0.000000000000000000,0.000000000000000000
0.480000000000000000,0.000000000000000000,0.000000000000000000,0.000000000000000000,20.000000000000000000,20.000000000000000000,0.000000000000000000,0.000000000000000000,0,0.000000000000000000,0.000000000000000000,0.000000000000000000,0.000000000000000000
0.490000000000000000,0.000000000000000000,0.000000000000000000,0.000000000000000000,20.000000000000000000,20.000000000000000000,0.000000000000000000,0.000000000000000000,0,0.000000000000000000,0.000000000000000000,0.000000000000000000,0.000000000000000000
0.500000000000000000,0.000000000000000000,0.000000000000000000,0.000000000000000000,20.000000000000000000,20.000000000000000000,0.000000000000000000,0.000000000000000000,0,0.000000000000000000,0.000000000000000000,0.000000000000000000,0.000000000000000000
0.510000000000000000,0.000000000000000000,0.000000000000000000,0.000000000000000000,20.000000000000000000,20.000000000000000000,0.000000000000000000,0.000000000000000000,0,0.000000000000000000,0.000000000000000000,0.000000000000000000,0.000000000000000000
0.520000000000000000,0.000000000000000000,0.000000000000000000,0.000000000000000000,20.000000000000000000,20.000000000000000000,0.000000000000000000,0.000000000000000000,0,0.000000000000000000,0.000000000000000000,0.000000000000000000,0.000000000000000000
0.530000000000000000,0.000000000000000000,0.000000000000000000,0.000000000000000000,20.000000000000000000,20.000000000000000000,0.000000000000000000,0.000000000000000000,0,0.000000000000000000,0.000000000000000000,0.000000000000000000,0.000000000000000000
0.540000000000000000,0.000000000000000000,0.000000000000000000,0.000000000000000000,20.000000000000000000,20.000000000000000000,0.000000000000000000,0.000000000000000000,0,0.000000000000000000,0.000000000000000000,0.000000000000000000,0.000000000000000000
0.550000000000000000,0.000000000000000000,0.000000000000000000,0.000000000000000000,20.000000000000000000,20.000000000000000000,0.000000000000000000,0.000000000000000000,0,0.000000000000000000,0.000000000000000000,0.000000000000000000,0.000000000000000000
0.560000000000000000,0.000000000000000000,0.000000000000000000,0.000000000000000000,20.000000000000000000,20.000000000000000000,0.000000000000000000,0.000000000000000000,0,0.000000000000000000,0.000000000000000000,0.000000000000000000,0.000000000000000000
0.570000000000000000,0.000000000000000000,0.000000000000000000,0.000000000000000000,20.000000000000000000,20.000000000000000000,0.000000000000000000,0.000000000000000000,0,0.000000000000000000,0.000000000000000000,0.000000000000000000,0.000000000000000000
0.580000000000000000,0.000000000000000000,0.000000000000000000,0.000000000000000000,20.000000000000000000,20.000000000000000000,0.000000000000000000,0.000000000000000000,0,0.000000000000000000,0.000000000000000000,0.000000000000000000,0.000000000000000000
0.590000000000000000,0.000000000000000000,0.000000000000000000,0.000000000000000000,20.000000000000000000,20.000000000000000000,0.000000000000000000,0.000000000000000000,0,0.000000000000000000,0.000000000000000000,0.000000000000000000,0.000000000000000000
0.600000000000000000,0.000000000000000000,0.000000000000000000,0.000000000000000000,20.000000000000000000,20.000000000000000000,0.000000000000000000,0.000000000000000000,0,0.000000000000000000,0.000000000000000000,0.000000000000000000,0.000000000000000000
0.610000000000000000,0.000000000000000000,0.000000000000000000,0.000000000000000000,20.000000000000000000,20.000000000000000000,0.000000000000000000,0.000000000000000000,0,0.000000000000000000,0.000000000000000000,0.000000000000000000,0.000000000000000000
0.620000000000000000,0.000000000000000000,0.000000000000000000,0.000000000000000000,20.000000000000000000,20.000000000000000000,0.000000000000000000,0.000000000000000000,0,0.000000000000000000,0.000000000000000000,0.000000000000000000,0.000000000000000000
0.630000000000000000,0.000000000000000000,0.000000000000000000,0.000000000000000000,20.000000000000000000,20.000000000000000000,0.000000000000000000,0.000000000000000000,0,0.000000000000000000,0.000000000000000000,0.000000000000000000,0.000000000000000000
0.640000000000000000,0.000000000000000000,0.000000000000000000,0.000000000000000000,20.000000000000000000,20.000000000000000000,0.000000000000000000,0.000000000000000000,0,0.000000000000000000,0.000000000000000000,0.000000000000000000,0.000000000000000000
0.650000000000000000,0.000000000000000000,0.000000000000000000,0.000000000000000000,20.000000000000000000,20.000000000000000000,0.000000000000000000,0.000000000000000000,0,0.000000000000000000,0.000000000000000000,0.000000000000000000,0.000000000000000000
0.660000000000000000,0.000000000000000000,0.000000000000000000,0.000000000000000000,20.000000000000000000,20.000000000000000000,0.000000000000000000,0.000000000000000000,0,0.000000000000000000,0.000000000000000000,0.000000000000000000,0.000000000000000000
0.670000000000000000,0.000000000000000000,0.000000000000000000,0.000000000000000000,20.000000000000000000,20.000000000000000000,0.000000000000000000,0.000000000000000000,0,0.000000000000000000,0.000000000000000000,0.000000000000000000,0.000000000000000000
0.680000000000000000,0.000000000000000000,0.000000000000000000,0.000000000000000000,20.000000000000000000,20.000000000000000000,0.000000000000000000,0.000000000000000000,0,0.000000000000000000,0.000000000000000000,0.000000000000000000,0.000000000000000000
0.690000000000000000,0.000000000000000000,0.000000000000000000,0.000000000000000000,20.000000000000000000,20.000000000000000000,0.000000000000000000,0.000000000000000000,0,0.000000000000000000,0.000000000000000000,0.000000000000000000,0.000000000000000000
0.700000000000000000,0.000000000000000000,0.000000000000000000,0.000000000000000000,20.000000000000000000,20.000000000000000000,0.000000000000000000,0.000000000000000000,0,0.000000000000000000,0.000000000000000000,0.000000000000000000,0.000000000000000000
0.710000000000000000,0.000000000000000000,0.000000000000000000,0.000000000000000000,20.000000000000000000,20.000000000000000000,0.000000000000000000,0.000000000000000000,0,0.000000000000000000,0.000000000000000000,0.000000000000000000,0.000000000000000000
0.720000000000000000,0.000000000000000000,0.000000000000000000,0.000000000000000000,20.000000000000000000,20.000000000000000000,0.000000000000000000,0.000000000000000000,0,0.000000000000000000,0.000000000000000000,0.000000000000000000,0.000000000000000000
0.730000000000000000,0.000000000000000000,0.000000000000000000,0.000000000000000000,20.000000000000000000,20.000000000000000000,0.000000000000000000,0.000000000000000000,0,0.000000000000000000,0.000000000000000000,0.000000000000000000,0.000000000000000000
0.740000000000000000,0.000000000000000000,0.000000000000000000,0.000000000000000000,20.000000000000000000,20.000000000000000000,0.000000000000000000,0.000000000000000000,0,0.000000000000000000,0.000000000000000000,0.000000000000000000,0.000000000000000000
0.750000000000000000,0.000000000000000000,0.000000000000000000,0.000000000000000000,20.000000000000000000,20.000000000000000000,0.000000000000000000,0.000000000000000000,0,0.000000000000000000,0.000000000000000000,0.000000000000000000,0.000000000000000000
0.760000000000000000,0.000000000000000000,0.000000000000000000,0.000000000000000000,20.000000000000000000,20.000000000000000000,0.000000000000000000,0.000000000000000000,0,0.000000000000000000,0.000000000000000000,0.000000000000000000,0.000000000000000000
0.770000000000000000,0.000000000000000000,0.000000000000000000,0.000000000000000000,20.000000000000000000,20.000000000000000000,0.000000000000000000,0.000000000000000000,0,0.000000000000000000,0.000000000000000000,0.000000000000000000,0.000000000000000000
0.780000000000000000,0.000000000000000000,0.000000000000000000,0.000000000000000000,20.000000000000000000,20.000000000000000000,0.000000000000000000,0.000000000000000000,0,0.000000000000000000,0.000000000000000000,0.000000000000000000,0.000000000000000000
0.790000000000000000,0.000000000000000000,0.000000000000000000,0.000000000000000000,20.000000000000000000,20.000000000000000000,0.000000000000000000,0.000000000000000000,0,0.000000000000000000,0.000000000000000000,0.000000000000000000,0.000000000000000000
0.800000000000000000,0.000000000000000000,0.000000000000000000,0.000000000000000000,20.000000000000000000,20.000000000000000000,0.000000000000000000,0.000000000000000000,0,0.000000000000000000,0.000000000000000000,0.000000000000000000,0.000000000000000000
0.810000000000000000,0.000000000000000000,0.000000000000000000,0.000000000000000000,20.000000000000000000,20.000000000000000000,0.000000000000000000,0.000000000000000000,0,0.000000000000000000,0.000000000000000000,0.000000000000000000,0.000000000000000000
0.820000000000000000,0.000000000000000000,0.000000000000000000,0.000000000000000000,20.000000000000000000,20.000000000000000000,0.000000000000000000,0.000000000000000000,0,0.000000000000000000,0.000000000000000000,0.000000000000000000,0.000000000000000000
0.830000000000000000,0.000000000000000000,0.000000000000000000,0.000000000000000000,20.000000000000000000,20.000000000000000000,0.000000000000000000,0.000000000000000000,0,0.000000000000000000,0.000000000000000000,0.000000000000000000,0.000000000000000000
0.840000000000000000,0.000000000000000000,0.000000000000000000,0.000000000000000000,20.000000000000000000,20.000000000000000000,0.000000000000000000,0.000000000000000000,0,0.000000000000000000,0.000000000000000000,0.000000000000000000,0.000000000000000000
0.850000000000000000,0.000000000000000000,0.000000000000000000,0.000000000000000000,20.000000000000000000,20.000000000000000000,0.000000000000000000,0.000000000000000000,0,0.000000000000000000,0.000000000000000000,0.000000000000000000,0.000000000000000000
0.860000000000000000,0.000000000000000000,0.000000000000000000,0.000000000000000000,20.000000000000000000,20.000000000000000000,0.000000000000000000,0.000000000000000000,0,0.000000000000000000,0.000000000000000000,0.000000000000000000,0.000000000000000000
0.870000000000000000,0.000000000000000000,0.000000000000000000,0.000000000000000000,20.000000000000000000,20.000000000000000000,0.000000000000000000,0.000000000000000000,0,0.000000000000000000,0.000000000000000000,0.000000000000000000,0.000000000000000000
0.880000000000000000,0.000000000000000000,0.000000000000000000,0.000000000000000000,20.000000000000000000,20.000000000000000000,0.000000000000000000,0.000000000000000000,0,0.000000000000000000,0.000000000000000000,0.000000000000000000,0.000000000000000000
0.890000000000000000,0.000000000000000000,0.000000000000000000,0.000000000000000000,20.000000000000000000,20.000000000000000000,0.000000000000000000,0.000000000000000000,0,0.000000000000000000,0.000000000000000000,0.000000000000000000,0.000000000000000000
0.900000000000000000,0.000000000000000000,0.000000000000000000,0.000000000000000000,20.000000000000000000,20.000000000000000000,0.000000000000000000,0.000000000000000000,0,0.000000000000000000,0.000000000000000000,0.000000000000000000,0.000000000000000000
0.910000000000000000,0.000000000000000000,0.000000000000000000,0.000000000000000000,20.000000000000000000,20.000000000000000000,0.000000000000000000,0.000000000000000000,0,0.000000000000000000,0.000000000000000000,0.000000000000000000,0.000000000000000000
0.920000000000000000,0.000000000000000000,0.000000000000000000,0.000000000000000000,20.000000000000000000,20.000000000000000000,0.000000000000000000,0.000000000000000000,0,0.000000000000000000,0.000000000000000000,0.000000000000000000,0.000000000000000000
0.930000000000000000,0.000000000000000000,0.000000000000000000,0.000000000000000000,20.000000000000000000,20.000000000000000000,0.000000000000000000,0.000000000000000000,0,0.000000000000000000,0.000000000000000000,0.000000000000000000,0.000000000000000000
0.940000000000000000,0.000000000000000000,0.000000000000000000,0.000000000000000000,20.000000000000000000,20.000000000000000000,0.000000000000000000,0.000000000000000000,0,0.000000000000000000,0.000000000000000000,0.000000000000000000,0.000000000000000000
0.950000000000000000,0.000000000000000000,0.000000000000000000,0.000000000000000000,20.000000000000000000,20.000000000000000000,0.000000000000000000,0.000000000000000000,0,0.000000000000000000,0.000000000000000000,0.000000000000000000,0.000000000000000000
0.960000000000000000,0.000000000000000000,0.000000000000000000,0.000000000000000000,20.000000000000000000,20.000000000000000000,0.000000000000000000,0.000000000000000000,0,0.000000000000000000,0.000000000000000000,0.000000000000000000,0.000000000000000000
0.970000000000000000,0.000000000000000000,0.000000000000000000,0.000000000000000000,20.000000000000000000,20.000000000000000000,0.000000000000000000,0.000000000000000000,0,0.000000000000000000,0.000000000000000000,0.000000000000000000,0.000000000000000000
0.980000000000000000,0.000000000000000000,0.000000000000000000,0.000000000000000000,20.000000000000000000,20.000000000000000000,0.000000000000000000,0.000000000000000000,0,0.000000000000000000,0.000000000000000000,0.000000000000000000,0.000000000000000000
0.990000000000000000,0.000000000000000000,0.000000000000000000,0.000000000000000000,20.000000000000000000,20.000000000000000000,0.000000000000000000,0.000000000000000000,0,0.000000000000000000,0.000000000000000000,0.000000000000000000,0.000000000000000000
1.000000000000000000,0.000000000000000000,0.000000000000000000,0.000000000000000000,20.000000000000000000,20.000000000000000000,0.000000000000000000,0.000000000000000000,0,0.000000000000000000,0.000000000000000000,0.000000000000000000,0.000000000000000000
1.000312500000000000,0.000000000000000000,0.000000000000000000,0.000000000000000000,20.000000000000000000,20.000000000000000000,0.000000000000000000,0.000000000000000000,24,0.000000000000000000,0.000000000000000000,0.000000000000000000,19.913138211256924421
1.000625000000000000,0.000000000000000000,0.000000000000000000,0.000000000000000000,20.000000000000000000,20.000000000000000000,0.000000000000000000,0.000000000000000000,24,0.000000000000000000,0.000000000000000000,0.000000000000000000,17.386970605233800620
1.001250000000000000,0.000000000000000000,0.000000000000000000,0.000000000000000000,20.000000000000000000,20.000000000000000000,0.000000000000000000,0.000000000000000000,24,0.000000000000000000,0.000000000000000000,0.000000000000000000,13.878457777587168160
1.002500000000000000,0.000000000000000000,0.000000000000000000,0.000000000000000000,20.000000000000000000,20.000000000000000000,0.000000000000000000,0.000000000000000000,24,0.000000000000000000,0.000000000000000000,0.000000000000000000,9.908501529051987767
1.005000000000000000,0.000000000000000000,0.000000000000000000,0.000000000000000000,20.000000000000000000,20.000000000000000000,0.000000000000000000,0.000000000000000000,24,0.000000000000000000,0.000000000000000000,0.000000000000000000,6.336142322097378277
1.010000000000000000,0.000000000000000000,0.000000000000000000,0.000000000000000000,20.000000000000000000,20.000000000000000000,0.000000000000000000,0.000000000000000000,24,0.000000000000000000,0.000000000000000000,0.000000000000000000,3.727073438070880526
1.020000000000000000,0.000000000000000000,0.000000000000000000,0.000000000000000000,20.000000000000000000,20.000000000000000000,0.000000000000000000,0.000000000000000000,24,0.000000000000000000,0.000000000000000000,0.000000000000000000,2.099877700774561761
1.030000000000000000,0.000000000000000000,0.000000000000000000,0.000000000000000000,20.000000000000000000,20.000000000000000000,0.000000000000000000,0.000000000000000000,24,0.000000000000000000,0.000000000000000000,0.000000000000000000,1.498919360261274674
1.040000000000000000,0.000000000000000000,0.000000000000000000,0.000000000000000000,20.000000000000000000,20.000000000000000000,0.000000000000000000,0.000000000000000000,24,0.000000000000000000,0.000000000000000000,0.000000000000000000,1.188235294117647058
1.050000000000000000,0.000000000000000000,0.000000000000000000,0.000000000000000000,20.000000000000000000,20.000000000000000000,0.000000000000000000,0.000000000000000000,24,0.000000000000000000,0.000000000000000000,0.000000000000000000,1.000000000000000000
1.060000000000000000,0.000000000000000000,0.000000000000000000,0.000000000000000000,17.666666666666666666,17.666666666666666659,0.000000000000000000,0.000000000000000000,24,0.000000000000000000,0.000000000000000000,0.000000000000000000,1.000000000000000000
1.070000000000000000,0.000000000000000000,0.000000000000000000,0.000000000000000000,15.285714285714285714,15.285714285714285709,0.000000000000000000,0.000000000000000000,24,0.000000000000000000,0.000000000000000000,0.000000000000000000,1.000000000000000000
1.080000000000000000,0.000000000000000000,0.000000000000000000,0.000000000000000000,13.500000000000000000,13.500000000000000000,0.000000000000000000,0.000000000000000000,24,0.000000000000000000,0.000000000000000000,0.000000000000000000,1.000000000000000000
1.090000000000000000,0.000000000000000000,0.000000000000000000,0.000000000000000000,12.111111111111111111,12.111111111111111107,0.000000000000000000,0.000000000000000000,24,0.000000000000000000,0.000000000000000000,0.000000000000000000,1.000000000000000000
1.100000000000000000,0.000000000000000000,0.000000000000000000,0.000000000000000000,11.000000000000000000,11.000000000000000000,0.000000000000000000,0.000000000000000000,24,0.000000000000000000,0.000000000000000000,0.000000000000000000,1.000000000000000000
1.110000000000000000,0.000000000000000000,0.000000000000000000,0.000000000000000000,10.090909090909090909,10.090909090909090906,0.000000000000000000,0.000000000000000000,24,0.000000000000000000,0.000000000000000000,0.000000000000000000,1.000000000000000000
1.120000000000000000,0.000000000000000000,0.000000000000000000,0.000000000000000000,9.333333333333333333,9.333333333333333331,0.000000000000000000,0.000000000000000000,24,0.000000000000000000,0.000000000000000000,0.000000000000000000,1.000000000000000000
1.130000000000000000,0.000000000000000000,0.000000000000000000,0.000000000000000000,8.692307692307692307,8.692307692307692306,0.000000000000000000,0.000000000000000000,24,0.000000000000000000,0.000000000000000000,0.000000000000000000,1.000000000000000000
1.140000000000000000,0.000000000000000000,0.000000000000000000,0.000000000000000000,8.142857142857142857,8.142857142857142855,0.000000000000000000,0.000000000000000000,24,0.000000000000000000,0.000000000000000000,0.000000000000000000,1.000000000000000000
1.150000000000000000,0.000000000000000000,0.000000000000000000,0.000000000000000000,7.666666666666666666,7.666666666666666665,0.000000000000000000,0.000000000000000000,24,0.000000000000000000,0.000000000000000000,0.000000000000000000,1.000000000000000000
1.160000000000000000,0.000000000000000000,0.000000000000000000,0.000000000000000000,7.250000000000000000,7.250000000000000000,0.000000000000000000,0.000000000000000000,24,0.000000000000000000,0.000000000000000000,0.000000000000000000,1.000000000000000000
1.170000000000000000,0.000000000000000000,0.000000000000000000,0.000000000000000000,6.882352941176470588,6.882352941176470587,0.000000000000000000,0.000000000000000000,24,0.000000000000000000,0.000000000000000000,0.000000000000000000,1.000000000000000000
1.180000000000000000,0.000000000000000000,0.000000000000000000,0.000000000000000000,6.555555555555555555,6.555555555555555554,0.000000000000000000,0.000000000000000000,24,0.000000000000000000,0.000000000000000000,0.000000000000000000,1.000000000000000000
1.190000000000000000,0.000000000000000000,0.000000000000000000,0.000000000000000000,6.263157894736842105,6.263157894736842104,0.000000000000000000,0.000000000000000000,24,0.000000000000000000,0.000000000000000000,0.000000000000000000,1.000000000000000000
1.200000000000000000,0.000000000000000000,0.000000000000000000,0.000000000000000000,6.000000000000000000,6.000000000000000000,0.000000000000000000,0.000000000000000000,24,0.000000000000000000,0.000000000000000000,0.000000000000000000,1.000000000000000000
1.210000000000000000,0.000000000000000000,0.000000000000000000,0.000000000000000000,5.761904761904761904,5.761904761904761904,0.000000000000000000,0.000000000000000000,24,0.000000000000000000,0.000000000000000000,0.000000000000000000,1.000000000000000000
1.220000000000000000,0.000000000000000000,0.000000000000000000,0.000000000000000000,5.545454545454545454,5.545454545454545453,0.000000000000000000,0.000000000000000000,24,0.000000000000000000,0.000000000000000000,0.000000000000000000,1.000000000000000000
1.230000000000000000,0.000000000000000000,0.000000000000000000,0.000000000000000000,5.347826086956521739,5.347826086956521738,0.000000000000000000,0.000000000000000000,24,0.000000000000000000,0.000000000000000000,0.000000000000000000,1.000000000000000000
1.240000000000000000,0.000000000000000000,0.000000000000000000,0.000000000000000000,5.166666666666666666,5.166666666666666666,0.000000000000000000,0.000000000000000000,24,0.000000000000000000,0.000000000000000000,0.000000000000000000,1.000000000000000000
1.250000000000000000,0.000000000000000000,0.000000000000000000,0.000000000000000000,5.000000000000000000,5.000000000000000000,0.000000000000000000,0.000000000000000000,24,0.000000000000000000,0.000000000000000000,0.000000000000000000,1.000000000000000000
1.260000000000000000,0.000000000000000000,0.000000000000000000,0.000000000000000000,4.846153846153846153,4.846153846153846153,0.000000000000000000,0.000000000000000000,24,0.000000000000000000,0.000000000000000000,0.000000000000000000,1.000000000000000000
1.270000000000000000,0.000000000000000000,0.000000000000000000,0.000000000000000000,4.703703703703703703,4.703703703703703703,0.000000000000000000,0.000000000000000000,24,0.000000000000000000,0.000000000000000000,0.000000000000000000,1.000000000000000000
1.280000000000000000,0.000000000000000000,0.000000000000000000,0.000000000000000000,4.571428571428571428,4.571428571428571428,0.000000000000000000,0.000000000000000000,24,0.000000000000000000,0.000000000000000000,0.000000000000000000,1.000000000000000000
1.290000000000000000,0.000000000000000000,0.000000000000000000,0.000000000000000000,4.448275862068965517,4.448275862068965516,0.000000000000000000,0.000000000000000000,24,0.000000000000000000,0.000000000000000000,0.000000000000000000,0.000000000000000000
1.300000000000000000,0.000000000000000000,0.000000000000000000,0.000000000000000000,4.333333333333333333,4.333333333333333332,0.000000000000000000,0.000000000000000000,24,0.000000000000000000,0.000000000000000000,0.000000000000000000,0.000000000000000000
1.310000000000000000,0.000000000000000000,0.000000000000000000,0.000000000000000000,4.225806451612903225,4.225806451612903225,0.000000000000000000,0.000000000000000000,24,0.000000000000000000,0.000000000000000000,0.000000000000000000,0.000000000000000000
1.320000000000000000,0.000000000000000000,0.000000000000000000,0.000000000000000000,4.125000000000000000,4.125000000000000000,0.000000000000000000,0.000000000000000000,24,0.000000000000000000,0.000000000000000000,0.000000000000000000,0.000000000000000000
1.330000000000000000,0.000000000000000000,0.000000000000000000,0.000000000000000000,4.030303030303030303,4.030303030303030302,0.000000000000000000,0.000000000000000000,24,0.000000000000000000,0.000000000000000000,0.000000000000000000,0.000000000000000000
1.340000000000000000,0.000000000000000000,0.000000000000000000,0.000000000000000000,3.941176470588235294,3.941176470588235293,0.000000000000000000,0.000000000000000000,24,0.000000000000000000,0.000000000000000000,0.000000000000000000,0.000000000000000000
1.350000000000000000,0.000000000000000000,0.000000000000000000,0.000000000000000000,3.857142857142857142,3.857142857142857142,0.000000000000000000,0.000000000000000000,24,0.000000000000000000,0.000000000000000000,0.000000000000000000,0.000000000000000000
1.360000000000000000,0.000000000000000000,0.000000000000000000,0.000000000000000000,3.777777777777777777,3.777777777777777777,0.000000000000000000,0.000000000000000000,24,0.000000000000000000,0.000000000000000000,0.000000000000000000,0.000000000000000000
1.370000000000000000,0.000000000000000000,0.000000000000000000,0.000000000000000000,3.702702702702702702,3.702702702702702702,0.000000000000000000,0.000000000000000000,24,0.000000000000000000,0.000000000000000000,0.000000000000000000,0.000000000000000000
1.380000000000000000,0.000000000000000000,0.000000000000000000,0.000000000000000000,3.631578947368421052,3.631578947368421052,0.000000000000000000,0.000000000000000000,24,0.000000000000000000,0.000000000000000000,0.000000000000000000,0.000000000000000000
1.390000000000000000,0.000000000000000000,0.000000000000000000,0.000000000000000000,3.564102564102564102,3.564102564102564102,0.000000000000000000,0.000000000000000000,24,0.000000000000000000,0.000000000000000000,0.000000000000000000,0.000000000000000000
1.400000000000000000,0.000000000000000000,0.000000000000000000,0.000000000000000000,3.500000000000000000,3.500000000000000000,0.000000000000000000,0.000000000000000000,24,0.000000000000000000,0.000000000000000000,0.000000000000000000,0.000000000000000000
1.410000000000000000,0.000000000000000000,0.000000000000000000,0.000000000000000000,3.439024390243902439,3.439024390243902438,0.000000000000000000,0.000000000000000000,24,0.000000000000000000,0.000000000000000000,0.000000000000000000,0.000000000000000000
1.420000000000000000,0.000000000000000000,0.000000000000000000,0.000000000000000000,3.380952380952380952,3.380952380952380952,0.000000000000000000,0.000000000000000000,24,0.000000000000000000,0.000000000000000000,0.000000000000000000,0.000000000000000000
1.430000000000000000,0.000000000000000000,0.000000000000000000,0.000000000000000000,3.325581395348837209,3.325581395348837209,0.000000000000000000,0.000000000000000000,24,0.000000000000000000,0.000000000000000000,0.000000000000000000,0.000000000000000000
1.440000000000000000,0.000000000000000000,0.000000000000000000,0.000000000000000000,3.272727272727272727,3.272727272727272727,0.000000000000000000,0.000000000000000000,24,0.000000000000000000,0.000000000000000000,0.000000000000000000,0.000000000000000000
1.450000000000000000,0.000000000000000000,0.000000000000000000,0.000000000000000000,3.222222222222222222,3.222222222222222222,0.000000000000000000,0.000000000000000000,24,0.000000000000000000,0.000000000000000000,0.000000000000000000,0.000000000000000000
1.460000000000000000,0.000000000000000000,0.000000000000000000,0.000000000000000000,3.173913043478260869,3.173913043478260869,0.000000000000000000,0.000000000000000000,24,0.000000000000000000,0.000000000000000000,0.000000000000000000,0.000000000000000000
1.470000000000000000,0.000000000000000000,0.000000000000000000,0.000000000000000000,3.127659574468085106,3.127659574468085106,0.000000000000000000,0.000000000000000000,24,0.000000000000000000,0.000000000000000000,0.000000000000000000,0.000000000000000000
1.480000000000000000,0.000000000000000000,0.000000000000000000,0.000000000000000000,3.083333333333333333,3.083333333333333333,0.000000000000000000,0.000000000000000000,24,0.000000000000000000,0.000000000000000000,0.000000000000000000,0.000000000000000000
1.490000000000000000,0.000000000000000000,0.000000000000000000,0.000000000000000000,3.040816326530612244,3.040816326530612244,0.000000000000000000,0.000000000000000000,24,0.000000000000000000,0.000000000000000000,0.000000000000000000,0.000000000000000000
1.500000000000000000,0.000000000000000000,0.000000000000000000,0.000000000000000000,3.000000000000000000,3.000000000000000000,0.000000000000000000,0.000000000000000000,24,0.000000000000000000,0.000000000000000000,0.000000000000000000,0.000000000000000000
1.510000000000000000,0.000000000000000000,0.000000000000000000,0.000000000000000000,2.960784313725490196,2.960784313725490195,0.000000000000000000,0.000000000000000000,24,0.000000000000000000,0.000000000000000000,0.000000000000000000,0.000000000000000000
1.520000000000000000,0.000000000000000000,0.000000000000000000,0.000000000000000000,2.923076923076923076,2.923076923076923076,0.000000000000000000,0.000000000000000000,24,0.000000000000000000,0.000000000000000000,0.000000000000000000,0.000000000000000000
1.530000000000000000,0.000000000000000000,0.000000000000000000,0.000000000000000000,2.886792452830188679,2.886792452830188679,0.000000000000000000,0.000000000000000000,24,0.000000000000000000,0.000000000000000000,0.000000000000000000,0.000000000000000000
1.540000000000000000,0.000000000000000000,0.000000000000000000,0.000000000000000000,2.851851851851851851,2.851851851851851851,0.000000000000000000,0.000000000000000000,24,0.000000000000000000,0.000000000000000000,0.000000000000000000,0.000000000000000000
1.550000000000000000,0.000000000000000000,0.000000000000000000,0.000000000000000000,2.818181818181818181,2.818181818181818181,0.000000000000000000,0.000000000000000000,24,0.000000000000000000,0.000000000000000000,0.000000000000000000,0.000000000000000000
1.560000000000000000,0.000000000000000000,0.000000000000000000,0.000000000000000000,2.785714285714285714,2.785714285714285714,0.000000000000000000,0.000000000000000000,24,0.000000000000000000,0.000000000000000000,0.000000000000000000,0.000000000000000000
1.570000000000000000,0.000000000000000000,0.000000000000000000,0.000000000000000000,2.754385964912280701,2.754385964912280701,0.000000000000000000,0.000000000000000000,24,0.000000000000000000,0.000000000000000000,0.000000000000000000,0.000000000000000000
1.580000000000000000,0.000000000000000000,0.000000000000000000,0.000000000000000000,2.724137931034482758,2.724137931034482758,0.000000000000000000,0.000000000000000000,24,0.000000000000000000,0.000000000000000000,0.000000000000000000,0.000000000000000000
1.590000000000000000,0.000000000000000000,0.000000000000000000,0.000000000000000000,2.694915254237288135,2.694915254237288135,0.000000000000000000,0.000000000000000000,24,0.000000000000000000,0.000000000000000000,0.000000000000000000,0.000000000000000000
1.600000000000000000,0.000000000000000000,0.000000000000000000,0.000000000000000000,2.666666666666666666,2.666666666666666666,0.000000000000000000,0.000000000000000000,24,0.000000000000000000,0.000000000000000000,0.000000000000000000,0.000000000000000000
