Price,Collateral Ratio,Mint Pegged Config,Redeem Pegged Config,Mint Leveraged Config,Redeem Leveraged Config
2.000000000000000000,0.002000000000000000,0.010000000000000000,-0.007500000000000000,-0.005000000000000000,0.015000000000000000
4.000000000000000000,0.004000000000000000,0.010000000000000000,-0.007500000000000000,-0.005000000000000000,0.015000000000000000
6.000000000000000000,0.006000000000000000,0.010000000000000000,-0.007500000000000000,-0.005000000000000000,0.015000000000000000
8.000000000000000000,0.008000000000000000,0.010000000000000000,-0.007500000000000000,-0.005000000000000000,0.015000000000000000
10.000000000000000000,0.010000000000000000,0.010000000000000000,-0.007500000000000000,-0.005000000000000000,0.015000000000000000
12.000000000000000000,0.012000000000000000,0.010000000000000000,-0.007500000000000000,-0.005000000000000000,0.015000000000000000
14.000000000000000000,0.014000000000000000,0.010000000000000000,-0.007500000000000000,-0.005000000000000000,0.015000000000000000
16.000000000000000000,0.016000000000000000,0.010000000000000000,-0.007500000000000000,-0.005000000000000000,0.015000000000000000
18.000000000000000000,0.018000000000000000,0.010000000000000000,-0.007500000000000000,-0.005000000000000000,0.015000000000000000
20.000000000000000000,0.020000000000000000,0.010000000000000000,-0.007500000000000000,-0.005000000000000000,0.015000000000000000
22.000000000000000000,0.022000000000000000,0.010000000000000000,-0.007500000000000000,-0.005000000000000000,0.015000000000000000
24.000000000000000000,0.024000000000000000,0.010000000000000000,-0.007500000000000000,-0.005000000000000000,0.015000000000000000
26.000000000000000000,0.026000000000000000,0.010000000000000000,-0.007500000000000000,-0.005000000000000000,0.015000000000000000
28.000000000000000000,0.028000000000000000,0.010000000000000000,-0.007500000000000000,-0.005000000000000000,0.015000000000000000
30.000000000000000000,0.030000000000000000,0.010000000000000000,-0.007500000000000000,-0.005000000000000000,0.015000000000000000
32.000000000000000000,0.032000000000000000,0.010000000000000000,-0.007500000000000000,-0.005000000000000000,0.015000000000000000
34.000000000000000000,0.034000000000000000,0.010000000000000000,-0.007500000000000000,-0.005000000000000000,0.015000000000000000
36.000000000000000000,0.036000000000000000,0.010000000000000000,-0.007500000000000000,-0.005000000000000000,0.015000000000000000
38.000000000000000000,0.038000000000000000,0.010000000000000000,-0.007500000000000000,-0.005000000000000000,0.015000000000000000
40.000000000000000000,0.040000000000000000,0.010000000000000000,-0.007500000000000000,-0.005000000000000000,0.015000000000000000
42.000000000000000000,0.042000000000000000,0.010000000000000000,-0.007500000000000000,-0.005000000000000000,0.015000000000000000
44.000000000000000000,0.044000000000000000,0.010000000000000000,-0.007500000000000000,-0.005000000000000000,0.015000000000000000
46.000000000000000000,0.046000000000000000,0.010000000000000000,-0.007500000000000000,-0.005000000000000000,0.015000000000000000
48.000000000000000000,0.048000000000000000,0.010000000000000000,-0.007500000000000000,-0.005000000000000000,0.015000000000000000
50.000000000000000000,0.050000000000000000,0.010000000000000000,-0.007500000000000000,-0.005000000000000000,0.015000000000000000
52.000000000000000000,0.052000000000000000,0.010000000000000000,-0.007500000000000000,-0.005000000000000000,0.015000000000000000
54.000000000000000000,0.054000000000000000,0.010000000000000000,-0.007500000000000000,-0.005000000000000000,0.015000000000000000
56.000000000000000000,0.056000000000000000,0.010000000000000000,-0.007500000000000000,-0.005000000000000000,0.015000000000000000
58.000000000000000000,0.058000000000000000,0.010000000000000000,-0.007500000000000000,-0.005000000000000000,0.015000000000000000
60.000000000000000000,0.060000000000000000,0.010000000000000000,-0.007500000000000000,-0.005000000000000000,0.015000000000000000
62.000000000000000000,0.062000000000000000,0.010000000000000000,-0.007500000000000000,-0.005000000000000000,0.015000000000000000
64.000000000000000000,0.064000000000000000,0.010000000000000000,-0.007500000000000000,-0.005000000000000000,0.015000000000000000
66.000000000000000000,0.066000000000000000,0.010000000000000000,-0.007500000000000000,-0.005000000000000000,0.015000000000000000
68.000000000000000000,0.068000000000000000,0.010000000000000000,-0.007500000000000000,-0.005000000000000000,0.015000000000000000
70.000000000000000000,0.070000000000000000,0.010000000000000000,-0.007500000000000000,-0.005000000000000000,0.015000000000000000
72.000000000000000000,0.072000000000000000,0.010000000000000000,-0.007500000000000000,-0.005000000000000000,0.015000000000000000
74.000000000000000000,0.074000000000000000,0.010000000000000000,-0.007500000000000000,-0.005000000000000000,0.015000000000000000
76.000000000000000000,0.076000000000000000,0.010000000000000000,-0.007500000000000000,-0.005000000000000000,0.015000000000000000
78.000000000000000000,0.078000000000000000,0.010000000000000000,-0.007500000000000000,-0.005000000000000000,0.015000000000000000
80.000000000000000000,0.080000000000000000,0.010000000000000000,-0.007500000000000000,-0.005000000000000000,0.015000000000000000
82.000000000000000000,0.082000000000000000,0.010000000000000000,-0.007500000000000000,-0.005000000000000000,0.015000000000000000
84.000000000000000000,0.084000000000000000,0.010000000000000000,-0.007500000000000000,-0.005000000000000000,0.015000000000000000
86.000000000000000000,0.086000000000000000,0.010000000000000000,-0.007500000000000000,-0.005000000000000000,0.015000000000000000
88.000000000000000000,0.088000000000000000,0.010000000000000000,-0.007500000000000000,-0.005000000000000000,0.015000000000000000
90.000000000000000000,0.090000000000000000,0.010000000000000000,-0.007500000000000000,-0.005000000000000000,0.015000000000000000
92.000000000000000000,0.092000000000000000,0.010000000000000000,-0.007500000000000000,-0.005000000000000000,0.015000000000000000
94.000000000000000000,0.094000000000000000,0.010000000000000000,-0.007500000000000000,-0.005000000000000000,0.015000000000000000
96.000000000000000000,0.096000000000000000,0.010000000000000000,-0.007500000000000000,-0.005000000000000000,0.015000000000000000
98.000000000000000000,0.098000000000000000,0.010000000000000000,-0.007500000000000000,-0.005000000000000000,0.015000000000000000
100.000000000000000000,0.100000000000000000,0.010000000000000000,-0.007500000000000000,-0.005000000000000000,0.015000000000000000
102.000000000000000000,0.102000000000000000,0.010000000000000000,-0.007500000000000000,-0.005000000000000000,0.015000000000000000
104.000000000000000000,0.104000000000000000,0.010000000000000000,-0.007500000000000000,-0.005000000000000000,0.015000000000000000
106.000000000000000000,0.106000000000000000,0.010000000000000000,-0.007500000000000000,-0.005000000000000000,0.015000000000000000
108.000000000000000000,0.108000000000000000,0.010000000000000000,-0.007500000000000000,-0.005000000000000000,0.015000000000000000
110.000000000000000000,0.110000000000000000,0.010000000000000000,-0.007500000000000000,-0.005000000000000000,0.015000000000000000
112.000000000000000000,0.112000000000000000,0.010000000000000000,-0.007500000000000000,-0.005000000000000000,0.015000000000000000
114.000000000000000000,0.114000000000000000,0.010000000000000000,-0.007500000000000000,-0.005000000000000000,0.015000000000000000
116.000000000000000000,0.116000000000000000,0.010000000000000000,-0.007500000000000000,-0.005000000000000000,0.015000000000000000
118.000000000000000000,0.118000000000000000,0.010000000000000000,-0.007500000000000000,-0.005000000000000000,0.015000000000000000
120.000000000000000000,0.120000000000000000,0.010000000000000000,-0.007500000000000000,-0.005000000000000000,0.015000000000000000
122.000000000000000000,0.122000000000000000,0.010000000000000000,-0.007500000000000000,-0.005000000000000000,0.015000000000000000
124.000000000000000000,0.124000000000000000,0.010000000000000000,-0.007500000000000000,-0.005000000000000000,0.015000000000000000
126.000000000000000000,0.126000000000000000,0.010000000000000000,-0.007500000000000000,-0.005000000000000000,0.015000000000000000
128.000000000000000000,0.128000000000000000,0.010000000000000000,-0.007500000000000000,-0.005000000000000000,0.015000000000000000
130.000000000000000000,0.130000000000000000,0.010000000000000000,-0.007500000000000000,-0.005000000000000000,0.015000000000000000
132.000000000000000000,0.132000000000000000,0.010000000000000000,-0.007500000000000000,-0.005000000000000000,0.015000000000000000
134.000000000000000000,0.134000000000000000,0.010000000000000000,-0.007500000000000000,-0.005000000000000000,0.015000000000000000
136.000000000000000000,0.136000000000000000,0.010000000000000000,-0.007500000000000000,-0.005000000000000000,0.015000000000000000
138.000000000000000000,0.138000000000000000,0.010000000000000000,-0.007500000000000000,-0.005000000000000000,0.015000000000000000
140.000000000000000000,0.140000000000000000,0.010000000000000000,-0.007500000000000000,-0.005000000000000000,0.015000000000000000
142.000000000000000000,0.142000000000000000,0.010000000000000000,-0.007500000000000000,-0.005000000000000000,0.015000000000000000
144.000000000000000000,0.144000000000000000,0.010000000000000000,-0.007500000000000000,-0.005000000000000000,0.015000000000000000
146.000000000000000000,0.146000000000000000,0.010000000000000000,-0.007500000000000000,-0.005000000000000000,0.015000000000000000
148.000000000000000000,0.148000000000000000,0.010000000000000000,-0.007500000000000000,-0.005000000000000000,0.015000000000000000
150.000000000000000000,0.150000000000000000,0.010000000000000000,-0.007500000000000000,-0.005000000000000000,0.015000000000000000
152.000000000000000000,0.152000000000000000,0.010000000000000000,-0.007500000000000000,-0.005000000000000000,0.015000000000000000
154.000000000000000000,0.154000000000000000,0.010000000000000000,-0.007500000000000000,-0.005000000000000000,0.015000000000000000
156.000000000000000000,0.156000000000000000,0.010000000000000000,-0.007500000000000000,-0.005000000000000000,0.015000000000000000
158.000000000000000000,0.158000000000000000,0.010000000000000000,-0.007500000000000000,-0.005000000000000000,0.015000000000000000
160.000000000000000000,0.160000000000000000,0.010000000000000000,-0.007500000000000000,-0.005000000000000000,0.015000000000000000
162.000000000000000000,0.162000000000000000,0.010000000000000000,-0.007500000000000000,-0.005000000000000000,0.015000000000000000
164.000000000000000000,0.164000000000000000,0.010000000000000000,-0.007500000000000000,-0.005000000000000000,0.015000000000000000
166.000000000000000000,0.166000000000000000,0.010000000000000000,-0.007500000000000000,-0.005000000000000000,0.015000000000000000
168.000000000000000000,0.168000000000000000,0.010000000000000000,-0.007500000000000000,-0.005000000000000000,0.015000000000000000
170.000000000000000000,0.170000000000000000,0.010000000000000000,-0.007500000000000000,-0.005000000000000000,0.015000000000000000
172.000000000000000000,0.172000000000000000,0.010000000000000000,-0.007500000000000000,-0.005000000000000000,0.015000000000000000
174.000000000000000000,0.174000000000000000,0.010000000000000000,-0.007500000000000000,-0.005000000000000000,0.015000000000000000
176.000000000000000000,0.176000000000000000,0.010000000000000000,-0.007500000000000000,-0.005000000000000000,0.015000000000000000
178.000000000000000000,0.178000000000000000,0.010000000000000000,-0.007500000000000000,-0.005000000000000000,0.015000000000000000
180.000000000000000000,0.180000000000000000,0.010000000000000000,-0.007500000000000000,-0.005000000000000000,0.015000000000000000
182.000000000000000000,0.182000000000000000,0.010000000000000000,-0.007500000000000000,-0.005000000000000000,0.015000000000000000
184.000000000000000000,0.184000000000000000,0.010000000000000000,-0.007500000000000000,-0.005000000000000000,0.015000000000000000
186.000000000000000000,0.186000000000000000,0.010000000000000000,-0.007500000000000000,-0.005000000000000000,0.015000000000000000
188.000000000000000000,0.188000000000000000,0.010000000000000000,-0.007500000000000000,-0.005000000000000000,0.015000000000000000
190.000000000000000000,0.190000000000000000,0.010000000000000000,-0.007500000000000000,-0.005000000000000000,0.015000000000000000
192.000000000000000000,0.192000000000000000,0.010000000000000000,-0.007500000000000000,-0.005000000000000000,0.015000000000000000
194.000000000000000000,0.194000000000000000,0.010000000000000000,-0.007500000000000000,-0.005000000000000000,0.015000000000000000
196.000000000000000000,0.196000000000000000,0.010000000000000000,-0.007500000000000000,-0.005000000000000000,0.015000000000000000
198.000000000000000000,0.198000000000000000,0.010000000000000000,-0.007500000000000000,-0.005000000000000000,0.015000000000000000
200.000000000000000000,0.200000000000000000,0.010000000000000000,-0.007500000000000000,-0.005000000000000000,0.015000000000000000
202.000000000000000000,0.202000000000000000,0.010000000000000000,-0.007500000000000000,-0.005000000000000000,0.015000000000000000
204.000000000000000000,0.204000000000000000,0.010000000000000000,-0.007500000000000000,-0.005000000000000000,0.015000000000000000
206.000000000000000000,0.206000000000000000,0.010000000000000000,-0.007500000000000000,-0.005000000000000000,0.015000000000000000
208.000000000000000000,0.208000000000000000,0.010000000000000000,-0.007500000000000000,-0.005000000000000000,0.015000000000000000
210.000000000000000000,0.210000000000000000,0.010000000000000000,-0.007500000000000000,-0.005000000000000000,0.015000000000000000
212.000000000000000000,0.212000000000000000,0.010000000000000000,-0.007500000000000000,-0.005000000000000000,0.015000000000000000
214.000000000000000000,0.214000000000000000,0.010000000000000000,-0.007500000000000000,-0.005000000000000000,0.015000000000000000
216.000000000000000000,0.216000000000000000,0.010000000000000000,-0.007500000000000000,-0.005000000000000000,0.015000000000000000
218.000000000000000000,0.218000000000000000,0.010000000000000000,-0.007500000000000000,-0.005000000000000000,0.015000000000000000
220.000000000000000000,0.220000000000000000,0.010000000000000000,-0.007500000000000000,-0.005000000000000000,0.015000000000000000
222.000000000000000000,0.222000000000000000,0.010000000000000000,-0.007500000000000000,-0.005000000000000000,0.015000000000000000
224.000000000000000000,0.224000000000000000,0.010000000000000000,-0.007500000000000000,-0.005000000000000000,0.015000000000000000
226.000000000000000000,0.226000000000000000,0.010000000000000000,-0.007500000000000000,-0.005000000000000000,0.015000000000000000
228.000000000000000000,0.228000000000000000,0.010000000000000000,-0.007500000000000000,-0.005000000000000000,0.015000000000000000
230.000000000000000000,0.230000000000000000,0.010000000000000000,-0.007500000000000000,-0.005000000000000000,0.015000000000000000
232.000000000000000000,0.232000000000000000,0.010000000000000000,-0.007500000000000000,-0.005000000000000000,0.015000000000000000
234.000000000000000000,0.234000000000000000,0.010000000000000000,-0.007500000000000000,-0.005000000000000000,0.015000000000000000
236.000000000000000000,0.236000000000000000,0.010000000000000000,-0.007500000000000000,-0.005000000000000000,0.015000000000000000
238.000000000000000000,0.238000000000000000,0.010000000000000000,-0.007500000000000000,-0.005000000000000000,0.015000000000000000
240.000000000000000000,0.240000000000000000,0.010000000000000000,-0.007500000000000000,-0.005000000000000000,0.015000000000000000
242.000000000000000000,0.242000000000000000,0.010000000000000000,-0.007500000000000000,-0.005000000000000000,0.015000000000000000
244.000000000000000000,0.244000000000000000,0.010000000000000000,-0.007500000000000000,-0.005000000000000000,0.015000000000000000
246.000000000000000000,0.246000000000000000,0.010000000000000000,-0.007500000000000000,-0.005000000000000000,0.015000000000000000
248.000000000000000000,0.248000000000000000,0.010000000000000000,-0.007500000000000000,-0.005000000000000000,0.015000000000000000
250.000000000000000000,0.250000000000000000,0.010000000000000000,-0.007500000000000000,-0.005000000000000000,0.015000000000000000
252.000000000000000000,0.252000000000000000,0.010000000000000000,-0.007500000000000000,-0.005000000000000000,0.015000000000000000
254.000000000000000000,0.254000000000000000,0.010000000000000000,-0.007500000000000000,-0.005000000000000000,0.015000000000000000
256.000000000000000000,0.256000000000000000,0.010000000000000000,-0.007500000000000000,-0.005000000000000000,0.015000000000000000
258.000000000000000000,0.258000000000000000,0.010000000000000000,-0.007500000000000000,-0.005000000000000000,0.015000000000000000
260.000000000000000000,0.260000000000000000,0.010000000000000000,-0.007500000000000000,-0.005000000000000000,0.015000000000000000
262.000000000000000000,0.262000000000000000,0.010000000000000000,-0.007500000000000000,-0.005000000000000000,0.015000000000000000
264.000000000000000000,0.264000000000000000,0.010000000000000000,-0.007500000000000000,-0.005000000000000000,0.015000000000000000
266.000000000000000000,0.266000000000000000,0.010000000000000000,-0.007500000000000000,-0.005000000000000000,0.015000000000000000
268.000000000000000000,0.268000000000000000,0.010000000000000000,-0.007500000000000000,-0.005000000000000000,0.015000000000000000
270.000000000000000000,0.270000000000000000,0.010000000000000000,-0.007500000000000000,-0.005000000000000000,0.015000000000000000
272.000000000000000000,0.272000000000000000,0.010000000000000000,-0.007500000000000000,-0.005000000000000000,0.015000000000000000
274.000000000000000000,0.274000000000000000,0.010000000000000000,-0.007500000000000000,-0.005000000000000000,0.015000000000000000
276.000000000000000000,0.276000000000000000,0.010000000000000000,-0.007500000000000000,-0.005000000000000000,0.015000000000000000
278.000000000000000000,0.278000000000000000,0.010000000000000000,-0.007500000000000000,-0.005000000000000000,0.015000000000000000
280.000000000000000000,0.280000000000000000,0.010000000000000000,-0.007500000000000000,-0.005000000000000000,0.015000000000000000
282.000000000000000000,0.282000000000000000,0.010000000000000000,-0.007500000000000000,-0.005000000000000000,0.015000000000000000
284.000000000000000000,0.284000000000000000,0.010000000000000000,-0.007500000000000000,-0.005000000000000000,0.015000000000000000
286.000000000000000000,0.286000000000000000,0.010000000000000000,-0.007500000000000000,-0.005000000000000000,0.015000000000000000
288.000000000000000000,0.288000000000000000,0.010000000000000000,-0.007500000000000000,-0.005000000000000000,0.015000000000000000
290.000000000000000000,0.290000000000000000,0.010000000000000000,-0.007500000000000000,-0.005000000000000000,0.015000000000000000
292.000000000000000000,0.292000000000000000,0.010000000000000000,-0.007500000000000000,-0.005000000000000000,0.015000000000000000
294.000000000000000000,0.294000000000000000,0.010000000000000000,-0.007500000000000000,-0.005000000000000000,0.015000000000000000
296.000000000000000000,0.296000000000000000,0.010000000000000000,-0.007500000000000000,-0.005000000000000000,0.015000000000000000
298.000000000000000000,0.298000000000000000,0.010000000000000000,-0.007500000000000000,-0.005000000000000000,0.015000000000000000
300.000000000000000000,0.300000000000000000,0.010000000000000000,-0.007500000000000000,-0.005000000000000000,0.015000000000000000
302.000000000000000000,0.302000000000000000,0.010000000000000000,-0.007500000000000000,-0.005000000000000000,0.015000000000000000
304.000000000000000000,0.304000000000000000,0.010000000000000000,-0.007500000000000000,-0.005000000000000000,0.015000000000000000
306.000000000000000000,0.306000000000000000,0.010000000000000000,-0.007500000000000000,-0.005000000000000000,0.015000000000000000
308.000000000000000000,0.308000000000000000,0.010000000000000000,-0.007500000000000000,-0.005000000000000000,0.015000000000000000
310.000000000000000000,0.310000000000000000,0.010000000000000000,-0.007500000000000000,-0.005000000000000000,0.015000000000000000
312.000000000000000000,0.312000000000000000,0.010000000000000000,-0.007500000000000000,-0.005000000000000000,0.015000000000000000
314.000000000000000000,0.314000000000000000,0.010000000000000000,-0.007500000000000000,-0.005000000000000000,0.015000000000000000
316.000000000000000000,0.316000000000000000,0.010000000000000000,-0.007500000000000000,-0.005000000000000000,0.015000000000000000
318.000000000000000000,0.318000000000000000,0.010000000000000000,-0.007500000000000000,-0.005000000000000000,0.015000000000000000
320.000000000000000000,0.320000000000000000,0.010000000000000000,-0.007500000000000000,-0.005000000000000000,0.015000000000000000
322.000000000000000000,0.322000000000000000,0.010000000000000000,-0.007500000000000000,-0.005000000000000000,0.015000000000000000
324.000000000000000000,0.324000000000000000,0.010000000000000000,-0.007500000000000000,-0.005000000000000000,0.015000000000000000
326.000000000000000000,0.326000000000000000,0.010000000000000000,-0.007500000000000000,-0.005000000000000000,0.015000000000000000
328.000000000000000000,0.328000000000000000,0.010000000000000000,-0.007500000000000000,-0.005000000000000000,0.015000000000000000
330.000000000000000000,0.330000000000000000,0.010000000000000000,-0.007500000000000000,-0.005000000000000000,0.015000000000000000
332.000000000000000000,0.332000000000000000,0.010000000000000000,-0.007500000000000000,-0.005000000000000000,0.015000000000000000
334.000000000000000000,0.334000000000000000,0.010000000000000000,-0.007500000000000000,-0.005000000000000000,0.015000000000000000
336.000000000000000000,0.336000000000000000,0.010000000000000000,-0.007500000000000000,-0.005000000000000000,0.015000000000000000
338.000000000000000000,0.338000000000000000,0.010000000000000000,-0.007500000000000000,-0.005000000000000000,0.015000000000000000
340.000000000000000000,0.340000000000000000,0.010000000000000000,-0.007500000000000000,-0.005000000000000000,0.015000000000000000
342.000000000000000000,0.342000000000000000,0.010000000000000000,-0.007500000000000000,-0.005000000000000000,0.015000000000000000
344.000000000000000000,0.344000000000000000,0.010000000000000000,-0.007500000000000000,-0.005000000000000000,0.015000000000000000
346.000000000000000000,0.346000000000000000,0.010000000000000000,-0.007500000000000000,-0.005000000000000000,0.015000000000000000
348.000000000000000000,0.348000000000000000,0.010000000000000000,-0.007500000000000000,-0.005000000000000000,0.015000000000000000
350.000000000000000000,0.350000000000000000,0.010000000000000000,-0.007500000000000000,-0.005000000000000000,0.015000000000000000
352.000000000000000000,0.352000000000000000,0.010000000000000000,-0.007500000000000000,-0.005000000000000000,0.015000000000000000
354.000000000000000000,0.354000000000000000,0.010000000000000000,-0.007500000000000000,-0.005000000000000000,0.015000000000000000
356.000000000000000000,0.356000000000000000,0.010000000000000000,-0.007500000000000000,-0.005000000000000000,0.015000000000000000
358.000000000000000000,0.358000000000000000,0.010000000000000000,-0.007500000000000000,-0.005000000000000000,0.015000000000000000
360.000000000000000000,0.360000000000000000,0.010000000000000000,-0.007500000000000000,-0.005000000000000000,0.015000000000000000
362.000000000000000000,0.362000000000000000,0.010000000000000000,-0.007500000000000000,-0.005000000000000000,0.015000000000000000
364.000000000000000000,0.364000000000000000,0.010000000000000000,-0.007500000000000000,-0.005000000000000000,0.015000000000000000
366.000000000000000000,0.366000000000000000,0.010000000000000000,-0.007500000000000000,-0.005000000000000000,0.015000000000000000
368.000000000000000000,0.368000000000000000,0.010000000000000000,-0.007500000000000000,-0.005000000000000000,0.015000000000000000
370.000000000000000000,0.370000000000000000,0.010000000000000000,-0.007500000000000000,-0.005000000000000000,0.015000000000000000
372.000000000000000000,0.372000000000000000,0.010000000000000000,-0.007500000000000000,-0.005000000000000000,0.015000000000000000
374.000000000000000000,0.374000000000000000,0.010000000000000000,-0.007500000000000000,-0.005000000000000000,0.015000000000000000
376.000000000000000000,0.376000000000000000,0.010000000000000000,-0.007500000000000000,-0.005000000000000000,0.015000000000000000
378.000000000000000000,0.378000000000000000,0.010000000000000000,-0.007500000000000000,-0.005000000000000000,0.015000000000000000
380.000000000000000000,0.380000000000000000,0.010000000000000000,-0.007500000000000000,-0.005000000000000000,0.015000000000000000
382.000000000000000000,0.382000000000000000,0.010000000000000000,-0.007500000000000000,-0.005000000000000000,0.015000000000000000
384.000000000000000000,0.384000000000000000,0.010000000000000000,-0.007500000000000000,-0.005000000000000000,0.015000000000000000
386.000000000000000000,0.386000000000000000,0.010000000000000000,-0.007500000000000000,-0.005000000000000000,0.015000000000000000
388.000000000000000000,0.388000000000000000,0.010000000000000000,-0.007500000000000000,-0.005000000000000000,0.015000000000000000
390.000000000000000000,0.390000000000000000,0.010000000000000000,-0.007500000000000000,-0.005000000000000000,0.015000000000000000
392.000000000000000000,0.392000000000000000,0.010000000000000000,-0.007500000000000000,-0.005000000000000000,0.015000000000000000
394.000000000000000000,0.394000000000000000,0.010000000000000000,-0.007500000000000000,-0.005000000000000000,0.015000000000000000
396.000000000000000000,0.396000000000000000,0.010000000000000000,-0.007500000000000000,-0.005000000000000000,0.015000000000000000
398.000000000000000000,0.398000000000000000,0.010000000000000000,-0.007500000000000000,-0.005000000000000000,0.015000000000000000
400.000000000000000000,0.400000000000000000,0.010000000000000000,-0.007500000000000000,-0.005000000000000000,0.015000000000000000
402.000000000000000000,0.402000000000000000,0.010000000000000000,-0.007500000000000000,-0.005000000000000000,0.015000000000000000
404.000000000000000000,0.404000000000000000,0.010000000000000000,-0.007500000000000000,-0.005000000000000000,0.015000000000000000
406.000000000000000000,0.406000000000000000,0.010000000000000000,-0.007500000000000000,-0.005000000000000000,0.015000000000000000
408.000000000000000000,0.408000000000000000,0.010000000000000000,-0.007500000000000000,-0.005000000000000000,0.015000000000000000
410.000000000000000000,0.410000000000000000,0.010000000000000000,-0.007500000000000000,-0.005000000000000000,0.015000000000000000
412.000000000000000000,0.412000000000000000,0.010000000000000000,-0.007500000000000000,-0.005000000000000000,0.015000000000000000
414.000000000000000000,0.414000000000000000,0.010000000000000000,-0.007500000000000000,-0.005000000000000000,0.015000000000000000
416.000000000000000000,0.416000000000000000,0.010000000000000000,-0.007500000000000000,-0.005000000000000000,0.015000000000000000
418.000000000000000000,0.418000000000000000,0.010000000000000000,-0.007500000000000000,-0.005000000000000000,0.015000000000000000
420.000000000000000000,0.420000000000000000,0.010000000000000000,-0.007500000000000000,-0.005000000000000000,0.015000000000000000
422.000000000000000000,0.422000000000000000,0.010000000000000000,-0.007500000000000000,-0.005000000000000000,0.015000000000000000
424.000000000000000000,0.424000000000000000,0.010000000000000000,-0.007500000000000000,-0.005000000000000000,0.015000000000000000
426.000000000000000000,0.426000000000000000,0.010000000000000000,-0.007500000000000000,-0.005000000000000000,0.015000000000000000
428.000000000000000000,0.428000000000000000,0.010000000000000000,-0.007500000000000000,-0.005000000000000000,0.015000000000000000
430.000000000000000000,0.430000000000000000,0.010000000000000000,-0.007500000000000000,-0.005000000000000000,0.015000000000000000
432.000000000000000000,0.432000000000000000,0.010000000000000000,-0.007500000000000000,-0.005000000000000000,0.015000000000000000
434.000000000000000000,0.434000000000000000,0.010000000000000000,-0.007500000000000000,-0.005000000000000000,0.015000000000000000
436.000000000000000000,0.436000000000000000,0.010000000000000000,-0.007500000000000000,-0.005000000000000000,0.015000000000000000
438.000000000000000000,0.438000000000000000,0.010000000000000000,-0.007500000000000000,-0.005000000000000000,0.015000000000000000
440.000000000000000000,0.440000000000000000,0.010000000000000000,-0.007500000000000000,-0.005000000000000000,0.015000000000000000
442.000000000000000000,0.442000000000000000,0.010000000000000000,-0.007500000000000000,-0.005000000000000000,0.015000000000000000
444.000000000000000000,0.444000000000000000,0.010000000000000000,-0.007500000000000000,-0.005000000000000000,0.015000000000000000
446.000000000000000000,0.446000000000000000,0.010000000000000000,-0.007500000000000000,-0.005000000000000000,0.015000000000000000
448.000000000000000000,0.448000000000000000,0.010000000000000000,-0.007500000000000000,-0.005000000000000000,0.015000000000000000
450.000000000000000000,0.450000000000000000,0.010000000000000000,-0.007500000000000000,-0.005000000000000000,0.015000000000000000
452.000000000000000000,0.452000000000000000,0.010000000000000000,-0.007500000000000000,-0.005000000000000000,0.015000000000000000
454.000000000000000000,0.454000000000000000,0.010000000000000000,-0.007500000000000000,-0.005000000000000000,0.015000000000000000
456.000000000000000000,0.456000000000000000,0.010000000000000000,-0.007500000000000000,-0.005000000000000000,0.015000000000000000
458.000000000000000000,0.458000000000000000,0.010000000000000000,-0.007500000000000000,-0.005000000000000000,0.015000000000000000
460.000000000000000000,0.460000000000000000,0.010000000000000000,-0.007500000000000000,-0.005000000000000000,0.015000000000000000
462.000000000000000000,0.462000000000000000,0.010000000000000000,-0.007500000000000000,-0.005000000000000000,0.015000000000000000
464.000000000000000000,0.464000000000000000,0.010000000000000000,-0.007500000000000000,-0.005000000000000000,0.015000000000000000
466.000000000000000000,0.466000000000000000,0.010000000000000000,-0.007500000000000000,-0.005000000000000000,0.015000000000000000
468.000000000000000000,0.468000000000000000,0.010000000000000000,-0.007500000000000000,-0.005000000000000000,0.015000000000000000
470.000000000000000000,0.470000000000000000,0.010000000000000000,-0.007500000000000000,-0.005000000000000000,0.015000000000000000
472.000000000000000000,0.472000000000000000,0.010000000000000000,-0.007500000000000000,-0.005000000000000000,0.015000000000000000
474.000000000000000000,0.474000000000000000,0.010000000000000000,-0.007500000000000000,-0.005000000000000000,0.015000000000000000
476.000000000000000000,0.476000000000000000,0.010000000000000000,-0.007500000000000000,-0.005000000000000000,0.015000000000000000
478.000000000000000000,0.478000000000000000,0.010000000000000000,-0.007500000000000000,-0.005000000000000000,0.015000000000000000
480.000000000000000000,0.480000000000000000,0.010000000000000000,-0.007500000000000000,-0.005000000000000000,0.015000000000000000
482.000000000000000000,0.482000000000000000,0.010000000000000000,-0.007500000000000000,-0.005000000000000000,0.015000000000000000
484.000000000000000000,0.484000000000000000,0.010000000000000000,-0.007500000000000000,-0.005000000000000000,0.015000000000000000
486.000000000000000000,0.486000000000000000,0.010000000000000000,-0.007500000000000000,-0.005000000000000000,0.015000000000000000
488.000000000000000000,0.488000000000000000,0.010000000000000000,-0.007500000000000000,-0.005000000000000000,0.015000000000000000
490.000000000000000000,0.490000000000000000,0.010000000000000000,-0.007500000000000000,-0.005000000000000000,0.015000000000000000
492.000000000000000000,0.492000000000000000,0.010000000000000000,-0.007500000000000000,-0.005000000000000000,0.015000000000000000
494.000000000000000000,0.494000000000000000,0.010000000000000000,-0.007500000000000000,-0.005000000000000000,0.015000000000000000
496.000000000000000000,0.496000000000000000,0.010000000000000000,-0.007500000000000000,-0.005000000000000000,0.015000000000000000
498.000000000000000000,0.498000000000000000,0.010000000000000000,-0.007500000000000000,-0.005000000000000000,0.015000000000000000
500.000000000000000000,0.500000000000000000,0.010000000000000000,-0.007500000000000000,-0.005000000000000000,0.015000000000000000
502.000000000000000000,0.502000000000000000,0.010000000000000000,-0.007500000000000000,-0.005000000000000000,0.015000000000000000
504.000000000000000000,0.504000000000000000,0.010000000000000000,-0.007500000000000000,-0.005000000000000000,0.015000000000000000
506.000000000000000000,0.506000000000000000,0.010000000000000000,-0.007500000000000000,-0.005000000000000000,0.015000000000000000
508.000000000000000000,0.508000000000000000,0.010000000000000000,-0.007500000000000000,-0.005000000000000000,0.015000000000000000
510.000000000000000000,0.510000000000000000,0.010000000000000000,-0.007500000000000000,-0.005000000000000000,0.015000000000000000
512.000000000000000000,0.512000000000000000,0.010000000000000000,-0.007500000000000000,-0.005000000000000000,0.015000000000000000
514.000000000000000000,0.514000000000000000,0.010000000000000000,-0.007500000000000000,-0.005000000000000000,0.015000000000000000
516.000000000000000000,0.516000000000000000,0.010000000000000000,-0.007500000000000000,-0.005000000000000000,0.015000000000000000
518.000000000000000000,0.518000000000000000,0.010000000000000000,-0.007500000000000000,-0.005000000000000000,0.015000000000000000
520.000000000000000000,0.520000000000000000,0.010000000000000000,-0.007500000000000000,-0.005000000000000000,0.015000000000000000
522.000000000000000000,0.522000000000000000,0.010000000000000000,-0.007500000000000000,-0.005000000000000000,0.015000000000000000
524.000000000000000000,0.524000000000000000,0.010000000000000000,-0.007500000000000000,-0.005000000000000000,0.015000000000000000
526.000000000000000000,0.526000000000000000,0.010000000000000000,-0.007500000000000000,-0.005000000000000000,0.015000000000000000
528.000000000000000000,0.528000000000000000,0.010000000000000000,-0.007500000000000000,-0.005000000000000000,0.015000000000000000
530.000000000000000000,0.530000000000000000,0.010000000000000000,-0.007500000000000000,-0.005000000000000000,0.015000000000000000
532.000000000000000000,0.532000000000000000,0.010000000000000000,-0.007500000000000000,-0.005000000000000000,0.015000000000000000
534.000000000000000000,0.534000000000000000,0.010000000000000000,-0.007500000000000000,-0.005000000000000000,0.015000000000000000
536.000000000000000000,0.536000000000000000,0.010000000000000000,-0.007500000000000000,-0.005000000000000000,0.015000000000000000
538.000000000000000000,0.538000000000000000,0.010000000000000000,-0.007500000000000000,-0.005000000000000000,0.015000000000000000
540.000000000000000000,0.540000000000000000,0.010000000000000000,-0.007500000000000000,-0.005000000000000000,0.015000000000000000
542.000000000000000000,0.542000000000000000,0.010000000000000000,-0.007500000000000000,-0.005000000000000000,0.015000000000000000
544.000000000000000000,0.544000000000000000,0.010000000000000000,-0.007500000000000000,-0.005000000000000000,0.015000000000000000
546.000000000000000000,0.546000000000000000,0.010000000000000000,-0.007500000000000000,-0.005000000000000000,0.015000000000000000
548.000000000000000000,0.548000000000000000,0.010000000000000000,-0.007500000000000000,-0.005000000000000000,0.015000000000000000
550.000000000000000000,0.550000000000000000,0.010000000000000000,-0.007500000000000000,-0.005000000000000000,0.015000000000000000
552.000000000000000000,0.552000000000000000,0.010000000000000000,-0.007500000000000000,-0.005000000000000000,0.015000000000000000
554.000000000000000000,0.554000000000000000,0.010000000000000000,-0.007500000000000000,-0.005000000000000000,0.015000000000000000
556.000000000000000000,0.556000000000000000,0.010000000000000000,-0.007500000000000000,-0.005000000000000000,0.015000000000000000
558.000000000000000000,0.558000000000000000,0.010000000000000000,-0.007500000000000000,-0.005000000000000000,0.015000000000000000
560.000000000000000000,0.560000000000000000,0.010000000000000000,-0.007500000000000000,-0.005000000000000000,0.015000000000000000
562.000000000000000000,0.562000000000000000,0.010000000000000000,-0.007500000000000000,-0.005000000000000000,0.015000000000000000
564.000000000000000000,0.564000000000000000,0.010000000000000000,-0.007500000000000000,-0.005000000000000000,0.015000000000000000
566.000000000000000000,0.566000000000000000,0.010000000000000000,-0.007500000000000000,-0.005000000000000000,0.015000000000000000
568.000000000000000000,0.568000000000000000,0.010000000000000000,-0.007500000000000000,-0.005000000000000000,0.015000000000000000
570.000000000000000000,0.570000000000000000,0.010000000000000000,-0.007500000000000000,-0.005000000000000000,0.015000000000000000
572.000000000000000000,0.572000000000000000,0.010000000000000000,-0.007500000000000000,-0.005000000000000000,0.015000000000000000
574.000000000000000000,0.574000000000000000,0.010000000000000000,-0.007500000000000000,-0.005000000000000000,0.015000000000000000
576.000000000000000000,0.576000000000000000,0.010000000000000000,-0.007500000000000000,-0.005000000000000000,0.015000000000000000
578.000000000000000000,0.578000000000000000,0.010000000000000000,-0.007500000000000000,-0.005000000000000000,0.015000000000000000
580.000000000000000000,0.580000000000000000,0.010000000000000000,-0.007500000000000000,-0.005000000000000000,0.015000000000000000
582.000000000000000000,0.582000000000000000,0.010000000000000000,-0.007500000000000000,-0.005000000000000000,0.015000000000000000
584.000000000000000000,0.584000000000000000,0.010000000000000000,-0.007500000000000000,-0.005000000000000000,0.015000000000000000
586.000000000000000000,0.586000000000000000,0.010000000000000000,-0.007500000000000000,-0.005000000000000000,0.015000000000000000
588.000000000000000000,0.588000000000000000,0.010000000000000000,-0.007500000000000000,-0.005000000000000000,0.015000000000000000
590.000000000000000000,0.590000000000000000,0.010000000000000000,-0.007500000000000000,-0.005000000000000000,0.015000000000000000
592.000000000000000000,0.592000000000000000,0.010000000000000000,-0.007500000000000000,-0.005000000000000000,0.015000000000000000
594.000000000000000000,0.594000000000000000,0.010000000000000000,-0.007500000000000000,-0.005000000000000000,0.015000000000000000
596.000000000000000000,0.596000000000000000,0.010000000000000000,-0.007500000000000000,-0.005000000000000000,0.015000000000000000
598.000000000000000000,0.598000000000000000,0.010000000000000000,-0.007500000000000000,-0.005000000000000000,0.015000000000000000
600.000000000000000000,0.600000000000000000,0.010000000000000000,-0.007500000000000000,-0.005000000000000000,0.015000000000000000
602.000000000000000000,0.602000000000000000,0.010000000000000000,-0.007500000000000000,-0.005000000000000000,0.015000000000000000
604.000000000000000000,0.604000000000000000,0.010000000000000000,-0.007500000000000000,-0.005000000000000000,0.015000000000000000
606.000000000000000000,0.606000000000000000,0.010000000000000000,-0.007500000000000000,-0.005000000000000000,0.015000000000000000
608.000000000000000000,0.608000000000000000,0.010000000000000000,-0.007500000000000000,-0.005000000000000000,0.015000000000000000
610.000000000000000000,0.610000000000000000,0.010000000000000000,-0.007500000000000000,-0.005000000000000000,0.015000000000000000
612.000000000000000000,0.612000000000000000,0.010000000000000000,-0.007500000000000000,-0.005000000000000000,0.015000000000000000
614.000000000000000000,0.614000000000000000,0.010000000000000000,-0.007500000000000000,-0.005000000000000000,0.015000000000000000
616.000000000000000000,0.616000000000000000,0.010000000000000000,-0.007500000000000000,-0.005000000000000000,0.015000000000000000
618.000000000000000000,0.618000000000000000,0.010000000000000000,-0.007500000000000000,-0.005000000000000000,0.015000000000000000
620.000000000000000000,0.620000000000000000,0.010000000000000000,-0.007500000000000000,-0.005000000000000000,0.015000000000000000
622.000000000000000000,0.622000000000000000,0.010000000000000000,-0.007500000000000000,-0.005000000000000000,0.015000000000000000
624.000000000000000000,0.624000000000000000,0.010000000000000000,-0.007500000000000000,-0.005000000000000000,0.015000000000000000
626.000000000000000000,0.626000000000000000,0.010000000000000000,-0.007500000000000000,-0.005000000000000000,0.015000000000000000
628.000000000000000000,0.628000000000000000,0.010000000000000000,-0.007500000000000000,-0.005000000000000000,0.015000000000000000
630.000000000000000000,0.630000000000000000,0.010000000000000000,-0.007500000000000000,-0.005000000000000000,0.015000000000000000
632.000000000000000000,0.632000000000000000,0.010000000000000000,-0.007500000000000000,-0.005000000000000000,0.015000000000000000
634.000000000000000000,0.634000000000000000,0.010000000000000000,-0.007500000000000000,-0.005000000000000000,0.015000000000000000
636.000000000000000000,0.636000000000000000,0.010000000000000000,-0.007500000000000000,-0.005000000000000000,0.015000000000000000
638.000000000000000000,0.638000000000000000,0.010000000000000000,-0.007500000000000000,-0.005000000000000000,0.015000000000000000
640.000000000000000000,0.640000000000000000,0.010000000000000000,-0.007500000000000000,-0.005000000000000000,0.015000000000000000
642.000000000000000000,0.642000000000000000,0.010000000000000000,-0.007500000000000000,-0.005000000000000000,0.015000000000000000
644.000000000000000000,0.644000000000000000,0.010000000000000000,-0.007500000000000000,-0.005000000000000000,0.015000000000000000
646.000000000000000000,0.646000000000000000,0.010000000000000000,-0.007500000000000000,-0.005000000000000000,0.015000000000000000
648.000000000000000000,0.648000000000000000,0.010000000000000000,-0.007500000000000000,-0.005000000000000000,0.015000000000000000
650.000000000000000000,0.650000000000000000,0.010000000000000000,-0.007500000000000000,-0.005000000000000000,0.015000000000000000
652.000000000000000000,0.652000000000000000,0.010000000000000000,-0.007500000000000000,-0.005000000000000000,0.015000000000000000
654.000000000000000000,0.654000000000000000,0.010000000000000000,-0.007500000000000000,-0.005000000000000000,0.015000000000000000
656.000000000000000000,0.656000000000000000,0.010000000000000000,-0.007500000000000000,-0.005000000000000000,0.015000000000000000
658.000000000000000000,0.658000000000000000,0.010000000000000000,-0.007500000000000000,-0.005000000000000000,0.015000000000000000
660.000000000000000000,0.660000000000000000,0.010000000000000000,-0.007500000000000000,-0.005000000000000000,0.015000000000000000
662.000000000000000000,0.662000000000000000,0.010000000000000000,-0.007500000000000000,-0.005000000000000000,0.015000000000000000
664.000000000000000000,0.664000000000000000,0.010000000000000000,-0.007500000000000000,-0.005000000000000000,0.015000000000000000
666.000000000000000000,0.666000000000000000,0.010000000000000000,-0.007500000000000000,-0.005000000000000000,0.015000000000000000
668.000000000000000000,0.668000000000000000,0.010000000000000000,-0.007500000000000000,-0.005000000000000000,0.015000000000000000
670.000000000000000000,0.670000000000000000,0.010000000000000000,-0.007500000000000000,-0.005000000000000000,0.015000000000000000
672.000000000000000000,0.672000000000000000,0.010000000000000000,-0.007500000000000000,-0.005000000000000000,0.015000000000000000
674.000000000000000000,0.674000000000000000,0.010000000000000000,-0.007500000000000000,-0.005000000000000000,0.015000000000000000
676.000000000000000000,0.676000000000000000,0.010000000000000000,-0.007500000000000000,-0.005000000000000000,0.015000000000000000
678.000000000000000000,0.678000000000000000,0.010000000000000000,-0.007500000000000000,-0.005000000000000000,0.015000000000000000
680.000000000000000000,0.680000000000000000,0.010000000000000000,-0.007500000000000000,-0.005000000000000000,0.015000000000000000
682.000000000000000000,0.682000000000000000,0.010000000000000000,-0.007500000000000000,-0.005000000000000000,0.015000000000000000
684.000000000000000000,0.684000000000000000,0.010000000000000000,-0.007500000000000000,-0.005000000000000000,0.015000000000000000
686.000000000000000000,0.686000000000000000,0.010000000000000000,-0.007500000000000000,-0.005000000000000000,0.015000000000000000
688.000000000000000000,0.688000000000000000,0.010000000000000000,-0.007500000000000000,-0.005000000000000000,0.015000000000000000
690.000000000000000000,0.690000000000000000,0.010000000000000000,-0.007500000000000000,-0.005000000000000000,0.015000000000000000
692.000000000000000000,0.692000000000000000,0.010000000000000000,-0.007500000000000000,-0.005000000000000000,0.015000000000000000
694.000000000000000000,0.694000000000000000,0.010000000000000000,-0.007500000000000000,-0.005000000000000000,0.015000000000000000
696.000000000000000000,0.696000000000000000,0.010000000000000000,-0.007500000000000000,-0.005000000000000000,0.015000000000000000
698.000000000000000000,0.698000000000000000,0.010000000000000000,-0.007500000000000000,-0.005000000000000000,0.015000000000000000
700.000000000000000000,0.700000000000000000,0.010000000000000000,-0.007500000000000000,-0.005000000000000000,0.015000000000000000
702.000000000000000000,0.702000000000000000,0.010000000000000000,-0.007500000000000000,-0.005000000000000000,0.015000000000000000
704.000000000000000000,0.704000000000000000,0.010000000000000000,-0.007500000000000000,-0.005000000000000000,0.015000000000000000
706.000000000000000000,0.706000000000000000,0.010000000000000000,-0.007500000000000000,-0.005000000000000000,0.015000000000000000
708.000000000000000000,0.708000000000000000,0.010000000000000000,-0.007500000000000000,-0.005000000000000000,0.015000000000000000
710.000000000000000000,0.710000000000000000,0.010000000000000000,-0.007500000000000000,-0.005000000000000000,0.015000000000000000
712.000000000000000000,0.712000000000000000,0.010000000000000000,-0.007500000000000000,-0.005000000000000000,0.015000000000000000
714.000000000000000000,0.714000000000000000,0.010000000000000000,-0.007500000000000000,-0.005000000000000000,0.015000000000000000
716.000000000000000000,0.716000000000000000,0.010000000000000000,-0.007500000000000000,-0.005000000000000000,0.015000000000000000
718.000000000000000000,0.718000000000000000,0.010000000000000000,-0.007500000000000000,-0.005000000000000000,0.015000000000000000
720.000000000000000000,0.720000000000000000,0.010000000000000000,-0.007500000000000000,-0.005000000000000000,0.015000000000000000
722.000000000000000000,0.722000000000000000,0.010000000000000000,-0.007500000000000000,-0.005000000000000000,0.015000000000000000
724.000000000000000000,0.724000000000000000,0.010000000000000000,-0.007500000000000000,-0.005000000000000000,0.015000000000000000
726.000000000000000000,0.726000000000000000,0.010000000000000000,-0.007500000000000000,-0.005000000000000000,0.015000000000000000
728.000000000000000000,0.728000000000000000,0.010000000000000000,-0.007500000000000000,-0.005000000000000000,0.015000000000000000
730.000000000000000000,0.730000000000000000,0.010000000000000000,-0.007500000000000000,-0.005000000000000000,0.015000000000000000
732.000000000000000000,0.732000000000000000,0.010000000000000000,-0.007500000000000000,-0.005000000000000000,0.015000000000000000
734.000000000000000000,0.734000000000000000,0.010000000000000000,-0.007500000000000000,-0.005000000000000000,0.015000000000000000
736.000000000000000000,0.736000000000000000,0.010000000000000000,-0.007500000000000000,-0.005000000000000000,0.015000000000000000
738.000000000000000000,0.738000000000000000,0.010000000000000000,-0.007500000000000000,-0.005000000000000000,0.015000000000000000
740.000000000000000000,0.740000000000000000,0.010000000000000000,-0.007500000000000000,-0.005000000000000000,0.015000000000000000
742.000000000000000000,0.742000000000000000,0.010000000000000000,-0.007500000000000000,-0.005000000000000000,0.015000000000000000
744.000000000000000000,0.744000000000000000,0.010000000000000000,-0.007500000000000000,-0.005000000000000000,0.015000000000000000
746.000000000000000000,0.746000000000000000,0.010000000000000000,-0.007500000000000000,-0.005000000000000000,0.015000000000000000
748.000000000000000000,0.748000000000000000,0.010000000000000000,-0.007500000000000000,-0.005000000000000000,0.015000000000000000
750.000000000000000000,0.750000000000000000,0.010000000000000000,-0.007500000000000000,-0.005000000000000000,0.015000000000000000
752.000000000000000000,0.752000000000000000,0.010000000000000000,-0.007500000000000000,-0.005000000000000000,0.015000000000000000
754.000000000000000000,0.754000000000000000,0.010000000000000000,-0.007500000000000000,-0.005000000000000000,0.015000000000000000
756.000000000000000000,0.756000000000000000,0.010000000000000000,-0.007500000000000000,-0.005000000000000000,0.015000000000000000
758.000000000000000000,0.758000000000000000,0.010000000000000000,-0.007500000000000000,-0.005000000000000000,0.015000000000000000
760.000000000000000000,0.760000000000000000,0.010000000000000000,-0.007500000000000000,-0.005000000000000000,0.015000000000000000
762.000000000000000000,0.762000000000000000,0.010000000000000000,-0.007500000000000000,-0.005000000000000000,0.015000000000000000
764.000000000000000000,0.764000000000000000,0.010000000000000000,-0.007500000000000000,-0.005000000000000000,0.015000000000000000
766.000000000000000000,0.766000000000000000,0.010000000000000000,-0.007500000000000000,-0.005000000000000000,0.015000000000000000
768.000000000000000000,0.768000000000000000,0.010000000000000000,-0.007500000000000000,-0.005000000000000000,0.015000000000000000
770.000000000000000000,0.770000000000000000,0.010000000000000000,-0.007500000000000000,-0.005000000000000000,0.015000000000000000
772.000000000000000000,0.772000000000000000,0.010000000000000000,-0.007500000000000000,-0.005000000000000000,0.015000000000000000
774.000000000000000000,0.774000000000000000,0.010000000000000000,-0.007500000000000000,-0.005000000000000000,0.015000000000000000
776.000000000000000000,0.776000000000000000,0.010000000000000000,-0.007500000000000000,-0.005000000000000000,0.015000000000000000
778.000000000000000000,0.778000000000000000,0.010000000000000000,-0.007500000000000000,-0.005000000000000000,0.015000000000000000
780.000000000000000000,0.780000000000000000,0.010000000000000000,-0.007500000000000000,-0.005000000000000000,0.015000000000000000
782.000000000000000000,0.782000000000000000,0.010000000000000000,-0.007500000000000000,-0.005000000000000000,0.015000000000000000
784.000000000000000000,0.784000000000000000,0.010000000000000000,-0.007500000000000000,-0.005000000000000000,0.015000000000000000
786.000000000000000000,0.786000000000000000,0.010000000000000000,-0.007500000000000000,-0.005000000000000000,0.015000000000000000
788.000000000000000000,0.788000000000000000,0.010000000000000000,-0.007500000000000000,-0.005000000000000000,0.015000000000000000
790.000000000000000000,0.790000000000000000,0.010000000000000000,-0.007500000000000000,-0.005000000000000000,0.015000000000000000
792.000000000000000000,0.792000000000000000,0.010000000000000000,-0.007500000000000000,-0.005000000000000000,0.015000000000000000
794.000000000000000000,0.794000000000000000,0.010000000000000000,-0.007500000000000000,-0.005000000000000000,0.015000000000000000
796.000000000000000000,0.796000000000000000,0.010000000000000000,-0.007500000000000000,-0.005000000000000000,0.015000000000000000
798.000000000000000000,0.798000000000000000,0.010000000000000000,-0.007500000000000000,-0.005000000000000000,0.015000000000000000
800.000000000000000000,0.800000000000000000,0.010000000000000000,-0.007500000000000000,-0.005000000000000000,0.015000000000000000
802.000000000000000000,0.802000000000000000,0.010000000000000000,-0.007500000000000000,-0.005000000000000000,0.015000000000000000
804.000000000000000000,0.804000000000000000,0.010000000000000000,-0.007500000000000000,-0.005000000000000000,0.015000000000000000
806.000000000000000000,0.806000000000000000,0.010000000000000000,-0.007500000000000000,-0.005000000000000000,0.015000000000000000
808.000000000000000000,0.808000000000000000,0.010000000000000000,-0.007500000000000000,-0.005000000000000000,0.015000000000000000
810.000000000000000000,0.810000000000000000,0.010000000000000000,-0.007500000000000000,-0.005000000000000000,0.015000000000000000
812.000000000000000000,0.812000000000000000,0.010000000000000000,-0.007500000000000000,-0.005000000000000000,0.015000000000000000
814.000000000000000000,0.814000000000000000,0.010000000000000000,-0.007500000000000000,-0.005000000000000000,0.015000000000000000
816.000000000000000000,0.816000000000000000,0.010000000000000000,-0.007500000000000000,-0.005000000000000000,0.015000000000000000
818.000000000000000000,0.818000000000000000,0.010000000000000000,-0.007500000000000000,-0.005000000000000000,0.015000000000000000
820.000000000000000000,0.820000000000000000,0.010000000000000000,-0.007500000000000000,-0.005000000000000000,0.015000000000000000
822.000000000000000000,0.822000000000000000,0.010000000000000000,-0.007500000000000000,-0.005000000000000000,0.015000000000000000
824.000000000000000000,0.824000000000000000,0.010000000000000000,-0.007500000000000000,-0.005000000000000000,0.015000000000000000
826.000000000000000000,0.826000000000000000,0.010000000000000000,-0.007500000000000000,-0.005000000000000000,0.015000000000000000
828.000000000000000000,0.828000000000000000,0.010000000000000000,-0.007500000000000000,-0.005000000000000000,0.015000000000000000
830.000000000000000000,0.830000000000000000,0.010000000000000000,-0.007500000000000000,-0.005000000000000000,0.015000000000000000
832.000000000000000000,0.832000000000000000,0.010000000000000000,-0.007500000000000000,-0.005000000000000000,0.015000000000000000
834.000000000000000000,0.834000000000000000,0.010000000000000000,-0.007500000000000000,-0.005000000000000000,0.015000000000000000
836.000000000000000000,0.836000000000000000,0.010000000000000000,-0.007500000000000000,-0.005000000000000000,0.015000000000000000
838.000000000000000000,0.838000000000000000,0.010000000000000000,-0.007500000000000000,-0.005000000000000000,0.015000000000000000
840.000000000000000000,0.840000000000000000,0.010000000000000000,-0.007500000000000000,-0.005000000000000000,0.015000000000000000
842.000000000000000000,0.842000000000000000,0.010000000000000000,-0.007500000000000000,-0.005000000000000000,0.015000000000000000
844.000000000000000000,0.844000000000000000,0.010000000000000000,-0.007500000000000000,-0.005000000000000000,0.015000000000000000
846.000000000000000000,0.846000000000000000,0.010000000000000000,-0.007500000000000000,-0.005000000000000000,0.015000000000000000
848.000000000000000000,0.848000000000000000,0.010000000000000000,-0.007500000000000000,-0.005000000000000000,0.015000000000000000
850.000000000000000000,0.850000000000000000,0.010000000000000000,-0.007500000000000000,-0.005000000000000000,0.015000000000000000
852.000000000000000000,0.852000000000000000,0.010000000000000000,-0.007500000000000000,-0.005000000000000000,0.015000000000000000
854.000000000000000000,0.854000000000000000,0.010000000000000000,-0.007500000000000000,-0.005000000000000000,0.015000000000000000
856.000000000000000000,0.856000000000000000,0.010000000000000000,-0.007500000000000000,-0.005000000000000000,0.015000000000000000
858.000000000000000000,0.858000000000000000,0.010000000000000000,-0.007500000000000000,-0.005000000000000000,0.015000000000000000
860.000000000000000000,0.860000000000000000,0.010000000000000000,-0.007500000000000000,-0.005000000000000000,0.015000000000000000
862.000000000000000000,0.862000000000000000,0.010000000000000000,-0.007500000000000000,-0.005000000000000000,0.015000000000000000
864.000000000000000000,0.864000000000000000,0.010000000000000000,-0.007500000000000000,-0.005000000000000000,0.015000000000000000
866.000000000000000000,0.866000000000000000,0.010000000000000000,-0.007500000000000000,-0.005000000000000000,0.015000000000000000
868.000000000000000000,0.868000000000000000,0.010000000000000000,-0.007500000000000000,-0.005000000000000000,0.015000000000000000
870.000000000000000000,0.870000000000000000,0.010000000000000000,-0.007500000000000000,-0.005000000000000000,0.015000000000000000
872.000000000000000000,0.872000000000000000,0.010000000000000000,-0.007500000000000000,-0.005000000000000000,0.015000000000000000
874.000000000000000000,0.874000000000000000,0.010000000000000000,-0.007500000000000000,-0.005000000000000000,0.015000000000000000
876.000000000000000000,0.876000000000000000,0.010000000000000000,-0.007500000000000000,-0.005000000000000000,0.015000000000000000
878.000000000000000000,0.878000000000000000,0.010000000000000000,-0.007500000000000000,-0.005000000000000000,0.015000000000000000
880.000000000000000000,0.880000000000000000,0.010000000000000000,-0.007500000000000000,-0.005000000000000000,0.015000000000000000
882.000000000000000000,0.882000000000000000,0.010000000000000000,-0.007500000000000000,-0.005000000000000000,0.015000000000000000
884.000000000000000000,0.884000000000000000,0.010000000000000000,-0.007500000000000000,-0.005000000000000000,0.015000000000000000
886.000000000000000000,0.886000000000000000,0.010000000000000000,-0.007500000000000000,-0.005000000000000000,0.015000000000000000
888.000000000000000000,0.888000000000000000,0.010000000000000000,-0.007500000000000000,-0.005000000000000000,0.015000000000000000
890.000000000000000000,0.890000000000000000,0.010000000000000000,-0.007500000000000000,-0.005000000000000000,0.015000000000000000
892.000000000000000000,0.892000000000000000,0.010000000000000000,-0.007500000000000000,-0.005000000000000000,0.015000000000000000
894.000000000000000000,0.894000000000000000,0.010000000000000000,-0.007500000000000000,-0.005000000000000000,0.015000000000000000
896.000000000000000000,0.896000000000000000,0.010000000000000000,-0.007500000000000000,-0.005000000000000000,0.015000000000000000
898.000000000000000000,0.898000000000000000,0.010000000000000000,-0.007500000000000000,-0.005000000000000000,0.015000000000000000
900.000000000000000000,0.900000000000000000,0.010000000000000000,-0.007500000000000000,-0.005000000000000000,0.015000000000000000
902.000000000000000000,0.902000000000000000,0.010000000000000000,-0.007500000000000000,-0.005000000000000000,0.015000000000000000
904.000000000000000000,0.904000000000000000,0.010000000000000000,-0.007500000000000000,-0.005000000000000000,0.015000000000000000
906.000000000000000000,0.906000000000000000,0.010000000000000000,-0.007500000000000000,-0.005000000000000000,0.015000000000000000
908.000000000000000000,0.908000000000000000,0.010000000000000000,-0.007500000000000000,-0.005000000000000000,0.015000000000000000
910.000000000000000000,0.910000000000000000,0.010000000000000000,-0.007500000000000000,-0.005000000000000000,0.015000000000000000
912.000000000000000000,0.912000000000000000,0.010000000000000000,-0.007500000000000000,-0.005000000000000000,0.015000000000000000
914.000000000000000000,0.914000000000000000,0.010000000000000000,-0.007500000000000000,-0.005000000000000000,0.015000000000000000
916.000000000000000000,0.916000000000000000,0.010000000000000000,-0.007500000000000000,-0.005000000000000000,0.015000000000000000
918.000000000000000000,0.918000000000000000,0.010000000000000000,-0.007500000000000000,-0.005000000000000000,0.015000000000000000
920.000000000000000000,0.920000000000000000,0.010000000000000000,-0.007500000000000000,-0.005000000000000000,0.015000000000000000
922.000000000000000000,0.922000000000000000,0.010000000000000000,-0.007500000000000000,-0.005000000000000000,0.015000000000000000
924.000000000000000000,0.924000000000000000,0.010000000000000000,-0.007500000000000000,-0.005000000000000000,0.015000000000000000
926.000000000000000000,0.926000000000000000,0.010000000000000000,-0.007500000000000000,-0.005000000000000000,0.015000000000000000
928.000000000000000000,0.928000000000000000,0.010000000000000000,-0.007500000000000000,-0.005000000000000000,0.015000000000000000
930.000000000000000000,0.930000000000000000,0.010000000000000000,-0.007500000000000000,-0.005000000000000000,0.015000000000000000
932.000000000000000000,0.932000000000000000,0.010000000000000000,-0.007500000000000000,-0.005000000000000000,0.015000000000000000
934.000000000000000000,0.934000000000000000,0.010000000000000000,-0.007500000000000000,-0.005000000000000000,0.015000000000000000
936.000000000000000000,0.936000000000000000,0.010000000000000000,-0.007500000000000000,-0.005000000000000000,0.015000000000000000
938.000000000000000000,0.938000000000000000,0.010000000000000000,-0.007500000000000000,-0.005000000000000000,0.015000000000000000
940.000000000000000000,0.940000000000000000,0.010000000000000000,-0.007500000000000000,-0.005000000000000000,0.015000000000000000
942.000000000000000000,0.942000000000000000,0.010000000000000000,-0.007500000000000000,-0.005000000000000000,0.015000000000000000
944.000000000000000000,0.944000000000000000,0.010000000000000000,-0.007500000000000000,-0.005000000000000000,0.015000000000000000
946.000000000000000000,0.946000000000000000,0.010000000000000000,-0.007500000000000000,-0.005000000000000000,0.015000000000000000
948.000000000000000000,0.948000000000000000,0.010000000000000000,-0.007500000000000000,-0.005000000000000000,0.015000000000000000
950.000000000000000000,0.950000000000000000,0.010000000000000000,-0.007500000000000000,-0.005000000000000000,0.015000000000000000
952.000000000000000000,0.952000000000000000,0.010000000000000000,-0.007500000000000000,-0.005000000000000000,0.015000000000000000
954.000000000000000000,0.954000000000000000,0.010000000000000000,-0.007500000000000000,-0.005000000000000000,0.015000000000000000
956.000000000000000000,0.956000000000000000,0.010000000000000000,-0.007500000000000000,-0.005000000000000000,0.015000000000000000
958.000000000000000000,0.958000000000000000,0.010000000000000000,-0.007500000000000000,-0.005000000000000000,0.015000000000000000
960.000000000000000000,0.960000000000000000,0.010000000000000000,-0.007500000000000000,-0.005000000000000000,0.015000000000000000
962.000000000000000000,0.962000000000000000,0.010000000000000000,-0.007500000000000000,-0.005000000000000000,0.015000000000000000
964.000000000000000000,0.964000000000000000,0.010000000000000000,-0.007500000000000000,-0.005000000000000000,0.015000000000000000
966.000000000000000000,0.966000000000000000,0.010000000000000000,-0.007500000000000000,-0.005000000000000000,0.015000000000000000
968.000000000000000000,0.968000000000000000,0.010000000000000000,-0.007500000000000000,-0.005000000000000000,0.015000000000000000
970.000000000000000000,0.970000000000000000,0.010000000000000000,-0.007500000000000000,-0.005000000000000000,0.015000000000000000
972.000000000000000000,0.972000000000000000,0.010000000000000000,-0.007500000000000000,-0.005000000000000000,0.015000000000000000
974.000000000000000000,0.974000000000000000,0.010000000000000000,-0.007500000000000000,-0.005000000000000000,0.015000000000000000
976.000000000000000000,0.976000000000000000,0.010000000000000000,-0.007500000000000000,-0.005000000000000000,0.015000000000000000
978.000000000000000000,0.978000000000000000,0.010000000000000000,-0.007500000000000000,-0.005000000000000000,0.015000000000000000
980.000000000000000000,0.980000000000000000,0.010000000000000000,-0.007500000000000000,-0.005000000000000000,0.015000000000000000
982.000000000000000000,0.982000000000000000,0.010000000000000000,-0.007500000000000000,-0.005000000000000000,0.015000000000000000
984.000000000000000000,0.984000000000000000,0.010000000000000000,-0.007500000000000000,-0.005000000000000000,0.015000000000000000
986.000000000000000000,0.986000000000000000,0.010000000000000000,-0.007500000000000000,-0.005000000000000000,0.015000000000000000
988.000000000000000000,0.988000000000000000,0.010000000000000000,-0.007500000000000000,-0.005000000000000000,0.015000000000000000
990.000000000000000000,0.990000000000000000,0.010000000000000000,-0.007500000000000000,-0.005000000000000000,0.015000000000000000
992.000000000000000000,0.992000000000000000,0.010000000000000000,-0.007500000000000000,-0.005000000000000000,0.015000000000000000
994.000000000000000000,0.994000000000000000,0.010000000000000000,-0.007500000000000000,-0.005000000000000000,0.015000000000000000
996.000000000000000000,0.996000000000000000,0.010000000000000000,-0.007500000000000000,-0.005000000000000000,0.015000000000000000
998.000000000000000000,0.998000000000000000,0.010000000000000000,-0.007500000000000000,-0.005000000000000000,0.015000000000000000
1000.000000000000000000,1.000000000000000000,0.010000000000000000,-0.007500000000000000,-0.005000000000000000,0.015000000000000000
