Price,Collateral Ratio,Mint Pegged Fees,Redeem Pegged Fees,Mint Leveraged Fees,Redeem Leveraged Fees
842.105263157894736842,0.799999999999999999,1.000000000000000000,-0.050000000000000000,-0.050000000000000000,0.000000000000000000
847.368421052631578947,0.804999999999999999,1.000000000000000000,-0.050000000000000000,-0.050000000000000000,0.000000000000000000
852.631578947368421052,0.809999999999999999,1.000000000000000000,-0.050000000000000000,-0.050000000000000000,0.000000000000000000
857.894736842105263157,0.814999999999999999,1.000000000000000000,-0.050000000000000000,-0.050000000000000000,0.000000000000000000
863.157894736842105263,0.819999999999999999,1.000000000000000000,-0.050000000000000000,-0.050000000000000000,0.000000000000000000
868.421052631578947368,0.824999999999999999,1.000000000000000000,-0.050000000000000000,-0.050000000000000000,0.000000000000000000
873.684210526315789473,0.829999999999999999,1.000000000000000000,-0.050000000000000000,-0.050000000000000000,0.000000000000000000
878.947368421052631578,0.834999999999999999,1.000000000000000000,-0.050000000000000000,-0.050000000000000000,0.000000000000000000
884.210526315789473684,0.839999999999999999,1.000000000000000000,-0.050000000000000000,-0.050000000000000000,0.000000000000000000
889.473684210526315789,0.844999999999999999,1.000000000000000000,-0.050000000000000000,-0.050000000000000000,0.000000000000000000
894.736842105263157894,0.849999999999999999,1.000000000000000000,-0.050000000000000000,-0.050000000000000000,0.000000000000000000
900.000000000000000000,0.855000000000000000,1.000000000000000000,-0.050000000000000000,-0.050000000000000000,0.000000000000000000
905.263157894736842105,0.859999999999999999,1.000000000000000000,-0.050000000000000000,-0.050000000000000000,0.000000000000000000
910.526315789473684210,0.864999999999999999,1.000000000000000000,-0.050000000000000000,-0.050000000000000000,0.000000000000000000
915.789473684210526315,0.869999999999999999,1.000000000000000000,-0.050000000000000000,-0.050000000000000000,0.000000000000000000
921.052631578947368421,0.874999999999999999,1.000000000000000000,-0.050000000000000000,-0.050000000000000000,0.000000000000000000
926.315789473684210526,0.879999999999999999,1.000000000000000000,-0.050000000000000000,-0.050000000000000000,0.000000000000000000
931.578947368421052631,0.884999999999999999,1.000000000000000000,-0.050000000000000000,-0.050000000000000000,0.000000000000000000
936.842105263157894736,0.889999999999999999,1.000000000000000000,-0.050000000000000000,-0.050000000000000000,0.000000000000000000
942.105263157894736842,0.894999999999999999,1.000000000000000000,-0.050000000000000000,-0.050000000000000000,0.000000000000000000
947.368421052631578947,0.899999999999999999,1.000000000000000000,-0.050000000000000000,-0.050000000000000000,0.000000000000000000
952.631578947368421052,0.904999999999999999,1.000000000000000000,-0.050000000000000000,-0.050000000000000000,0.000000000000000000
957.894736842105263157,0.909999999999999999,1.000000000000000000,-0.050000000000000000,-0.050000000000000000,0.000000000000000000
963.157894736842105263,0.914999999999999999,1.000000000000000000,-0.050000000000000000,-0.050000000000000000,0.000000000000000000
968.421052631578947368,0.919999999999999999,1.000000000000000000,-0.050000000000000000,-0.050000000000000000,0.000000000000000000
973.684210526315789473,0.924999999999999999,1.000000000000000000,-0.050000000000000000,-0.050000000000000000,0.000000000000000000
978.947368421052631578,0.929999999999999999,1.000000000000000000,-0.050000000000000000,-0.050000000000000000,0.000000000000000000
984.210526315789473684,0.934999999999999999,1.000000000000000000,-0.050000000000000000,-0.050000000000000000,0.000000000000000000
989.473684210526315789,0.939999999999999999,1.000000000000000000,-0.050000000000000000,-0.050000000000000000,0.000000000000000000
994.736842105263157894,0.944999999999999999,1.000000000000000000,-0.050000000000000000,-0.050000000000000000,0.000000000000000000
1000.000000000000000000,0.950000000000000000,1.000000000000000000,-0.050000000000000000,-0.050000000000000000,0.000000000000000000
1005.263157894736842105,0.954999999999999999,1.000000000000000000,-0.050000000000000000,-0.050000000000000000,0.000000000000000000
1010.526315789473684210,0.959999999999999999,1.000000000000000000,-0.050000000000000000,-0.050000000000000000,0.000000000000000000
1015.789473684210526315,0.964999999999999999,1.000000000000000000,-0.050000000000000000,-0.050000000000000000,0.000000000000000000
1021.052631578947368421,0.969999999999999999,1.000000000000000000,-0.050000000000000000,-0.050000000000000000,0.000000000000000000
1026.315789473684210526,0.974999999999999999,1.000000000000000000,-0.050000000000000000,-0.050000000000000000,0.000000000000000000
1031.578947368421052631,0.979999999999999999,1.000000000000000000,-0.050000000000000000,-0.050000000000000000,0.000000000000000000
1036.842105263157894736,0.984999999999999999,1.000000000000000000,-0.050000000000000000,-0.050000000000000000,0.000000000000000000
1042.105263157894736842,0.989999999999999999,1.000000000000000000,-0.050000000000000000,-0.050000000000000000,0.000000000000000000
1047.368421052631578947,0.994999999999999999,1.000000000000000000,-0.050000000000000000,-0.050000000000000000,0.000000000000000000
1052.631578947368421052,0.999999999999999999,1.000000000000000000,-0.050000000000000000,-0.050000000000000000,0.000000000000000000
1057.894736842105263157,1.004999999999999999,1.000000000000000000,-0.049999999999999998,-0.004318181818181818,1.000000000000000000
1063.157894736842105263,1.009999999999999999,1.000000000000000000,-0.049999999999999999,-0.007916666666666666,1.000000000000000000
1068.421052631578947368,1.014999999999999999,1.000000000000000000,-0.049999999999999999,-0.010961538461538461,1.000000000000000000
1073.684210526315789473,1.019999999999999999,1.000000000000000000,-0.049999999999999999,-0.013571428571428571,1.000000000000000000
1078.947368421052631578,1.024999999999999999,1.000000000000000000,-0.049999999999999999,-0.015833333333333333,1.000000000000000000
1084.210526315789473684,1.029999999999999999,1.000000000000000000,-0.049999999999999999,-0.017812500000000000,1.000000000000000000
1089.473684210526315789,1.034999999999999999,1.000000000000000000,-0.049999999999999999,-0.019558823529411764,1.000000000000000000
1094.736842105263157894,1.039999999999999999,1.000000000000000000,-0.049999999999999999,-0.021111111111111111,1.000000000000000000
1100.000000000000000000,1.045000000000000000,1.000000000000000000,-0.049999999999999999,-0.022500000000000000,1.000000000000000000
1105.263157894736842105,1.049999999999999999,1.000000000000000000,-0.049999999999999999,-0.023750000000000000,1.000000000000000000
1110.526315789473684210,1.054999999999999999,1.000000000000000000,-0.049999999999999998,-0.024880952380952381,1.000000000000000000
1115.789473684210526315,1.059999999999999999,1.000000000000000000,-0.049999999999999999,-0.025909090909090909,1.000000000000000000
1121.052631578947368421,1.064999999999999999,1.000000000000000000,-0.049999999999999999,-0.026847826086956521,1.000000000000000000
1126.315789473684210526,1.069999999999999999,1.000000000000000000,-0.049999999999999999,-0.026537744770805518,1.000000000000000000
1131.578947368421052631,1.074999999999999999,1.000000000000000000,-0.049999999999999998,-0.024770487264673311,1.000000000000000000
1136.842105263157894736,1.079999999999999999,1.000000000000000000,-0.049999999999999999,-0.022992809659476326,1.000000000000000000
1142.105263157894736842,1.084999999999999999,1.000000000000000000,-0.049999999999999999,-0.021207818252749128,1.000000000000000000
1147.368421052631578947,1.089999999999999999,1.000000000000000000,-0.049999999999999999,-0.019418141109654871,1.000000000000000000
1152.631578947368421052,1.094999999999999999,1.000000000000000000,-0.049999999999999999,-0.017626011276814299,1.000000000000000000
1157.894736842105263157,1.099999999999999999,1.000000000000000000,-0.024999999999999998,-0.015833333333333333,1.000000000000000000
1163.157894736842105263,1.104999999999999999,0.099999999999999999,-0.024999999999999998,-0.016088709677419354,0.064354838709677418
1168.421052631578947368,1.109999999999999999,0.100000000000000000,-0.024999999999999999,-0.016328125000000000,0.065312499999999997
1173.684210526315789473,1.114999999999999999,0.100000000000000000,-0.024999999999999999,-0.016553030303030303,0.066212121212121206
1178.947368421052631578,1.119999999999999999,0.100000000000000000,-0.024999999999999998,-0.016764705882352941,0.067058823529411761
1184.210526315789473684,1.124999999999999999,0.100000000000000000,-0.024999999999999999,-0.016964285714285714,0.067857142857142853
1189.473684210526315789,1.129999999999999999,0.100000000000000000,-0.024999999999999999,-0.017152777777777777,0.068611111111111105
1194.736842105263157894,1.134999999999999999,0.100000000000000000,-0.024999999999999999,-0.017331081081081081,0.069324324324324319
1200.000000000000000000,1.140000000000000000,0.100000000000000000,-0.024999999999999999,-0.017500000000000000,0.069999999999999996
1205.263157894736842105,1.144999999999999999,0.100000000000000000,-0.024999999999999999,-0.017660256410256410,0.070641025641025637
1210.526315789473684210,1.149999999999999999,0.100000000000000000,-0.024999999999999999,-0.017812500000000000,0.071249999999999994
1215.789473684210526315,1.154999999999999999,0.100000000000000000,-0.024999999999999999,-0.017957317073170731,0.071829268292682921
1221.052631578947368421,1.159999999999999999,0.100000000000000000,-0.024999999999999999,-0.016825984220433337,0.072380952380952375
1226.315789473684210526,1.164999999999999999,0.100000000000000000,-0.024999999999999998,-0.015644094513108021,0.072906976744186043
1231.578947368421052631,1.169999999999999999,0.100000000000000000,-0.024999999999999999,-0.014470365000852805,0.073409090909090906
1236.842105263157894736,1.174999999999999999,0.100000000000000000,-0.024999999999999999,-0.013304820388629418,0.073888888888888884
1242.105263157894736842,1.179999999999999999,0.100000000000000000,-0.024999999999999999,-0.012147473803404209,0.074347826086956519
1247.368421052631578947,1.184999999999999999,0.100000000000000000,-0.024999999999999999,-0.010998328220556646,0.074787234042553190
1252.631578947368421052,1.189999999999999999,0.100000000000000000,-0.024999999999999998,-0.009857377707180433,0.075208333333333331
1257.894736842105263157,1.194999999999999999,0.100000000000000000,-0.017499999999999999,-0.008724608508573344,0.075612244897959183
1263.157894736842105263,1.199999999999999999,0.100000000000000000,-0.009999999999999999,-0.007600000000000000,0.075999999999999998
1268.421052631578947368,1.204999999999999999,0.100000000000000000,-0.009999999999999999,-0.007025183846185448,0.057745098039215682
1273.684210526315789473,1.209999999999999999,0.100000000000000000,-0.009999999999999999,-0.006218803698551673,0.040192307692307690
1278.947368421052631578,1.214999999999999999,0.100000000000000000,-0.009999999999999999,-0.005419060424560974,0.038537735849056603
1284.210526315789473684,1.219999999999999999,0.100000000000000000,-0.009999999999999999,-0.004625872423307904,0.038703703703703702
1289.473684210526315789,1.224999999999999999,0.100000000000000000,-0.009999999999999999,-0.003839159426146696,0.038863636363636362
1294.736842105263157894,1.229999999999999999,0.100000000000000000,-0.009999999999999999,-0.003058842469612814,0.039017857142857141
1300.000000000000000000,1.235000000000000000,0.100000000000000000,-0.009999999999999999,-0.002284843869002284,0.039166666666666664
1305.263157894736842105,1.239999999999999999,0.100000000000000000,-0.007999999999999999,-0.001517087192590226,0.039310344827586206
1310.526315789473684210,1.244999999999999999,0.100000000000000000,-0.003999999999999999,-0.000755497236470635,0.039449152542372878
1315.789473684210526315,1.249999999999999999,0.100000000000000000,0.000000000000000000,0.000000000000000000,0.039583333333333329
1321.052631578947368421,1.254999999999999999,0.100000000000000000,0.000000000000000000,0.000000000000000000,0.039713114754098356
1326.315789473684210526,1.259999999999999999,0.100000000000000000,0.000000000000000000,0.000000000000000000,0.039838709677419352
1331.578947368421052631,1.264999999999999999,0.100000000000000000,0.000000000000000000,0.000000000000000000,0.039960317460317460
1336.842105263157894736,1.269999999999999999,0.100000000000000000,0.000000000000000000,0.000000000000000000,0.040078124999999997
1342.105263157894736842,1.274999999999999999,0.100000000000000000,0.000000000000000000,0.000000000000000000,0.040192307692307691
1347.368421052631578947,1.279999999999999999,0.100000000000000000,0.000000000000000000,0.000000000000000000,0.040303030303030299
1352.631578947368421052,1.284999999999999999,0.100000000000000000,0.000000000000000000,0.000000000000000000,0.040410447761194028
1357.894736842105263157,1.289999999999999999,0.100000000000000000,0.000000000000000000,0.000000000000000000,0.040514705882352937
1363.157894736842105263,1.294999999999999999,0.100000000000000000,0.000000000000000000,0.000000000000000000,0.040615942028985505
1368.421052631578947368,1.299999999999999999,0.100000000000000000,0.000000000000000000,0.000000000000000000,0.040714285714285712
1373.684210526315789473,1.304999999999999999,0.087228607918263090,0.000000000000000000,0.000000000000000000,0.036795774647887321
1378.947368421052631578,1.309999999999999999,0.074554707379134860,0.000000000000000000,0.000000000000000000,0.032986111111111110
1384.210526315789473684,1.314999999999999999,0.061977186311787072,0.000000000000000000,0.000000000000000000,0.029280821917808218
1389.473684210526315789,1.319999999999999999,0.050000000000000000,0.000000000000000000,0.000000000000000000,0.028756756756756754
1394.736842105263157894,1.324999999999999999,0.050000000000000000,0.000000000000000000,0.000000000000000000,0.028816666666666664
1400.000000000000000000,1.330000000000000000,0.050000000000000000,0.000000000000000000,0.000000000000000000,0.028874999999999996
1405.263157894736842105,1.334999999999999999,0.050000000000000000,0.000000000000000000,0.000000000000000000,0.028931818181818181
1410.526315789473684210,1.339999999999999999,0.050000000000000000,0.000000000000000000,0.000000000000000000,0.028987179487179485
1415.789473684210526315,1.344999999999999999,0.050000000000000000,0.000000000000000000,0.000000000000000000,0.029041139240506328
1421.052631578947368421,1.349999999999999999,0.050000000000000000,0.000000000000000000,0.000000000000000000,0.029093749999999998
1426.315789473684210526,1.354999999999999999,0.045869767239645886,0.000000000000000000,0.000000000000000000,0.029145061728395060
1431.578947368421052631,1.359999999999999999,0.041769903837823789,0.000000000000000000,0.000000000000000000,0.029195121951219511
1436.842105263157894736,1.364999999999999999,0.037700076065319069,0.000000000000000000,0.000000000000000000,0.029243975903614457
1442.105263157894736842,1.369999999999999999,0.033659955064876428,0.000000000000000000,0.000000000000000000,0.029291666666666666
1447.368421052631578947,1.374999999999999999,0.030000000000000000,0.000000000000000000,0.000000000000000000,0.029338235294117646
1452.631578947368421052,1.379999999999999999,0.030000000000000000,0.000000000000000000,0.000000000000000000,0.029383720930232557
1457.894736842105263157,1.384999999999999999,0.030000000000000000,0.000000000000000000,0.000000000000000000,0.029428160919540227
1463.157894736842105263,1.389999999999999999,0.030000000000000000,0.000000000000000000,0.000000000000000000,0.029471590909090909
1468.421052631578947368,1.394999999999999999,0.030000000000000000,0.000000000000000000,0.000000000000000000,0.029514044943820224
1473.684210526315789473,1.399999999999999999,0.030000000000000000,0.000000000000000000,0.000000000000000000,0.029555555555555552
1478.947368421052631578,1.404999999999999999,0.028275110756046190,0.000000000000000000,0.000000000000000000,0.025420329670329669
1484.210526315789473684,1.409999999999999999,0.026562454769141699,0.000000000000000000,0.000000000000000000,0.021374999999999997
1489.473684210526315789,1.414999999999999999,0.024861902358116391,0.000000000000000000,0.000000000000000000,0.017416666666666664
1494.736842105263157894,1.419999999999999999,0.023173325668295487,0.000000000000000000,0.000000000000000000,0.013542553191489361
1500.000000000000000000,1.425000000000000000,0.021496598639455782,0.000000000000000000,0.000000000000000000,0.012749999999999997
1505.263157894736842105,1.429999999999999999,0.020000000000000000,0.000000000000000000,0.000000000000000000,0.012765624999999997
1510.526315789473684210,1.434999999999999999,0.020000000000000000,0.000000000000000000,0.000000000000000000,0.012780927835051544
1515.789473684210526315,1.439999999999999999,0.020000000000000000,0.000000000000000000,0.000122789115646259,0.012795918367346936
1521.052631578947368421,1.444999999999999999,0.020000000000000000,0.000000000000000000,0.000261714026073888,0.012810606060606057
1526.315789473684210526,1.449999999999999999,0.020000000000000000,0.000000000000000000,0.000399655172413793,0.012824999999999999
1531.578947368421052631,1.454999999999999999,0.020000000000000000,0.000000000000000000,0.000536623456160049,0.012839108910891088
1536.842105263157894736,1.459999999999999999,0.020000000000000000,0.000000000000000000,0.000672629599785120,0.012852941176470587
1542.105263157894736842,1.464999999999999999,0.020000000000000000,0.000000000000000000,0.000807684151230988,0.012866504854368931
1547.368421052631578947,1.469999999999999999,0.020000000000000000,0.000000000000000000,0.000941797488226060,0.012879807692307689
1552.631578947368421052,1.474999999999999999,0.020000000000000000,0.000000000000000000,0.001074979822437450,0.012892857142857141
1557.894736842105263157,1.479999999999999999,0.020000000000000000,0.000999999999999998,0.001207241203467619,0.012905660377358488
1563.157894736842105263,1.484999999999999999,0.020000000000000000,0.001999999999999999,0.001338591522703672,0.012918224299065420
1568.421052631578947368,1.489999999999999999,0.020000000000000000,0.002999999999999998,0.001469040517027094,0.012930555555555555
1573.684210526315789473,1.494999999999999999,0.020000000000000000,0.003999999999999999,0.001598597772391151,0.012942660550458713
1578.947368421052631578,1.499999999999999999,0.020000000000000000,0.004999999999999998,0.001727272727272727,0.012954545454545451
1584.210526315789473684,1.504999999999999999,0.018724789422463841,0.004999999999999999,0.001728828828828829,0.012966216216216213
1589.473684210526315789,1.509999999999999999,0.017458023948090173,0.004999999999999999,0.001730357142857143,0.012977678571428570
1594.736842105263157894,1.514999999999999999,0.016199619961996199,0.004999999999999999,0.001731858407079646,0.012988938053097344
1600.000000000000000000,1.520000000000000000,0.014949494949494949,0.005000000000000000,0.001733333333333333,0.013000000000000000
1605.263157894736842105,1.524999999999999999,0.013707567478059281,0.004999999999999998,0.001734782608695652,0.013010869565217389
1610.526315789473684210,1.529999999999999999,0.012473757179639532,0.004999999999999998,0.001736206896551724,0.013021551724137929
1615.789473684210526315,1.534999999999999999,0.011247984733326752,0.004999999999999999,0.001925499276623349,0.013032051282051279
1621.052631578947368421,1.539999999999999999,0.010030171848353666,0.004999999999999999,0.002122227946979144,0.013042372881355930
1626.315789473684210526,1.544999999999999999,0.010000000000000000,0.004999999999999998,0.002317647737344641,0.013052521008403359
1631.578947368421052631,1.549999999999999999,0.010000000000000000,0.004999999999999999,0.002511772200314608,0.013062499999999997
1636.842105263157894736,1.554999999999999999,0.010000000000000000,0.004999999999999998,0.002704614684978365,0.013072314049586775
1642.105263157894736842,1.559999999999999999,0.010000000000000000,0.004999999999999998,0.002896188341373794,0.013081967213114753
1647.368421052631578947,1.564999999999999999,0.010000000000000000,0.004999999999999999,0.003086506124797974,0.013091463414634144
1652.631578947368421052,1.569999999999999999,0.010000000000000000,0.004999999999999999,0.003275580799980895,0.013100806451612901
1657.894736842105263157,1.574999999999999999,0.010000000000000000,0.005266666666666665,0.003463424945128352,0.013109999999999999
1663.157894736842105263,1.579999999999999999,0.010000000000000000,0.005533333333333332,0.003650050955839749,0.013119047619047618
1668.421052631578947368,1.584999999999999999,0.010000000000000000,0.005799999999999999,0.003835471048906228,0.013127952755905510
1673.684210526315789473,1.589999999999999999,0.010000000000000000,0.006066666666666665,0.004019697265994253,0.013136718749999998
1678.947368421052631578,1.594999999999999999,0.010000000000000000,0.006333333333333332,0.004202741477219463,0.013145348837209300
1684.210526315789473684,1.599999999999999999,0.010000000000000000,0.006599999999999998,0.004384615384615385,0.013153846153846151
1689.473684210526315789,1.604999999999999999,0.009504271095873970,0.006599999999999999,0.004387404580152672,0.013162213740458013
1694.736842105263157894,1.609999999999999999,0.009011621253264250,0.006599999999999998,0.004390151515151515,0.013170454545454544
1700.000000000000000000,1.615000000000000000,0.008522021874076263,0.006599999999999999,0.004392857142857143,0.013178571428571428
1705.263157894736842105,1.619999999999999999,0.008035444713278325,0.006599999999999999,0.004395522388059701,0.013186567164179102
1710.526315789473684210,1.624999999999999999,0.007551861873469913,0.006599999999999999,0.004398148148148148,0.013194444444444442
1715.789473684210526315,1.629999999999999999,0.007071245799549896,0.006599999999999998,0.004400735294117647,0.013202205882352939
1721.052631578947368421,1.634999999999999999,0.006593569273482601,0.006599999999999998,0.004403284671532847,0.013209854014598538
1726.315789473684210526,1.639999999999999999,0.006118805409159619,0.006599999999999999,0.004405797101449275,0.013217391304347824
1731.578947368421052631,1.644999999999999999,0.005646927647355317,0.006599999999999998,0.004408273381294964,0.013224820143884891
1736.842105263157894736,1.649999999999999999,0.005177909750774072,0.006599999999999999,0.004410714285714286,0.013232142857142855
1742.105263157894736842,1.654999999999999999,0.005000000000000000,0.006599999999999998,0.004413120567375887,0.013239361702127659
1747.368421052631578947,1.659999999999999999,0.005000000000000000,0.006599999999999998,0.004415492957746479,0.013246478873239435
1752.631578947368421052,1.664999999999999999,0.005000000000000000,0.006599999999999998,0.004417832167832168,0.013253496503496502
1757.894736842105263157,1.669999999999999999,0.005000000000000000,0.006599999999999998,0.004420138888888889,0.013260416666666666
1763.157894736842105263,1.674999999999999999,0.005000000000000000,0.006599999999999999,0.004422413793103448,0.013267241379310342
1768.421052631578947368,1.679999999999999999,0.005000000000000000,0.006599999999999999,0.004424657534246575,0.013273972602739724
1773.684210526315789473,1.684999999999999999,0.005000000000000000,0.006599999999999999,0.004426870748299320,0.013280612244897959
1778.947368421052631578,1.689999999999999999,0.005000000000000000,0.006599999999999999,0.004429054054054054,0.013287162162162161
1784.210526315789473684,1.694999999999999999,0.005000000000000000,0.006599999999999998,0.004431208053691275,0.013293624161073823
1789.473684210526315789,1.699999999999999999,0.005000000000000000,0.006599999999999999,0.004433333333333333,0.013299999999999999
1794.736842105263157894,1.704999999999999999,0.005000000000000000,0.006599999999999998,0.004435430463576159,0.013306291390728475
1800.000000000000000000,1.710000000000000000,0.005000000000000000,0.006599999999999998,0.004437500000000000,0.013312499999999998
1805.263157894736842105,1.714999999999999999,0.005000000000000000,0.006599999999999998,0.004439542483660131,0.013318627450980391
1810.526315789473684210,1.719999999999999999,0.005000000000000000,0.006599999999999999,0.004443057935403384,0.013324675324675323
1815.789473684210526315,1.724999999999999999,0.005000000000000000,0.006599999999999999,0.005028263688710030,0.013330645161290321
1821.052631578947368421,1.729999999999999999,0.005000000000000000,0.006599999999999998,0.005610044721160270,0.013336538461538459
1826.315789473684210526,1.734999999999999999,0.005000000000000000,0.006599999999999998,0.006188431442072419,0.013342356687898088
1831.578947368421052631,1.739999999999999999,0.005000000000000000,0.006599999999999998,0.006763453891017725,0.013348101265822782
1836.842105263157894736,1.744999999999999999,0.005000000000000000,0.006599999999999999,0.007335141743751465,0.013353773584905658
1842.105263157894736842,1.749999999999999999,0.005000000000000000,0.006599999999999998,0.007903524318018665,0.013359374999999999
1847.368421052631578947,1.754999999999999999,0.005000000000000000,0.006599999999999998,0.008468630579237964,0.013364906832298135
1852.631578947368421052,1.759999999999999999,0.005000000000000000,0.006599999999999999,0.009030489146067036,0.013370370370370368
1857.894736842105263157,1.764999999999999999,0.005000000000000000,0.006599999999999999,0.009589128295852819,0.013375766871165642
1863.157894736842105263,1.769999999999999999,0.005000000000000000,0.006599999999999999,0.010144575969969733,0.013381097560975608
1868.421052631578947368,1.774999999999999999,0.005000000000000000,0.006599999999999999,0.010696859779048894,0.013386363636363634
1873.684210526315789473,1.779999999999999999,0.005000000000000000,0.006599999999999998,0.011246007008101289,0.013391566265060240
1878.947368421052631578,1.784999999999999999,0.005000000000000000,0.006599999999999998,0.011792044621537719,0.013396706586826345
1884.210526315789473684,1.789999999999999999,0.005000000000000000,0.006599999999999999,0.012334999268088247,0.013401785714285712
1889.473684210526315789,1.794999999999999999,0.005000000000000000,0.006599999999999999,0.012874897285623781,0.013406804733727809
1894.736842105263157894,1.799999999999999999,0.005000000000000000,0.006599999999999999,0.013411764705882353,0.013411764705882352
1900.000000000000000000,1.805000000000000000,0.005000000000000000,0.006599999999999998,0.013416666666666667,0.013138888888888887
1905.263157894736842105,1.809999999999999999,0.005000000000000000,0.006599999999999999,0.013421511627906977,0.012869186046511626
1910.526315789473684210,1.814999999999999999,0.005000000000000000,0.006599999999999998,0.013426300578034682,0.012602601156069364
1915.789473684210526315,1.819999999999999999,0.005000000000000000,0.006599999999999999,0.013431034482758621,0.012339080459770114
1921.052631578947368421,1.824999999999999999,0.005000000000000000,0.006599999999999999,0.013435714285714286,0.012078571428571426
1926.315789473684210526,1.829999999999999999,0.005000000000000000,0.006599999999999999,0.013440340909090909,0.011821022727272725
1931.578947368421052631,1.834999999999999999,0.005000000000000000,0.006599999999999999,0.013444915254237288,0.011566384180790959
1936.842105263157894736,1.839999999999999999,0.005000000000000000,0.006599999999999998,0.013449438202247191,0.011314606741573032
1942.105263157894736842,1.844999999999999999,0.005000000000000000,0.006599999999999999,0.013453910614525140,0.011211592178770948
1947.368421052631578947,1.849999999999999999,0.005000000000000000,0.006599999999999999,0.013458333333333333,0.011215277777777777
1952.631578947368421052,1.854999999999999999,0.005000000000000000,0.006599999999999999,0.013462707182320442,0.011218922651933700
1957.894736842105263157,1.859999999999999999,0.005000000000000000,0.006599999999999998,0.013467032967032967,0.011222527472527471
1963.157894736842105263,1.864999999999999999,0.005000000000000000,0.006599999999999999,0.013471311475409836,0.011226092896174862
1968.421052631578947368,1.869999999999999999,0.005000000000000000,0.006599999999999999,0.013475543478260870,0.011229619565217390
1973.684210526315789473,1.874999999999999999,0.005000000000000000,0.006599999999999999,0.013479729729729730,0.011233108108108106
1978.947368421052631578,1.879999999999999999,0.005000000000000000,0.006599999999999999,0.013483870967741935,0.011236559139784945
1984.210526315789473684,1.884999999999999999,0.005000000000000000,0.006599999999999999,0.013487967914438503,0.011239973262032083
1989.473684210526315789,1.889999999999999999,0.005000000000000000,0.006599999999999999,0.013492021276595745,0.011243351063829785
1994.736842105263157894,1.894999999999999999,0.005000000000000000,0.006599999999999999,0.013496031746031746,0.011246693121693121
2000.000000000000000000,1.900000000000000000,0.005000000000000000,0.006600000000000000,0.013500000000000000,0.011250000000000000
2005.263157894736842105,1.904999999999999999,0.005000000000000000,0.006599999999999999,0.013503926701570681,0.011253272251308899
2010.526315789473684210,1.909999999999999999,0.005000000000000000,0.006599999999999999,0.013507812500000000,0.011256510416666666
2015.789473684210526315,1.914999999999999999,0.005000000000000000,0.006599999999999998,0.013511658031088083,0.011259715025906734
2021.052631578947368421,1.919999999999999999,0.005000000000000000,0.006599999999999999,0.013515463917525773,0.011262886597938143
2026.315789473684210526,1.924999999999999999,0.005000000000000000,0.006599999999999999,0.013519230769230769,0.011266025641025640
2031.578947368421052631,1.929999999999999999,0.005000000000000000,0.006599999999999999,0.013522959183673469,0.011269132653061223
2036.842105263157894736,1.934999999999999999,0.005000000000000000,0.006599999999999998,0.013526649746192893,0.011272208121827410
2042.105263157894736842,1.939999999999999999,0.005000000000000000,0.006599999999999998,0.013530303030303030,0.011275252525252524
2047.368421052631578947,1.944999999999999999,0.005000000000000000,0.006599999999999999,0.013533919597989950,0.011278266331658290
2052.631578947368421052,1.949999999999999999,0.005000000000000000,0.006599999999999999,0.013537500000000000,0.011281249999999999
2057.894736842105263157,1.954999999999999999,0.005000000000000000,0.006599999999999999,0.013541044776119403,0.011284203980099500
2063.157894736842105263,1.959999999999999999,0.005000000000000000,0.006599999999999998,0.013544554455445545,0.011287128712871285
2068.421052631578947368,1.964999999999999999,0.005000000000000000,0.006599999999999998,0.013548029556650246,0.011290024630541871
2073.684210526315789473,1.969999999999999999,0.005000000000000000,0.006599999999999999,0.013551470588235294,0.011292892156862743
2078.947368421052631578,1.974999999999999999,0.005000000000000000,0.006599999999999999,0.013554878048780488,0.011295731707317071
2084.210526315789473684,1.979999999999999999,0.005000000000000000,0.006599999999999998,0.013558252427184466,0.011298543689320387
2089.473684210526315789,1.984999999999999999,0.005000000000000000,0.006599999999999999,0.013561594202898551,0.011301328502415458
2094.736842105263157894,1.989999999999999999,0.005000000000000000,0.006599999999999999,0.013564903846153846,0.011304086538461537
2100.000000000000000000,1.995000000000000000,0.005000000000000000,0.006599999999999998,0.013568181818181818,0.011306818181818180
2105.263157894736842105,1.999999999999999999,0.005000000000000000,0.006599999999999999,0.013571428571428571,0.011309523809523807
2110.526315789473684210,2.004999999999999999,0.005000000000000000,0.006599999999999998,0.013574644549763033,0.011312203791469193
2115.789473684210526315,2.009999999999999999,0.005000000000000000,0.006599999999999998,0.013577830188679245,0.011314858490566036
2121.052631578947368421,2.014999999999999999,0.005000000000000000,0.006599999999999998,0.013580985915492958,0.011317488262910797
2126.315789473684210526,2.019999999999999999,0.005000000000000000,0.006599999999999997,0.013584112149532710,0.011320093457943924
2131.578947368421052631,2.024999999999999999,0.005000000000000000,0.006599999999999999,0.013587209302325581,0.011322674418604650
2136.842105263157894736,2.029999999999999999,0.005000000000000000,0.006599999999999999,0.013590277777777778,0.011325231481481481
2142.105263157894736842,2.034999999999999999,0.005000000000000000,0.006599999999999999,0.013593317972350230,0.011327764976958524
2147.368421052631578947,2.039999999999999999,0.005000000000000000,0.006599999999999998,0.013596330275229358,0.011330275229357796
2152.631578947368421052,2.044999999999999999,0.005000000000000000,0.006599999999999999,0.013599315068493151,0.011332762557077623
2157.894736842105263157,2.049999999999999999,0.005000000000000000,0.006599999999999998,0.013602272727272727,0.011335227272727271
2163.157894736842105263,2.054999999999999999,0.005000000000000000,0.006599999999999998,0.013605203619909502,0.011337669683257916
2168.421052631578947368,2.059999999999999999,0.005000000000000000,0.006599999999999998,0.013608108108108108,0.011340090090090089
2173.684210526315789473,2.064999999999999999,0.005000000000000000,0.006599999999999999,0.013610986547085202,0.011342488789237666
2178.947368421052631578,2.069999999999999999,0.005000000000000000,0.006599999999999998,0.013613839285714286,0.011344866071428570
2184.210526315789473684,2.074999999999999999,0.005000000000000000,0.006599999999999998,0.013616666666666667,0.011347222222222220
2189.473684210526315789,2.079999999999999999,0.005000000000000000,0.006599999999999997,0.013619469026548673,0.011349557522123892
2194.736842105263157894,2.084999999999999999,0.005000000000000000,0.006599999999999998,0.013622246696035242,0.011351872246696034
2200.000000000000000000,2.090000000000000000,0.005000000000000000,0.006600000000000000,0.013625000000000000,0.011354166666666666
2205.263157894736842105,2.094999999999999999,0.005000000000000000,0.006599999999999998,0.013627729257641921,0.011356441048034934
2210.526315789473684210,2.099999999999999999,0.005000000000000000,0.006599999999999998,0.013630434782608696,0.011358695652173912
2215.789473684210526315,2.104999999999999999,0.005000000000000000,0.006599999999999998,0.013633116883116883,0.011360930735930735
2221.052631578947368421,2.109999999999999999,0.005000000000000000,0.006599999999999999,0.013635775862068966,0.011363146551724137
2226.315789473684210526,2.114999999999999999,0.005000000000000000,0.006599999999999998,0.013638412017167382,0.011365343347639483
2231.578947368421052631,2.119999999999999999,0.005000000000000000,0.006599999999999998,0.013641025641025641,0.011367521367521366
2236.842105263157894736,2.124999999999999999,0.005000000000000000,0.006599999999999998,0.013643617021276596,0.011369680851063828
2242.105263157894736842,2.129999999999999999,0.005000000000000000,0.006599999999999997,0.013646186440677966,0.011371822033898304
2247.368421052631578947,2.134999999999999999,0.005000000000000000,0.006599999999999997,0.013648734177215190,0.011373945147679323
2252.631578947368421052,2.139999999999999999,0.005000000000000000,0.006599999999999998,0.013651260504201681,0.011376050420168066
2257.894736842105263157,2.144999999999999999,0.005000000000000000,0.006599999999999999,0.013653765690376569,0.011378138075313805
2263.157894736842105263,2.149999999999999999,0.005000000000000000,0.006599999999999998,0.013656250000000000,0.011380208333333332
2268.421052631578947368,2.154999999999999999,0.005000000000000000,0.006599999999999998,0.013658713692946058,0.011382261410788380
2273.684210526315789473,2.159999999999999999,0.005000000000000000,0.006599999999999998,0.013661157024793388,0.011384297520661155
2278.947368421052631578,2.164999999999999999,0.005000000000000000,0.006599999999999998,0.013663580246913580,0.011386316872427982
2284.210526315789473684,2.169999999999999999,0.005000000000000000,0.006599999999999999,0.013665983606557377,0.011388319672131146
2289.473684210526315789,2.174999999999999999,0.005000000000000000,0.006599999999999999,0.013668367346938776,0.011390306122448979
2294.736842105263157894,2.179999999999999999,0.005000000000000000,0.006599999999999998,0.013670731707317073,0.011392276422764226
2300.000000000000000000,2.185000000000000000,0.005000000000000000,0.006599999999999999,0.013673076923076923,0.011394230769230767
2305.263157894736842105,2.189999999999999999,0.005000000000000000,0.006599999999999997,0.013675403225806452,0.011396169354838708
2310.526315789473684210,2.194999999999999999,0.005000000000000000,0.006599999999999997,0.013677710843373494,0.011398092369477910
2315.789473684210526315,2.199999999999999999,0.005000000000000000,0.006599999999999999,0.013680000000000000,0.011399999999999999
2321.052631578947368421,2.204999999999999999,0.005000000000000000,0.006599999999999999,0.013682270916334661,0.011401892430278883
2326.315789473684210526,2.209999999999999999,0.005000000000000000,0.006599999999999999,0.013684523809523810,0.011403769841269840
2331.578947368421052631,2.214999999999999999,0.005000000000000000,0.006599999999999998,0.013686758893280632,0.011405632411067193
2336.842105263157894736,2.219999999999999999,0.005000000000000000,0.006599999999999999,0.013688976377952756,0.011407480314960628
2342.105263157894736842,2.224999999999999999,0.005000000000000000,0.006599999999999998,0.013691176470588235,0.011409313725490194
2347.368421052631578947,2.229999999999999999,0.005000000000000000,0.006599999999999999,0.013693359375000000,0.011411132812499998
2352.631578947368421052,2.234999999999999999,0.005000000000000000,0.006599999999999998,0.013695525291828794,0.011412937743190661
2357.894736842105263157,2.239999999999999999,0.005000000000000000,0.006599999999999997,0.013697674418604651,0.011414728682170542
2363.157894736842105263,2.244999999999999999,0.005000000000000000,0.006599999999999999,0.013699806949806950,0.011416505791505791
2368.421052631578947368,2.249999999999999999,0.005000000000000000,0.006599999999999998,0.013701923076923077,0.011418269230769230
2373.684210526315789473,2.254999999999999999,0.005000000000000000,0.006599999999999998,0.013704022988505747,0.011420019157088121
2378.947368421052631578,2.259999999999999999,0.005000000000000000,0.006599999999999998,0.013706106870229008,0.011421755725190839
2384.210526315789473684,2.264999999999999999,0.005000000000000000,0.006599999999999999,0.013708174904942966,0.011423479087452470
2389.473684210526315789,2.269999999999999999,0.005000000000000000,0.006599999999999997,0.013710227272727273,0.011425189393939393
2394.736842105263157894,2.274999999999999999,0.005000000000000000,0.006599999999999999,0.013712264150943396,0.011426886792452829
2400.000000000000000000,2.280000000000000000,0.005000000000000000,0.006600000000000000,0.013714285714285714,0.011428571428571427
2405.263157894736842105,2.284999999999999999,0.005000000000000000,0.006599999999999998,0.013716292134831461,0.011430243445692882
2410.526315789473684210,2.289999999999999999,0.005000000000000000,0.006599999999999997,0.013718283582089552,0.011431902985074625
2415.789473684210526315,2.294999999999999999,0.005000000000000000,0.006599999999999998,0.013720260223048327,0.011433550185873604
2421.052631578947368421,2.299999999999999999,0.005000000000000000,0.006599999999999999,0.013722222222222222,0.011435185185185184
2426.315789473684210526,2.304999999999999999,0.005000000000000000,0.006599999999999999,0.013724169741697417,0.011436808118081180
2431.578947368421052631,2.309999999999999999,0.005000000000000000,0.006599999999999999,0.013726102941176471,0.011438419117647058
2436.842105263157894736,2.314999999999999999,0.005000000000000000,0.006599999999999999,0.013728021978021978,0.011440018315018314
2442.105263157894736842,2.319999999999999999,0.005000000000000000,0.006599999999999998,0.013729927007299270,0.011441605839416057
2447.368421052631578947,2.324999999999999999,0.005000000000000000,0.006599999999999999,0.013731818181818182,0.011443181818181816
2452.631578947368421052,2.329999999999999999,0.005000000000000000,0.006599999999999999,0.013733695652173913,0.011444746376811592
2457.894736842105263157,2.334999999999999999,0.005000000000000000,0.006599999999999999,0.013735559566787004,0.011446299638989168
2463.157894736842105263,2.339999999999999999,0.005000000000000000,0.006599999999999998,0.013737410071942446,0.011447841726618704
2468.421052631578947368,2.344999999999999999,0.005000000000000000,0.006599999999999999,0.013739247311827957,0.011449372759856629
2473.684210526315789473,2.349999999999999999,0.005000000000000000,0.006599999999999998,0.013741071428571429,0.011450892857142855
2478.947368421052631578,2.354999999999999999,0.005000000000000000,0.006599999999999999,0.013742882562277580,0.011452402135231316
2484.210526315789473684,2.359999999999999999,0.005000000000000000,0.006599999999999999,0.013744680851063830,0.011453900709219856
2489.473684210526315789,2.364999999999999999,0.005000000000000000,0.006599999999999998,0.013746466431095406,0.011455388692579504
2494.736842105263157894,2.369999999999999999,0.005000000000000000,0.006599999999999998,0.013748239436619718,0.011456866197183097
2500.000000000000000000,2.375000000000000000,0.005000000000000000,0.006600000000000000,0.013750000000000000,0.011458333333333333
2505.263157894736842105,2.379999999999999999,0.005000000000000000,0.006599999999999999,0.013751748251748252,0.011459790209790209
2510.526315789473684210,2.384999999999999999,0.005000000000000000,0.006599999999999997,0.013753484320557491,0.011461236933797909
2515.789473684210526315,2.389999999999999999,0.005000000000000000,0.006599999999999999,0.013755208333333333,0.011462673611111110
2521.052631578947368421,2.394999999999999999,0.005000000000000000,0.006599999999999997,0.013756920415224914,0.011464100346020760
2526.315789473684210526,2.399999999999999999,0.005000000000000000,0.006599999999999999,0.013758620689655172,0.011465517241379309
2531.578947368421052631,2.404999999999999999,0.005000000000000000,0.006599999999999999,0.013760309278350515,0.011466924398625428
2536.842105263157894736,2.409999999999999999,0.005000000000000000,0.006599999999999998,0.013761986301369863,0.011468321917808218
2542.105263157894736842,2.414999999999999999,0.005000000000000000,0.006599999999999997,0.013763651877133106,0.011469709897610921
2547.368421052631578947,2.419999999999999999,0.005000000000000000,0.006599999999999997,0.013765306122448980,0.011471088435374149
2552.631578947368421052,2.424999999999999999,0.005000000000000000,0.006599999999999999,0.013766949152542373,0.011472457627118643
2557.894736842105263157,2.429999999999999999,0.005000000000000000,0.006599999999999997,0.013768581081081081,0.011473817567567566
2563.157894736842105263,2.434999999999999999,0.005000000000000000,0.006599999999999999,0.013770202020202020,0.011475168350168349
2568.421052631578947368,2.439999999999999999,0.005000000000000000,0.006599999999999997,0.013771812080536913,0.011476510067114093
2573.684210526315789473,2.444999999999999999,0.005000000000000000,0.006599999999999998,0.013773411371237458,0.011477842809364547
2578.947368421052631578,2.449999999999999999,0.005000000000000000,0.006599999999999998,0.013775000000000000,0.011479166666666665
2584.210526315789473684,2.454999999999999999,0.005000000000000000,0.006599999999999997,0.013776578073089701,0.011480481727574749
2589.473684210526315789,2.459999999999999999,0.005000000000000000,0.006599999999999999,0.013778145695364238,0.011481788079470198
2594.736842105263157894,2.464999999999999999,0.005000000000000000,0.006599999999999997,0.013779702970297030,0.011483085808580856
2600.000000000000000000,2.470000000000000000,0.005000000000000000,0.006599999999999998,0.013781250000000000,0.011484374999999999
2605.263157894736842105,2.474999999999999999,0.005000000000000000,0.006599999999999999,0.013782786885245902,0.011485655737704918
2610.526315789473684210,2.479999999999999999,0.005000000000000000,0.006599999999999997,0.013784313725490196,0.011486928104575162
2615.789473684210526315,2.484999999999999999,0.005000000000000000,0.006599999999999997,0.013785830618892508,0.011488192182410423
2621.052631578947368421,2.489999999999999999,0.005000000000000000,0.006599999999999998,0.013787337662337662,0.011489448051948051
2626.315789473684210526,2.494999999999999999,0.005000000000000000,0.006599999999999998,0.013788834951456311,0.011490695792880257
2631.578947368421052631,2.499999999999999999,0.005000000000000000,0.006599999999999999,0.013790322580645161,0.011491935483870966
2636.842105263157894736,2.504999999999999999,0.005000000000000000,0.006599999999999997,0.013791800643086817,0.011493167202572346
2642.105263157894736842,2.509999999999999999,0.005000000000000000,0.006599999999999999,0.013793269230769231,0.011494391025641024
2647.368421052631578947,2.514999999999999999,0.005000000000000000,0.006599999999999999,0.013794728434504792,0.011495607028753992
2652.631578947368421052,2.519999999999999999,0.005000000000000000,0.006599999999999999,0.013796178343949045,0.011496815286624202
2657.894736842105263157,2.524999999999999999,0.005000000000000000,0.006599999999999999,0.013797619047619048,0.011498015873015872
2663.157894736842105263,2.529999999999999999,0.005000000000000000,0.006599999999999998,0.013799050632911392,0.011499208860759492
2668.421052631578947368,2.534999999999999999,0.005000000000000000,0.006599999999999997,0.013800473186119874,0.011500394321766560
2673.684210526315789473,2.539999999999999999,0.005000000000000000,0.006599999999999999,0.013801886792452830,0.011501572327044024
2678.947368421052631578,2.544999999999999999,0.005000000000000000,0.006599999999999997,0.013803291536050157,0.011502742946708463
2684.210526315789473684,2.549999999999999999,0.005000000000000000,0.006599999999999998,0.013804687500000000,0.011503906249999998
2689.473684210526315789,2.554999999999999999,0.005000000000000000,0.006599999999999998,0.013806074766355140,0.011505062305295949
2694.736842105263157894,2.559999999999999999,0.005000000000000000,0.006599999999999999,0.013807453416149068,0.011506211180124222
2700.000000000000000000,2.565000000000000000,0.005000000000000000,0.006599999999999998,0.013808823529411765,0.011507352941176470
2705.263157894736842105,2.569999999999999999,0.005000000000000000,0.006599999999999998,0.013810185185185185,0.011508487654320986
2710.526315789473684210,2.574999999999999999,0.005000000000000000,0.006599999999999998,0.013811538461538462,0.011509615384615383
2715.789473684210526315,2.579999999999999999,0.005000000000000000,0.006599999999999997,0.013812883435582822,0.011510736196319017
2721.052631578947368421,2.584999999999999999,0.005000000000000000,0.006599999999999999,0.013814220183486239,0.011511850152905198
2726.315789473684210526,2.589999999999999999,0.005000000000000000,0.006599999999999997,0.013815548780487805,0.011512957317073170
2731.578947368421052631,2.594999999999999999,0.005000000000000000,0.006599999999999997,0.013816869300911854,0.011514057750759878
2736.842105263157894736,2.599999999999999999,0.005000000000000000,0.006599999999999998,0.013818181818181818,0.011515151515151514
