round,CR before,CR after,leveraged price before,leveraged price after,leveraged returned,value returned,value given up,value back per given,phi,leverage ratio before,minter collateral,holding before,holding after
1,0.600000000000000000,1.300000000000000000,0.200000000000000000,0.129411764705882352,1615384.615384615384615386,209049.773755656107076923,323076.923076923076923077,0.647058823529411759,0.200000000000000000,3.000000000000000000,999.999999999999999846,450.000000000000000000,338.235294117647056923
2,0.599999999999999999,1.300000000000000000,0.035294117647058823,0.022837370242214532,4224852.071005917162368088,96484.510964148969574279,149112.426035502958331440,0.647058823529411741,0.199999999999999999,3.000000000000000001,999.999999999999996923,604.411764705882350883,438.148788927335626508
3,0.599999999999999999,1.300000000000000000,0.006228373702422145,0.004030124160390799,11049613.108784706558083108,44531.312752684131891541,68821.119708693673076182,0.647058823529411626,0.199999999999999997,3.000000000000000036,999.999999999999980934,663.451557093425594724,476.351007531040010039
4,0.599999999999999999,1.300000000000000000,0.001099124771015672,0.000711198381245435,28898988.130667696143148556,20552.913578161905097857,31763.593711704772189060,0.647058823529411565,0.199999999999999984,3.000000000000000228,999.999999999999934914,686.025595359250817813,490.957738173632838987
5,0.599999999999999999,1.300000000000000000,0.000193963194885118,0.000125505596690370,75581968.957130915079648735,9485.960112997737856031,14660.120174632971779566,0.647058823529407166,0.199999999999999947,3.000000000000000781,999.999999999999906733,694.656845284418602586,496.542664595797820950
6,0.599999999999999999,1.300000000000000000,0.000034228799097373,0.000022148046474771,197675918.810957831976281941,4378.135436768153016468,6766.209311369063898261,0.647058823529402187,0.199999999999999925,3.000000000000001119,999.999999999999644298,697.957029079330466577,498.678077639564608658
7,0.599999999999999999,1.300000000000000000,0.000006040376311301,0.000003908478789665,516998556.890198068564539423,2020.677893892752993325,3122.865836016491029833,0.647058823529325108,0.199999999999999715,3.000000000000004268,999.999999999999002339,699.218864059735222148,499.494559097426173729
8,0.600000000000000000,1.300000000000000000,0.000001065948760817,0.000000689731551117,1352150071.866676531968563164,932.620566411565828018,1441.322693546072785269,0.647058823528996232,0.199999999999999201,3.000000000000011971,999.999999999998588332,699.701330375581464376,499.806743184059519430
9,0.599999999999999999,1.300000000000000000,0.000000188108604850,0.000000121717332550,3536392495.651322426306692335,430.440261420516440610,665.225858559725899891,0.647058823528686189,0.199999999999998870,3.000000000000016940,999.999999999993734681,699.885802790459860926,499.926107687651594793
10,0.599999999999999999,1.300000000000000000,0.000000033195636150,0.000000021479529273,9249026527.088285864236780994,198.664736035346363676,307.027319335258107642,0.647058823512752775,0.199999999999994987,3.000000000000075183,999.999999999979546868,699.956336360885033615,499.971747046329226236
11,0.599999999999999998,1.300000000000000000,0.000000005858053438,0.000000003790505165,24189761686.232648766492291029,91.691416611783964541,141.704916616272972681,0.647058823372218787,0.199999999999983636,3.000000000000245437,999.999999999961078853,699.983305068951504330,499.989197301442443584
12,0.599999999999999999,1.300000000000000000,0.000000001033774136,0.000000000668912676,63265530564.000951863643678276,42.319115348125665977,65.402269207510602698,0.647058823201594115,0.199999999999968861,3.000000000000467053,999.999999999918840398,699.993616609200188976,499.995869381370779078
13,0.599999999999999998,1.300000000000000000,0.000000000182430729,0.000000000118043413,165463695321.277125339268292353,19.531899323315683393,30.185662711158739630,0.647058820944663987,0.199999999999935069,3.000000000000973915,999.999999999779867296,699.997558058689284191,499.998419037707886066
14,0.599999999999999985,1.300000000000000000,0.000000000032193658,0.000000000020831190,432751203148.282902277392877517,9.014722535510479311,13.931844328227110535,0.647058804500555530,0.199999999999823883,3.000000000002641592,999.999999999565512455,699.999065089056902614,499.999383718553182155
15,0.600000000000000000,1.300000000000000000,0.000000000005681233,0.000000000003676092,1131810839004.787407812225507810,4.160640770778786951,6.430081997643281654,0.647058742377425693,0.199999999999652409,3.000000000005213850,999.999999997947521024,699.999607830850378388,499.999716059071829560
16,0.599999999999999962,1.179098571291061032,0.000000000001002570,0.000000000000590045,2699958607278.317571259816149812,1.593097076431534891,2.706899313073687535,0.588532077546161545,0.199999999998357977,3.000000000024629747,999.999999996169500353,699.999696202809460133,499.999347749391426591
