collateral ratio,leveraged price,leveraged price up 1pc,measured sensitivity,reported leverage,pegged price
0.010000000000000000,0.000000000000000000,0.000000000000000000,0.000000000000000000,115792089237316195423570985008687907853269984665640564039457.584007913129639935,0.010000000000000000
0.020000000000000000,0.000000000000000000,0.000000000000000000,0.000000000000000000,115792089237316195423570985008687907853269984665640564039457.584007913129639935,0.020000000000000000
0.030000000000000000,0.000000000000000000,0.000000000000000000,0.000000000000000000,115792089237316195423570985008687907853269984665640564039457.584007913129639935,0.030000000000000000
0.040000000000000000,0.000000000000000000,0.000000000000000000,0.000000000000000000,115792089237316195423570985008687907853269984665640564039457.584007913129639935,0.040000000000000000
0.050000000000000000,0.000000000000000000,0.000000000000000000,0.000000000000000000,115792089237316195423570985008687907853269984665640564039457.584007913129639935,0.050000000000000000
0.060000000000000000,0.000000000000000000,0.000000000000000000,0.000000000000000000,115792089237316195423570985008687907853269984665640564039457.584007913129639935,0.060000000000000000
0.070000000000000000,0.000000000000000000,0.000000000000000000,0.000000000000000000,115792089237316195423570985008687907853269984665640564039457.584007913129639935,0.070000000000000000
0.080000000000000000,0.000000000000000000,0.000000000000000000,0.000000000000000000,115792089237316195423570985008687907853269984665640564039457.584007913129639935,0.080000000000000000
0.090000000000000000,0.000000000000000000,0.000000000000000000,0.000000000000000000,115792089237316195423570985008687907853269984665640564039457.584007913129639935,0.090000000000000000
0.100000000000000000,0.000000000000000000,0.000000000000000000,0.000000000000000000,115792089237316195423570985008687907853269984665640564039457.584007913129639935,0.100000000000000000
0.110000000000000000,0.000000000000000000,0.000000000000000000,0.000000000000000000,115792089237316195423570985008687907853269984665640564039457.584007913129639935,0.110000000000000000
0.120000000000000000,0.000000000000000000,0.000000000000000000,0.000000000000000000,115792089237316195423570985008687907853269984665640564039457.584007913129639935,0.120000000000000000
0.130000000000000000,0.000000000000000000,0.000000000000000000,0.000000000000000000,115792089237316195423570985008687907853269984665640564039457.584007913129639935,0.130000000000000000
0.140000000000000000,0.000000000000000000,0.000000000000000000,0.000000000000000000,115792089237316195423570985008687907853269984665640564039457.584007913129639935,0.140000000000000000
0.150000000000000000,0.000000000000000000,0.000000000000000000,0.000000000000000000,115792089237316195423570985008687907853269984665640564039457.584007913129639935,0.150000000000000000
0.160000000000000000,0.000000000000000000,0.000000000000000000,0.000000000000000000,115792089237316195423570985008687907853269984665640564039457.584007913129639935,0.160000000000000000
0.170000000000000000,0.000000000000000000,0.000000000000000000,0.000000000000000000,115792089237316195423570985008687907853269984665640564039457.584007913129639935,0.170000000000000000
0.180000000000000000,0.000000000000000000,0.000000000000000000,0.000000000000000000,115792089237316195423570985008687907853269984665640564039457.584007913129639935,0.180000000000000000
0.190000000000000000,0.000000000000000000,0.000000000000000000,0.000000000000000000,115792089237316195423570985008687907853269984665640564039457.584007913129639935,0.190000000000000000
0.200000000000000000,0.000000000000000000,0.000000000000000000,0.000000000000000000,115792089237316195423570985008687907853269984665640564039457.584007913129639935,0.200000000000000000
0.210000000000000000,0.000000000000000000,0.000000000000000000,0.000000000000000000,115792089237316195423570985008687907853269984665640564039457.584007913129639935,0.210000000000000000
0.220000000000000000,0.000000000000000000,0.000000000000000000,0.000000000000000000,115792089237316195423570985008687907853269984665640564039457.584007913129639935,0.220000000000000000
0.230000000000000000,0.000000000000000000,0.000000000000000000,0.000000000000000000,115792089237316195423570985008687907853269984665640564039457.584007913129639935,0.230000000000000000
0.240000000000000000,0.000000000000000000,0.000000000000000000,0.000000000000000000,115792089237316195423570985008687907853269984665640564039457.584007913129639935,0.240000000000000000
0.250000000000000000,0.000000000000000000,0.000000000000000000,0.000000000000000000,115792089237316195423570985008687907853269984665640564039457.584007913129639935,0.250000000000000000
0.260000000000000000,0.000000000000000000,0.000000000000000000,0.000000000000000000,115792089237316195423570985008687907853269984665640564039457.584007913129639935,0.260000000000000000
0.270000000000000000,0.000000000000000000,0.000000000000000000,0.000000000000000000,115792089237316195423570985008687907853269984665640564039457.584007913129639935,0.270000000000000000
0.280000000000000000,0.000000000000000000,0.000000000000000000,0.000000000000000000,115792089237316195423570985008687907853269984665640564039457.584007913129639935,0.280000000000000000
0.290000000000000000,0.000000000000000000,0.000000000000000000,0.000000000000000000,115792089237316195423570985008687907853269984665640564039457.584007913129639935,0.290000000000000000
0.300000000000000000,0.000000000000000000,0.000000000000000000,0.000000000000000000,115792089237316195423570985008687907853269984665640564039457.584007913129639935,0.300000000000000000
0.310000000000000000,0.000000000000000000,0.000000000000000000,0.000000000000000000,115792089237316195423570985008687907853269984665640564039457.584007913129639935,0.310000000000000000
0.320000000000000000,0.000000000000000000,0.000000000000000000,0.000000000000000000,115792089237316195423570985008687907853269984665640564039457.584007913129639935,0.320000000000000000
0.330000000000000000,0.000000000000000000,0.000000000000000000,0.000000000000000000,115792089237316195423570985008687907853269984665640564039457.584007913129639935,0.330000000000000000
0.340000000000000000,0.000000000000000000,0.000000000000000000,0.000000000000000000,115792089237316195423570985008687907853269984665640564039457.584007913129639935,0.340000000000000000
0.350000000000000000,0.000000000000000000,0.000000000000000000,0.000000000000000000,115792089237316195423570985008687907853269984665640564039457.584007913129639935,0.350000000000000000
0.360000000000000000,0.000000000000000000,0.000000000000000000,0.000000000000000000,115792089237316195423570985008687907853269984665640564039457.584007913129639935,0.360000000000000000
0.370000000000000000,0.000000000000000000,0.000000000000000000,0.000000000000000000,115792089237316195423570985008687907853269984665640564039457.584007913129639935,0.370000000000000000
0.380000000000000000,0.000000000000000000,0.000000000000000000,0.000000000000000000,115792089237316195423570985008687907853269984665640564039457.584007913129639935,0.380000000000000000
0.390000000000000000,0.000000000000000000,0.000000000000000000,0.000000000000000000,115792089237316195423570985008687907853269984665640564039457.584007913129639935,0.390000000000000000
0.400000000000000000,0.000000000000000000,0.000000000000000000,0.000000000000000000,115792089237316195423570985008687907853269984665640564039457.584007913129639935,0.400000000000000000
0.410000000000000000,0.000000000000000000,0.000000000000000000,0.000000000000000000,115792089237316195423570985008687907853269984665640564039457.584007913129639935,0.410000000000000000
0.420000000000000000,0.000000000000000000,0.000000000000000000,0.000000000000000000,115792089237316195423570985008687907853269984665640564039457.584007913129639935,0.420000000000000000
0.430000000000000000,0.000000000000000000,0.000000000000000000,0.000000000000000000,115792089237316195423570985008687907853269984665640564039457.584007913129639935,0.430000000000000000
0.440000000000000000,0.000000000000000000,0.000000000000000000,0.000000000000000000,115792089237316195423570985008687907853269984665640564039457.584007913129639935,0.440000000000000000
0.450000000000000000,0.000000000000000000,0.000000000000000000,0.000000000000000000,115792089237316195423570985008687907853269984665640564039457.584007913129639935,0.450000000000000000
0.460000000000000000,0.000000000000000000,0.000000000000000000,0.000000000000000000,115792089237316195423570985008687907853269984665640564039457.584007913129639935,0.460000000000000000
0.470000000000000000,0.000000000000000000,0.000000000000000000,0.000000000000000000,115792089237316195423570985008687907853269984665640564039457.584007913129639935,0.470000000000000000
0.480000000000000000,0.000000000000000000,0.000000000000000000,0.000000000000000000,115792089237316195423570985008687907853269984665640564039457.584007913129639935,0.480000000000000000
0.490000000000000000,0.000000000000000000,0.000000000000000000,0.000000000000000000,115792089237316195423570985008687907853269984665640564039457.584007913129639935,0.490000000000000000
0.500000000000000000,0.000000000000000000,0.000000000000000000,0.000000000000000000,115792089237316195423570985008687907853269984665640564039457.584007913129639935,0.500000000000000000
0.510000000000000000,0.000000000000000000,0.000000000000000000,0.000000000000000000,115792089237316195423570985008687907853269984665640564039457.584007913129639935,0.510000000000000000
0.520000000000000000,0.000000000000000000,0.000000000000000000,0.000000000000000000,115792089237316195423570985008687907853269984665640564039457.584007913129639935,0.520000000000000000
0.530000000000000000,0.000000000000000000,0.000000000000000000,0.000000000000000000,115792089237316195423570985008687907853269984665640564039457.584007913129639935,0.530000000000000000
0.540000000000000000,0.000000000000000000,0.000000000000000000,0.000000000000000000,115792089237316195423570985008687907853269984665640564039457.584007913129639935,0.540000000000000000
0.550000000000000000,0.000000000000000000,0.000000000000000000,0.000000000000000000,115792089237316195423570985008687907853269984665640564039457.584007913129639935,0.550000000000000000
0.560000000000000000,0.000000000000000000,0.000000000000000000,0.000000000000000000,115792089237316195423570985008687907853269984665640564039457.584007913129639935,0.560000000000000000
0.570000000000000000,0.000000000000000000,0.000000000000000000,0.000000000000000000,115792089237316195423570985008687907853269984665640564039457.584007913129639935,0.570000000000000000
0.580000000000000000,0.000000000000000000,0.000000000000000000,0.000000000000000000,115792089237316195423570985008687907853269984665640564039457.584007913129639935,0.580000000000000000
0.590000000000000000,0.000000000000000000,0.000000000000000000,0.000000000000000000,115792089237316195423570985008687907853269984665640564039457.584007913129639935,0.590000000000000000
0.600000000000000000,0.000000000000000000,0.000000000000000000,0.000000000000000000,115792089237316195423570985008687907853269984665640564039457.584007913129639935,0.600000000000000000
0.610000000000000000,0.000000000000000000,0.000000000000000000,0.000000000000000000,115792089237316195423570985008687907853269984665640564039457.584007913129639935,0.610000000000000000
0.620000000000000000,0.000000000000000000,0.000000000000000000,0.000000000000000000,115792089237316195423570985008687907853269984665640564039457.584007913129639935,0.620000000000000000
0.630000000000000000,0.000000000000000000,0.000000000000000000,0.000000000000000000,115792089237316195423570985008687907853269984665640564039457.584007913129639935,0.630000000000000000
0.640000000000000000,0.000000000000000000,0.000000000000000000,0.000000000000000000,115792089237316195423570985008687907853269984665640564039457.584007913129639935,0.640000000000000000
0.650000000000000000,0.000000000000000000,0.000000000000000000,0.000000000000000000,115792089237316195423570985008687907853269984665640564039457.584007913129639935,0.650000000000000000
0.660000000000000000,0.000000000000000000,0.000000000000000000,0.000000000000000000,115792089237316195423570985008687907853269984665640564039457.584007913129639935,0.660000000000000000
0.670000000000000000,0.000000000000000000,0.000000000000000000,0.000000000000000000,115792089237316195423570985008687907853269984665640564039457.584007913129639935,0.670000000000000000
0.680000000000000000,0.000000000000000000,0.000000000000000000,0.000000000000000000,115792089237316195423570985008687907853269984665640564039457.584007913129639935,0.680000000000000000
0.690000000000000000,0.000000000000000000,0.000000000000000000,0.000000000000000000,115792089237316195423570985008687907853269984665640564039457.584007913129639935,0.690000000000000000
0.700000000000000000,0.000000000000000000,0.000000000000000000,0.000000000000000000,115792089237316195423570985008687907853269984665640564039457.584007913129639935,0.700000000000000000
0.710000000000000000,0.000000000000000000,0.000000000000000000,0.000000000000000000,115792089237316195423570985008687907853269984665640564039457.584007913129639935,0.710000000000000000
0.720000000000000000,0.000000000000000000,0.000000000000000000,0.000000000000000000,115792089237316195423570985008687907853269984665640564039457.584007913129639935,0.720000000000000000
0.730000000000000000,0.000000000000000000,0.000000000000000000,0.000000000000000000,115792089237316195423570985008687907853269984665640564039457.584007913129639935,0.730000000000000000
0.740000000000000000,0.000000000000000000,0.000000000000000000,0.000000000000000000,115792089237316195423570985008687907853269984665640564039457.584007913129639935,0.740000000000000000
0.750000000000000000,0.000000000000000000,0.000000000000000000,0.000000000000000000,115792089237316195423570985008687907853269984665640564039457.584007913129639935,0.750000000000000000
0.760000000000000000,0.000000000000000000,0.000000000000000000,0.000000000000000000,115792089237316195423570985008687907853269984665640564039457.584007913129639935,0.760000000000000000
0.770000000000000000,0.000000000000000000,0.000000000000000000,0.000000000000000000,115792089237316195423570985008687907853269984665640564039457.584007913129639935,0.770000000000000000
0.780000000000000000,0.000000000000000000,0.000000000000000000,0.000000000000000000,115792089237316195423570985008687907853269984665640564039457.584007913129639935,0.780000000000000000
0.790000000000000000,0.000000000000000000,0.000000000000000000,0.000000000000000000,115792089237316195423570985008687907853269984665640564039457.584007913129639935,0.790000000000000000
0.800000000000000000,0.000000000000000000,0.000000000000000000,0.000000000000000000,115792089237316195423570985008687907853269984665640564039457.584007913129639935,0.800000000000000000
0.810000000000000000,0.000000000000000000,0.000000000000000000,0.000000000000000000,115792089237316195423570985008687907853269984665640564039457.584007913129639935,0.810000000000000000
0.820000000000000000,0.000000000000000000,0.000000000000000000,0.000000000000000000,115792089237316195423570985008687907853269984665640564039457.584007913129639935,0.820000000000000000
0.830000000000000000,0.000000000000000000,0.000000000000000000,0.000000000000000000,115792089237316195423570985008687907853269984665640564039457.584007913129639935,0.830000000000000000
0.840000000000000000,0.000000000000000000,0.000000000000000000,0.000000000000000000,115792089237316195423570985008687907853269984665640564039457.584007913129639935,0.840000000000000000
0.850000000000000000,0.000000000000000000,0.000000000000000000,0.000000000000000000,115792089237316195423570985008687907853269984665640564039457.584007913129639935,0.850000000000000000
0.860000000000000000,0.000000000000000000,0.000000000000000000,0.000000000000000000,115792089237316195423570985008687907853269984665640564039457.584007913129639935,0.860000000000000000
0.870000000000000000,0.000000000000000000,0.000000000000000000,0.000000000000000000,115792089237316195423570985008687907853269984665640564039457.584007913129639935,0.870000000000000000
0.880000000000000000,0.000000000000000000,0.000000000000000000,0.000000000000000000,115792089237316195423570985008687907853269984665640564039457.584007913129639935,0.880000000000000000
0.890000000000000000,0.000000000000000000,0.000000000000000000,0.000000000000000000,115792089237316195423570985008687907853269984665640564039457.584007913129639935,0.890000000000000000
0.900000000000000000,0.000000000000000000,0.000000000000000000,0.000000000000000000,115792089237316195423570985008687907853269984665640564039457.584007913129639935,0.900000000000000000
0.910000000000000000,0.000000000000000000,0.000000000000000000,0.000000000000000000,115792089237316195423570985008687907853269984665640564039457.584007913129639935,0.910000000000000000
0.920000000000000000,0.000000000000000000,0.000000000000000000,0.000000000000000000,115792089237316195423570985008687907853269984665640564039457.584007913129639935,0.920000000000000000
0.930000000000000000,0.000000000000000000,0.000000000000000000,0.000000000000000000,115792089237316195423570985008687907853269984665640564039457.584007913129639935,0.930000000000000000
0.940000000000000000,0.000000000000000000,0.000000000000000000,0.000000000000000000,115792089237316195423570985008687907853269984665640564039457.584007913129639935,0.940000000000000000
0.950000000000000000,0.000000000000000000,0.000000000000000000,0.000000000000000000,115792089237316195423570985008687907853269984665640564039457.584007913129639935,0.950000000000000000
0.960000000000000000,0.000000000000000000,0.000000000000000000,0.000000000000000000,115792089237316195423570985008687907853269984665640564039457.584007913129639935,0.960000000000000000
0.970000000000000000,0.000000000000000000,0.000000000000000000,0.000000000000000000,115792089237316195423570985008687907853269984665640564039457.584007913129639935,0.970000000000000000
0.980000000000000000,0.000000000000000000,0.000000000000000000,0.000000000000000000,115792089237316195423570985008687907853269984665640564039457.584007913129639935,0.980000000000000000
0.990000000000000000,0.000000000000000000,0.000000000000000000,0.000000000000000000,115792089237316195423570985008687907853269984665640564039457.584007913129639935,0.990000000000000000
1.000000000000000000,0.000000000000000000,0.010000000000000000,0.000000000000000000,115792089237316195423570985008687907853269984665640564039457.584007913129639935,1.000000000000000000
1.010000000000000000,0.010000000000000000,0.020100000000000000,101.000000000000000000,101.000000000000000000,1.000000000000000000
1.015000000000000000,0.015000000000000000,0.025150000000000000,67.666666666666666666,67.666666666666666666,1.000000000000000000
1.020000000000000000,0.020000000000000000,0.030200000000000000,51.000000000000000000,51.000000000000000000,1.000000000000000000
1.030000000000000000,0.030000000000000000,0.040300000000000000,34.333333333333333333,34.333333333333333333,1.000000000000000000
1.040000000000000000,0.040000000000000000,0.050400000000000000,26.000000000000000000,26.000000000000000000,1.000000000000000000
1.050000000000000000,0.050000000000000000,0.060500000000000000,21.000000000000000000,21.000000000000000000,1.000000000000000000
1.060000000000000000,0.060000000000000000,0.070600000000000000,17.666666666666666666,17.666666666666666666,1.000000000000000000
1.070000000000000000,0.070000000000000000,0.080700000000000000,15.285714285714285714,15.285714285714285714,1.000000000000000000
1.080000000000000000,0.080000000000000000,0.090800000000000000,13.500000000000000000,13.500000000000000000,1.000000000000000000
1.090000000000000000,0.090000000000000000,0.100900000000000000,12.111111111111111111,12.111111111111111111,1.000000000000000000
1.100000000000000000,0.100000000000000000,0.111000000000000000,11.000000000000000000,11.000000000000000000,1.000000000000000000
1.110000000000000000,0.110000000000000000,0.121100000000000000,10.090909090909090909,10.090909090909090909,1.000000000000000000
1.120000000000000000,0.120000000000000000,0.131200000000000000,9.333333333333333333,9.333333333333333333,1.000000000000000000
1.130000000000000000,0.130000000000000000,0.141300000000000000,8.692307692307692307,8.692307692307692307,1.000000000000000000
1.140000000000000000,0.140000000000000000,0.151400000000000000,8.142857142857142857,8.142857142857142857,1.000000000000000000
1.150000000000000000,0.150000000000000000,0.161500000000000000,7.666666666666666666,7.666666666666666666,1.000000000000000000
1.160000000000000000,0.160000000000000000,0.171600000000000000,7.250000000000000000,7.250000000000000000,1.000000000000000000
1.170000000000000000,0.170000000000000000,0.181700000000000000,6.882352941176470588,6.882352941176470588,1.000000000000000000
1.180000000000000000,0.180000000000000000,0.191800000000000000,6.555555555555555555,6.555555555555555555,1.000000000000000000
1.190000000000000000,0.190000000000000000,0.201900000000000000,6.263157894736842105,6.263157894736842105,1.000000000000000000
1.200000000000000000,0.200000000000000000,0.212000000000000000,6.000000000000000000,6.000000000000000000,1.000000000000000000
1.210000000000000000,0.210000000000000000,0.222100000000000000,5.761904761904761904,5.761904761904761904,1.000000000000000000
1.220000000000000000,0.220000000000000000,0.232200000000000000,5.545454545454545454,5.545454545454545454,1.000000000000000000
1.230000000000000000,0.230000000000000000,0.242300000000000000,5.347826086956521739,5.347826086956521739,1.000000000000000000
1.240000000000000000,0.240000000000000000,0.252400000000000000,5.166666666666666666,5.166666666666666666,1.000000000000000000
1.250000000000000000,0.250000000000000000,0.262500000000000000,5.000000000000000000,5.000000000000000000,1.000000000000000000
1.260000000000000000,0.260000000000000000,0.272600000000000000,4.846153846153846153,4.846153846153846153,1.000000000000000000
1.270000000000000000,0.270000000000000000,0.282700000000000000,4.703703703703703703,4.703703703703703703,1.000000000000000000
1.280000000000000000,0.280000000000000000,0.292800000000000000,4.571428571428571428,4.571428571428571428,1.000000000000000000
1.290000000000000000,0.290000000000000000,0.302900000000000000,4.448275862068965517,4.448275862068965517,1.000000000000000000
1.300000000000000000,0.300000000000000000,0.313000000000000000,4.333333333333333333,4.333333333333333333,1.000000000000000000
1.310000000000000000,0.310000000000000000,0.323100000000000000,4.225806451612903225,4.225806451612903225,1.000000000000000000
1.320000000000000000,0.320000000000000000,0.333200000000000000,4.125000000000000000,4.125000000000000000,1.000000000000000000
1.330000000000000000,0.330000000000000000,0.343300000000000000,4.030303030303030303,4.030303030303030303,1.000000000000000000
1.340000000000000000,0.340000000000000000,0.353400000000000000,3.941176470588235294,3.941176470588235294,1.000000000000000000
1.350000000000000000,0.350000000000000000,0.363500000000000000,3.857142857142857142,3.857142857142857142,1.000000000000000000
1.360000000000000000,0.360000000000000000,0.373600000000000000,3.777777777777777777,3.777777777777777777,1.000000000000000000
1.370000000000000000,0.370000000000000000,0.383700000000000000,3.702702702702702702,3.702702702702702702,1.000000000000000000
1.380000000000000000,0.380000000000000000,0.393800000000000000,3.631578947368421052,3.631578947368421052,1.000000000000000000
1.390000000000000000,0.390000000000000000,0.403900000000000000,3.564102564102564102,3.564102564102564102,1.000000000000000000
1.400000000000000000,0.400000000000000000,0.414000000000000000,3.500000000000000000,3.500000000000000000,1.000000000000000000
1.410000000000000000,0.410000000000000000,0.424100000000000000,3.439024390243902439,3.439024390243902439,1.000000000000000000
1.420000000000000000,0.420000000000000000,0.434200000000000000,3.380952380952380952,3.380952380952380952,1.000000000000000000
1.430000000000000000,0.430000000000000000,0.444300000000000000,3.325581395348837209,3.325581395348837209,1.000000000000000000
1.440000000000000000,0.440000000000000000,0.454400000000000000,3.272727272727272727,3.272727272727272727,1.000000000000000000
1.450000000000000000,0.450000000000000000,0.464500000000000000,3.222222222222222222,3.222222222222222222,1.000000000000000000
1.460000000000000000,0.460000000000000000,0.474600000000000000,3.173913043478260869,3.173913043478260869,1.000000000000000000
1.470000000000000000,0.470000000000000000,0.484700000000000000,3.127659574468085106,3.127659574468085106,1.000000000000000000
1.480000000000000000,0.480000000000000000,0.494800000000000000,3.083333333333333333,3.083333333333333333,1.000000000000000000
1.490000000000000000,0.490000000000000000,0.504900000000000000,3.040816326530612244,3.040816326530612244,1.000000000000000000
1.500000000000000000,0.500000000000000000,0.515000000000000000,3.000000000000000000,3.000000000000000000,1.000000000000000000
1.510000000000000000,0.510000000000000000,0.525100000000000000,2.960784313725490196,2.960784313725490196,1.000000000000000000
1.520000000000000000,0.520000000000000000,0.535200000000000000,2.923076923076923076,2.923076923076923076,1.000000000000000000
1.530000000000000000,0.530000000000000000,0.545300000000000000,2.886792452830188679,2.886792452830188679,1.000000000000000000
1.540000000000000000,0.540000000000000000,0.555400000000000000,2.851851851851851851,2.851851851851851851,1.000000000000000000
1.550000000000000000,0.550000000000000000,0.565500000000000000,2.818181818181818181,2.818181818181818181,1.000000000000000000
1.560000000000000000,0.560000000000000000,0.575600000000000000,2.785714285714285714,2.785714285714285714,1.000000000000000000
1.570000000000000000,0.570000000000000000,0.585700000000000000,2.754385964912280701,2.754385964912280701,1.000000000000000000
1.580000000000000000,0.580000000000000000,0.595800000000000000,2.724137931034482758,2.724137931034482758,1.000000000000000000
1.590000000000000000,0.590000000000000000,0.605900000000000000,2.694915254237288135,2.694915254237288135,1.000000000000000000
1.600000000000000000,0.600000000000000000,0.616000000000000000,2.666666666666666666,2.666666666666666666,1.000000000000000000
