collateral ratio,max leverage,max leverage after a mint,max leverage after a redeem,mint cost,redeem gain,escrow share of a mint,measured beta
0.020000000000000000,0.000000000000000000,0.000000000000000000,0.000000000000000000,0.000000000000000000,0.000000000000000000,0.000000000000000000,20.000000000000000000
0.040000000000000000,0.000000000000000000,0.000000000000000000,0.000000000000000000,0.000000000000000000,0.000000000000000000,0.000000000000000000,20.000000000000000000
0.060000000000000000,0.000000000000000000,0.000000000000000000,0.000000000000000000,0.000000000000000000,0.000000000000000000,0.000000000000000000,20.000000000000000000
0.080000000000000000,0.000000000000000000,0.000000000000000000,0.000000000000000000,0.000000000000000000,0.000000000000000000,0.000000000000000000,20.000000000000000000
0.100000000000000000,0.000000000000000000,0.000000000000000000,0.000000000000000000,0.000000000000000000,0.000000000000000000,0.000000000000000000,20.000000000000000000
0.120000000000000000,0.000000000000000000,0.000000000000000000,0.000000000000000000,0.000000000000000000,0.000000000000000000,0.000000000000000000,20.000000000000000000
0.140000000000000000,0.000000000000000000,0.000000000000000000,0.000000000000000000,0.000000000000000000,0.000000000000000000,0.000000000000000000,20.000000000000000000
0.160000000000000000,0.000000000000000000,0.000000000000000000,0.000000000000000000,0.000000000000000000,0.000000000000000000,0.000000000000000000,20.000000000000000000
0.180000000000000000,0.000000000000000000,0.000000000000000000,0.000000000000000000,0.000000000000000000,0.000000000000000000,0.000000000000000000,20.000000000000000000
0.200000000000000000,0.000000000000000000,0.000000000000000000,0.000000000000000000,0.000000000000000000,0.000000000000000000,0.000000000000000000,20.000000000000000000
0.220000000000000000,0.000000000000000000,0.000000000000000000,0.000000000000000000,0.000000000000000000,0.000000000000000000,0.000000000000000000,20.000000000000000000
0.240000000000000000,0.000000000000000000,0.000000000000000000,0.000000000000000000,0.000000000000000000,0.000000000000000000,0.000000000000000000,20.000000000000000000
0.260000000000000000,0.000000000000000000,0.000000000000000000,0.000000000000000000,0.000000000000000000,0.000000000000000000,0.000000000000000000,20.000000000000000000
0.280000000000000000,0.000000000000000000,0.000000000000000000,0.000000000000000000,0.000000000000000000,0.000000000000000000,0.000000000000000000,20.000000000000000000
0.300000000000000000,0.000000000000000000,0.000000000000000000,0.000000000000000000,0.000000000000000000,0.000000000000000000,0.000000000000000000,20.000000000000000000
0.320000000000000000,0.000000000000000000,0.000000000000000000,0.000000000000000000,0.000000000000000000,0.000000000000000000,0.000000000000000000,20.000000000000000000
0.340000000000000000,0.000000000000000000,0.000000000000000000,0.000000000000000000,0.000000000000000000,0.000000000000000000,0.000000000000000000,20.000000000000000000
0.360000000000000000,0.000000000000000000,0.000000000000000000,0.000000000000000000,0.000000000000000000,0.000000000000000000,0.000000000000000000,20.000000000000000000
0.380000000000000000,0.000000000000000000,0.000000000000000000,0.000000000000000000,0.000000000000000000,0.000000000000000000,0.000000000000000000,20.000000000000000000
0.400000000000000000,0.000000000000000000,0.000000000000000000,0.000000000000000000,0.000000000000000000,0.000000000000000000,0.000000000000000000,20.000000000000000000
0.420000000000000000,0.000000000000000000,0.000000000000000000,0.000000000000000000,0.000000000000000000,0.000000000000000000,0.000000000000000000,20.000000000000000000
0.440000000000000000,0.000000000000000000,0.000000000000000000,0.000000000000000000,0.000000000000000000,0.000000000000000000,0.000000000000000000,20.000000000000000000
0.460000000000000000,0.000000000000000000,0.000000000000000000,0.000000000000000000,0.000000000000000000,0.000000000000000000,0.000000000000000000,20.000000000000000000
0.480000000000000000,0.000000000000000000,0.000000000000000000,0.000000000000000000,0.000000000000000000,0.000000000000000000,0.000000000000000000,20.000000000000000000
0.500000000000000000,0.000000000000000000,0.000000000000000000,0.000000000000000000,0.000000000000000000,0.000000000000000000,0.000000000000000000,20.000000000000000000
0.520000000000000000,0.000000000000000000,0.000000000000000000,0.000000000000000000,0.000000000000000000,0.000000000000000000,0.000000000000000000,20.000000000000000000
0.540000000000000000,0.000000000000000000,0.000000000000000000,0.000000000000000000,0.000000000000000000,0.000000000000000000,0.000000000000000000,20.000000000000000000
0.560000000000000000,0.000000000000000000,0.000000000000000000,0.000000000000000000,0.000000000000000000,0.000000000000000000,0.000000000000000000,20.000000000000000000
0.580000000000000000,0.000000000000000000,0.000000000000000000,0.000000000000000000,0.000000000000000000,0.000000000000000000,0.000000000000000000,20.000000000000000000
0.600000000000000000,0.000000000000000000,0.000000000000000000,0.000000000000000000,0.000000000000000000,0.000000000000000000,0.000000000000000000,20.000000000000000000
0.620000000000000000,0.000000000000000000,0.000000000000000000,0.000000000000000000,0.000000000000000000,0.000000000000000000,0.000000000000000000,20.000000000000000000
0.640000000000000000,0.000000000000000000,0.000000000000000000,0.000000000000000000,0.000000000000000000,0.000000000000000000,0.000000000000000000,20.000000000000000000
0.660000000000000000,0.000000000000000000,0.000000000000000000,0.000000000000000000,0.000000000000000000,0.000000000000000000,0.000000000000000000,20.000000000000000000
0.680000000000000000,0.000000000000000000,0.000000000000000000,0.000000000000000000,0.000000000000000000,0.000000000000000000,0.000000000000000000,20.000000000000000000
0.700000000000000000,0.000000000000000000,0.000000000000000000,0.000000000000000000,0.000000000000000000,0.000000000000000000,0.000000000000000000,20.000000000000000000
0.720000000000000000,0.000000000000000000,0.000000000000000000,0.000000000000000000,0.000000000000000000,0.000000000000000000,0.000000000000000000,20.000000000000000000
0.740000000000000000,0.000000000000000000,0.000000000000000000,0.000000000000000000,0.000000000000000000,0.000000000000000000,0.000000000000000000,20.000000000000000000
0.760000000000000000,0.000000000000000000,0.000000000000000000,0.000000000000000000,0.000000000000000000,0.000000000000000000,0.000000000000000000,20.000000000000000000
0.780000000000000000,0.000000000000000000,0.000000000000000000,0.000000000000000000,0.000000000000000000,0.000000000000000000,0.000000000000000000,20.000000000000000000
0.800000000000000000,0.000000000000000000,0.000000000000000000,0.000000000000000000,0.000000000000000000,0.000000000000000000,0.000000000000000000,20.000000000000000000
0.820000000000000000,0.000000000000000000,0.000000000000000000,0.000000000000000000,0.000000000000000000,0.000000000000000000,0.000000000000000000,20.000000000000000000
0.840000000000000000,0.000000000000000000,0.000000000000000000,0.000000000000000000,0.000000000000000000,0.000000000000000000,0.000000000000000000,20.000000000000000000
0.860000000000000000,0.000000000000000000,0.000000000000000000,0.000000000000000000,0.000000000000000000,0.000000000000000000,0.000000000000000000,20.000000000000000000
0.880000000000000000,0.000000000000000000,0.000000000000000000,0.000000000000000000,0.000000000000000000,0.000000000000000000,0.000000000000000000,20.000000000000000000
0.900000000000000000,0.000000000000000000,0.000000000000000000,0.000000000000000000,0.000000000000000000,0.000000000000000000,0.000000000000000000,20.000000000000000000
0.920000000000000000,0.000000000000000000,0.000000000000000000,0.000000000000000000,0.000000000000000000,0.000000000000000000,0.000000000000000000,20.000000000000000000
0.940000000000000000,0.000000000000000000,0.000000000000000000,0.000000000000000000,0.000000000000000000,0.000000000000000000,0.000000000000000000,20.000000000000000000
0.960000000000000000,0.000000000000000000,0.000000000000000000,0.000000000000000000,0.000000000000000000,0.000000000000000000,0.000000000000000000,20.000000000000000000
0.980000000000000000,0.000000000000000000,0.000000000000000000,0.000000000000000000,0.000000000000000000,0.000000000000000000,0.000000000000000000,20.000000000000000000
1.000000000000000000,0.000000000000000000,0.000000000000000000,0.000000000000000000,0.000000000000000000,0.000000000000000000,0.000000000000000000,20.000000000000000000
1.020000000000000000,0.000000000000000000,0.000000000000000000,0.000000000000000000,0.000000000000000000,0.000000000000000000,0.000000000000000000,20.000000000000000000
1.040000000000000000,0.000000000000000000,0.000000000000000000,0.000000000000000000,0.000000000000000000,0.000000000000000000,0.000000000000000000,20.000000000000000000
1.060000000000000000,0.000000000000000000,0.000000000000000000,0.000000000000000000,0.000000000000000000,0.000000000000000000,0.000000000000000000,17.666666666666666666
1.080000000000000000,0.000000000000000000,0.000000000000000000,0.000000000000000000,0.000000000000000000,0.000000000000000000,0.000000000000000000,13.500000000000000000
1.100000000000000000,0.000000000000000000,0.000000000000000000,0.000000000000000000,0.000000000000000000,0.000000000000000000,0.000000000000000000,11.000000000000000000
1.120000000000000000,0.000000000000000000,0.000000000000000000,0.000000000000000000,0.000000000000000000,0.000000000000000000,0.000000000000000000,9.333333333333333333
1.140000000000000000,0.000000000000000000,0.000000000000000000,0.000000000000000000,0.000000000000000000,0.000000000000000000,0.000000000000000000,8.142857142857142857
1.160000000000000000,0.000000000000000000,0.000000000000000000,0.000000000000000000,0.000000000000000000,0.000000000000000000,0.000000000000000000,7.250000000000000000
1.180000000000000000,0.000000000000000000,0.000000000000000000,0.000000000000000000,0.000000000000000000,0.000000000000000000,0.000000000000000000,6.555555555555555555
1.200000000000000000,0.000000000000000000,0.000000000000000000,0.000000000000000000,0.000000000000000000,0.000000000000000000,0.000000000000000000,6.000000000000000000
1.220000000000000000,0.000000000000000000,0.000000000000000000,0.000000000000000000,0.000000000000000000,0.000000000000000000,0.000000000000000000,5.545454545454545454
1.240000000000000000,0.000000000000000000,0.000000000000000000,0.000000000000000000,0.000000000000000000,0.000000000000000000,0.000000000000000000,5.166666666666666666
1.260000000000000000,0.000000000000000000,0.000000000000000000,0.000000000000000000,0.000000000000000000,0.000000000000000000,0.000000000000000000,4.846153846153846153
1.280000000000000000,0.000000000000000000,0.000000000000000000,0.000000000000000000,0.000000000000000000,0.000000000000000000,0.000000000000000000,4.571428571428571428
1.300000000000000000,0.000000000000000000,0.000000000000000000,0.000000000000000000,0.000000000000000000,0.000000000000000000,0.000000000000000000,4.333333333333333333
1.320000000000000000,0.000000000000000000,0.000000000000000000,0.000000000000000000,0.000000000000000000,0.000000000000000000,0.000000000000000000,4.125000000000000000
1.340000000000000000,0.000000000000000000,0.000000000000000000,0.000000000000000000,0.000000000000000000,0.000000000000000000,0.000000000000000000,3.941176470588235294
1.360000000000000000,0.000000000000000000,0.000000000000000000,0.000000000000000000,0.000000000000000000,0.000000000000000000,0.000000000000000000,3.777777777777777777
1.380000000000000000,0.000000000000000000,0.000000000000000000,0.000000000000000000,0.000000000000000000,0.000000000000000000,0.000000000000000000,3.631578947368421052
1.400000000000000000,0.000000000000000000,0.000000000000000000,0.000000000000000000,0.000000000000000000,0.000000000000000000,0.000000000000000000,3.500000000000000000
1.420000000000000000,0.000000000000000000,0.000000000000000000,0.000000000000000000,0.000000000000000000,0.000000000000000000,0.000000000000000000,3.380952380952380952
1.440000000000000000,0.000000000000000000,0.000000000000000000,0.000000000000000000,0.000000000000000000,0.000000000000000000,0.000000000000000000,3.272727272727272727
1.460000000000000000,0.000000000000000000,0.000000000000000000,0.000000000000000000,0.000000000000000000,0.000000000000000000,0.000000000000000000,3.173913043478260869
1.480000000000000000,0.000000000000000000,0.000000000000000000,0.000000000000000000,0.000000000000000000,0.000000000000000000,0.000000000000000000,3.083333333333333333
1.500000000000000000,0.000000000000000000,0.000000000000000000,0.000000000000000000,0.000000000000000000,0.000000000000000000,0.000000000000000000,3.000000000000000000
1.520000000000000000,0.000000000000000000,0.000000000000000000,0.000000000000000000,0.000000000000000000,0.000000000000000000,0.000000000000000000,2.923076923076923076
1.540000000000000000,0.000000000000000000,0.000000000000000000,0.000000000000000000,0.000000000000000000,0.000000000000000000,0.000000000000000000,2.851851851851851851
1.560000000000000000,0.000000000000000000,0.000000000000000000,0.000000000000000000,0.000000000000000000,0.000000000000000000,0.000000000000000000,2.785714285714285714
1.580000000000000000,0.000000000000000000,0.000000000000000000,0.000000000000000000,0.000000000000000000,0.000000000000000000,0.000000000000000000,2.724137931034482758
1.600000000000000000,0.000000000000000000,0.000000000000000000,0.000000000000000000,0.000000000000000000,0.000000000000000000,0.000000000000000000,2.666666666666666666
1.620000000000000000,0.000000000000000000,0.000000000000000000,0.000000000000000000,0.000000000000000000,0.000000000000000000,0.000000000000000000,2.612903225806451612
1.640000000000000000,0.000000000000000000,0.000000000000000000,0.000000000000000000,0.000000000000000000,0.000000000000000000,0.000000000000000000,2.562500000000000000
1.660000000000000000,0.000000000000000000,0.000000000000000000,0.000000000000000000,0.000000000000000000,0.000000000000000000,0.000000000000000000,2.515151515151515151
1.680000000000000000,0.000000000000000000,0.000000000000000000,0.000000000000000000,0.000000000000000000,0.000000000000000000,0.000000000000000000,2.470588235294117647
1.700000000000000000,0.000000000000000000,0.000000000000000000,0.000000000000000000,0.000000000000000000,0.000000000000000000,0.000000000000000000,2.428571428571428571
1.720000000000000000,0.000000000000000000,0.000000000000000000,0.000000000000000000,0.000000000000000000,0.000000000000000000,0.000000000000000000,2.388888888888888888
1.740000000000000000,0.000000000000000000,0.000000000000000000,0.000000000000000000,0.000000000000000000,0.000000000000000000,0.000000000000000000,2.351351351351351351
1.760000000000000000,0.000000000000000000,0.000000000000000000,0.000000000000000000,0.000000000000000000,0.000000000000000000,0.000000000000000000,2.315789473684210526
1.780000000000000000,0.000000000000000000,0.000000000000000000,0.000000000000000000,0.000000000000000000,0.000000000000000000,0.000000000000000000,2.282051282051282051
1.800000000000000000,0.000000000000000000,0.000000000000000000,0.000000000000000000,0.000000000000000000,0.000000000000000000,0.000000000000000000,2.250000000000000000
1.820000000000000000,0.000000000000000000,0.000000000000000000,0.000000000000000000,0.000000000000000000,0.000000000000000000,0.000000000000000000,2.219512195121951219
1.840000000000000000,0.000000000000000000,0.000000000000000000,0.000000000000000000,0.000000000000000000,0.000000000000000000,0.000000000000000000,2.190476190476190476
1.860000000000000000,0.000000000000000000,0.000000000000000000,0.000000000000000000,0.000000000000000000,0.000000000000000000,0.000000000000000000,2.162790697674418604
1.880000000000000000,0.000000000000000000,0.000000000000000000,0.000000000000000000,0.000000000000000000,0.000000000000000000,0.000000000000000000,2.136363636363636363
1.900000000000000000,0.000000000000000000,0.000000000000000000,0.000000000000000000,0.000000000000000000,0.000000000000000000,0.000000000000000000,2.111111111111111111
1.920000000000000000,0.000000000000000000,0.000000000000000000,0.000000000000000000,0.000000000000000000,0.000000000000000000,0.000000000000000000,2.086956521739130434
1.940000000000000000,0.000000000000000000,0.000000000000000000,0.000000000000000000,0.000000000000000000,0.000000000000000000,0.000000000000000000,2.063829787234042553
1.960000000000000000,0.000000000000000000,0.000000000000000000,0.000000000000000000,0.000000000000000000,0.000000000000000000,0.000000000000000000,2.041666666666666666
1.980000000000000000,0.000000000000000000,0.000000000000000000,0.000000000000000000,0.000000000000000000,0.000000000000000000,0.000000000000000000,2.020408163265306122
2.000000000000000000,0.000000000000000000,0.000000000000000000,0.000000000000000000,0.000000000000000000,0.000000000000000000,0.000000000000000000,2.000000000000000000
2.020000000000000000,0.000000000000000000,0.000000000000000000,0.000000000000000000,0.000000000000000000,0.000000000000000000,0.000000000000000000,1.980392156862745098
2.040000000000000000,0.000000000000000000,0.000000000000000000,0.000000000000000000,0.000000000000000000,0.000000000000000000,0.000000000000000000,1.961538461538461538
2.060000000000000000,0.000000000000000000,0.000000000000000000,0.000000000000000000,0.000000000000000000,0.000000000000000000,0.000000000000000000,1.943396226415094339
2.080000000000000000,0.000000000000000000,0.000000000000000000,0.000000000000000000,0.000000000000000000,0.000000000000000000,0.000000000000000000,1.925925925925925925
2.100000000000000000,0.000000000000000000,0.000000000000000000,0.000000000000000000,0.000000000000000000,0.000000000000000000,0.000000000000000000,1.909090909090909090
2.120000000000000000,0.000000000000000000,0.000000000000000000,0.000000000000000000,0.000000000000000000,0.000000000000000000,0.000000000000000000,1.892857142857142857
2.140000000000000000,0.000000000000000000,0.000000000000000000,0.000000000000000000,0.000000000000000000,0.000000000000000000,0.000000000000000000,1.877192982456140350
2.160000000000000000,0.000000000000000000,0.000000000000000000,0.000000000000000000,0.000000000000000000,0.000000000000000000,0.000000000000000000,1.862068965517241379
2.180000000000000000,0.000000000000000000,0.000000000000000000,0.000000000000000000,0.000000000000000000,0.000000000000000000,0.000000000000000000,1.847457627118644067
2.200000000000000000,0.000000000000000000,0.000000000000000000,0.000000000000000000,0.000000000000000000,0.000000000000000000,0.000000000000000000,1.833333333333333333
2.220000000000000000,0.000000000000000000,0.000000000000000000,0.000000000000000000,0.000000000000000000,0.000000000000000000,0.000000000000000000,1.819672131147540983
2.240000000000000000,0.000000000000000000,0.000000000000000000,0.000000000000000000,0.000000000000000000,0.000000000000000000,0.000000000000000000,1.806451612903225806
2.260000000000000000,0.000000000000000000,0.000000000000000000,0.000000000000000000,0.000000000000000000,0.000000000000000000,0.000000000000000000,1.793650793650793650
2.280000000000000000,0.000000000000000000,0.000000000000000000,0.000000000000000000,0.000000000000000000,0.000000000000000000,0.000000000000000000,1.781250000000000000
2.300000000000000000,0.000000000000000000,0.000000000000000000,0.000000000000000000,0.000000000000000000,0.000000000000000000,0.000000000000000000,1.769230769230769230
2.320000000000000000,0.000000000000000000,0.000000000000000000,0.000000000000000000,0.000000000000000000,0.000000000000000000,0.000000000000000000,1.757575757575757575
2.340000000000000000,0.000000000000000000,0.000000000000000000,0.000000000000000000,0.000000000000000000,0.000000000000000000,0.000000000000000000,1.746268656716417910
2.360000000000000000,0.000000000000000000,0.000000000000000000,0.000000000000000000,0.000000000000000000,0.000000000000000000,0.000000000000000000,1.735294117647058823
2.380000000000000000,0.000000000000000000,0.000000000000000000,0.000000000000000000,0.000000000000000000,0.000000000000000000,0.000000000000000000,1.724637681159420289
2.400000000000000000,0.000000000000000000,0.000000000000000000,0.000000000000000000,0.000000000000000000,0.000000000000000000,0.000000000000000000,1.714285714285714285
