current CR,before CR,after CR,before minter pegged,after minter pegged,before SPCollateral pegged,after SPCollateral pegged,before SPLeveraged pegged,after SPLeveraged pegged,before leveraged price,after leveraged price
0.010000000000000000,0.010000000000000000,0.010000000000000000,1000000.000000000000000000,600001.000000000000000000,400000.000000000000000000,1.000000000000000000,400000.000000000000000000,400000.000000000000000000,0.000000000000000000,0.000000000000000000
0.020000000000000000,0.020000000000000000,0.020000000000000000,1000000.000000000000000000,600001.000000000000000000,400000.000000000000000000,1.000000000000000000,400000.000000000000000000,400000.000000000000000000,0.000000000000000000,0.000000000000000000
0.030000000000000000,0.030000000000000000,0.030000000000000000,1000000.000000000000000000,600001.000000000000000000,400000.000000000000000000,1.000000000000000000,400000.000000000000000000,400000.000000000000000000,0.000000000000000000,0.000000000000000000
0.040000000000000000,0.040000000000000000,0.040000000000000000,1000000.000000000000000000,600001.000000000000000000,400000.000000000000000000,1.000000000000000000,400000.000000000000000000,400000.000000000000000000,0.000000000000000000,0.000000000000000000
0.050000000000000000,0.050000000000000000,0.050000000000000000,1000000.000000000000000000,600001.000000000000000000,400000.000000000000000000,1.000000000000000000,400000.000000000000000000,400000.000000000000000000,0.000000000000000000,0.000000000000000000
0.060000000000000000,0.060000000000000000,0.060000000000000000,1000000.000000000000000000,600001.000000000000000000,400000.000000000000000000,1.000000000000000000,400000.000000000000000000,400000.000000000000000000,0.000000000000000000,0.000000000000000000
0.070000000000000000,0.070000000000000000,0.070000000000000000,1000000.000000000000000000,600001.000000000000000000,400000.000000000000000000,1.000000000000000000,400000.000000000000000000,400000.000000000000000000,0.000000000000000000,0.000000000000000000
0.080000000000000000,0.080000000000000000,0.080000000000000000,1000000.000000000000000000,600001.000000000000000000,400000.000000000000000000,1.000000000000000000,400000.000000000000000000,400000.000000000000000000,0.000000000000000000,0.000000000000000000
0.090000000000000000,0.090000000000000000,0.090000000000000000,1000000.000000000000000000,600001.000000000000000000,400000.000000000000000000,1.000000000000000000,400000.000000000000000000,400000.000000000000000000,0.000000000000000000,0.000000000000000000
0.100000000000000000,0.100000000000000000,0.100000000000000000,1000000.000000000000000000,600001.000000000000000000,400000.000000000000000000,1.000000000000000000,400000.000000000000000000,400000.000000000000000000,0.000000000000000000,0.000000000000000000
0.110000000000000000,0.110000000000000000,0.110000000000000000,1000000.000000000000000000,600001.000000000000000000,400000.000000000000000000,1.000000000000000000,400000.000000000000000000,400000.000000000000000000,0.000000000000000000,0.000000000000000000
0.120000000000000000,0.120000000000000000,0.120000000000000000,1000000.000000000000000000,600001.000000000000000000,400000.000000000000000000,1.000000000000000000,400000.000000000000000000,400000.000000000000000000,0.000000000000000000,0.000000000000000000
0.130000000000000000,0.130000000000000000,0.130000000000000000,1000000.000000000000000000,600001.000000000000000000,400000.000000000000000000,1.000000000000000000,400000.000000000000000000,400000.000000000000000000,0.000000000000000000,0.000000000000000000
0.140000000000000000,0.140000000000000000,0.140000000000000000,1000000.000000000000000000,600001.000000000000000000,400000.000000000000000000,1.000000000000000000,400000.000000000000000000,400000.000000000000000000,0.000000000000000000,0.000000000000000000
0.150000000000000000,0.150000000000000000,0.150000000000000000,1000000.000000000000000000,600001.000000000000000000,400000.000000000000000000,1.000000000000000000,400000.000000000000000000,400000.000000000000000000,0.000000000000000000,0.000000000000000000
0.160000000000000000,0.160000000000000000,0.160000000000000000,1000000.000000000000000000,600001.000000000000000000,400000.000000000000000000,1.000000000000000000,400000.000000000000000000,400000.000000000000000000,0.000000000000000000,0.000000000000000000
0.170000000000000000,0.170000000000000000,0.170000000000000000,1000000.000000000000000000,600001.000000000000000000,400000.000000000000000000,1.000000000000000000,400000.000000000000000000,400000.000000000000000000,0.000000000000000000,0.000000000000000000
0.180000000000000000,0.180000000000000000,0.180000000000000000,1000000.000000000000000000,600001.000000000000000000,400000.000000000000000000,1.000000000000000000,400000.000000000000000000,400000.000000000000000000,0.000000000000000000,0.000000000000000000
0.190000000000000000,0.190000000000000000,0.190000000000000000,1000000.000000000000000000,600001.000000000000000000,400000.000000000000000000,1.000000000000000000,400000.000000000000000000,400000.000000000000000000,0.000000000000000000,0.000000000000000000
0.200000000000000000,0.200000000000000000,0.200000000000000000,1000000.000000000000000000,600001.000000000000000000,400000.000000000000000000,1.000000000000000000,400000.000000000000000000,400000.000000000000000000,0.000000000000000000,0.000000000000000000
0.210000000000000000,0.210000000000000000,0.210000000000000000,1000000.000000000000000000,600001.000000000000000000,400000.000000000000000000,1.000000000000000000,400000.000000000000000000,400000.000000000000000000,0.000000000000000000,0.000000000000000000
0.220000000000000000,0.220000000000000000,0.220000000000000000,1000000.000000000000000000,600001.000000000000000000,400000.000000000000000000,1.000000000000000000,400000.000000000000000000,400000.000000000000000000,0.000000000000000000,0.000000000000000000
0.230000000000000000,0.230000000000000000,0.230000000000000000,1000000.000000000000000000,600001.000000000000000000,400000.000000000000000000,1.000000000000000000,400000.000000000000000000,400000.000000000000000000,0.000000000000000000,0.000000000000000000
0.240000000000000000,0.240000000000000000,0.240000000000000000,1000000.000000000000000000,600001.000000000000000000,400000.000000000000000000,1.000000000000000000,400000.000000000000000000,400000.000000000000000000,0.000000000000000000,0.000000000000000000
0.250000000000000000,0.250000000000000000,0.250000000000000000,1000000.000000000000000000,600001.000000000000000000,400000.000000000000000000,1.000000000000000000,400000.000000000000000000,400000.000000000000000000,0.000000000000000000,0.000000000000000000
0.260000000000000000,0.260000000000000000,0.260000000000000000,1000000.000000000000000000,600001.000000000000000000,400000.000000000000000000,1.000000000000000000,400000.000000000000000000,400000.000000000000000000,0.000000000000000000,0.000000000000000000
0.270000000000000000,0.270000000000000000,0.270000000000000000,1000000.000000000000000000,600001.000000000000000000,400000.000000000000000000,1.000000000000000000,400000.000000000000000000,400000.000000000000000000,0.000000000000000000,0.000000000000000000
0.280000000000000000,0.280000000000000000,0.280000000000000000,1000000.000000000000000000,600001.000000000000000000,400000.000000000000000000,1.000000000000000000,400000.000000000000000000,400000.000000000000000000,0.000000000000000000,0.000000000000000000
0.290000000000000000,0.290000000000000000,0.290000000000000000,1000000.000000000000000000,600001.000000000000000000,400000.000000000000000000,1.000000000000000000,400000.000000000000000000,400000.000000000000000000,0.000000000000000000,0.000000000000000000
0.300000000000000000,0.300000000000000000,0.300000000000000000,1000000.000000000000000000,600001.000000000000000000,400000.000000000000000000,1.000000000000000000,400000.000000000000000000,400000.000000000000000000,0.000000000000000000,0.000000000000000000
0.310000000000000000,0.310000000000000000,0.310000000000000000,1000000.000000000000000000,600001.000000000000000000,400000.000000000000000000,1.000000000000000000,400000.000000000000000000,400000.000000000000000000,0.000000000000000000,0.000000000000000000
0.320000000000000000,0.320000000000000000,0.320000000000000000,1000000.000000000000000000,600001.000000000000000000,400000.000000000000000000,1.000000000000000000,400000.000000000000000000,400000.000000000000000000,0.000000000000000000,0.000000000000000000
0.330000000000000000,0.330000000000000000,0.330000000000000000,1000000.000000000000000000,600001.000000000000000000,400000.000000000000000000,1.000000000000000000,400000.000000000000000000,400000.000000000000000000,0.000000000000000000,0.000000000000000000
0.340000000000000000,0.340000000000000000,0.340000000000000000,1000000.000000000000000000,600001.000000000000000000,400000.000000000000000000,1.000000000000000000,400000.000000000000000000,400000.000000000000000000,0.000000000000000000,0.000000000000000000
0.350000000000000000,0.350000000000000000,0.350000000000000000,1000000.000000000000000000,600001.000000000000000000,400000.000000000000000000,1.000000000000000000,400000.000000000000000000,400000.000000000000000000,0.000000000000000000,0.000000000000000000
0.360000000000000000,0.360000000000000000,0.360000000000000000,1000000.000000000000000000,600001.000000000000000000,400000.000000000000000000,1.000000000000000000,400000.000000000000000000,400000.000000000000000000,0.000000000000000000,0.000000000000000000
0.370000000000000000,0.370000000000000000,0.370000000000000000,1000000.000000000000000000,600001.000000000000000000,400000.000000000000000000,1.000000000000000000,400000.000000000000000000,400000.000000000000000000,0.000000000000000000,0.000000000000000000
0.380000000000000000,0.380000000000000000,0.380000000000000000,1000000.000000000000000000,600001.000000000000000000,400000.000000000000000000,1.000000000000000000,400000.000000000000000000,400000.000000000000000000,0.000000000000000000,0.000000000000000000
0.390000000000000000,0.390000000000000000,0.390000000000000000,1000000.000000000000000000,600001.000000000000000000,400000.000000000000000000,1.000000000000000000,400000.000000000000000000,400000.000000000000000000,0.000000000000000000,0.000000000000000000
0.400000000000000000,0.400000000000000000,0.400000000000000000,1000000.000000000000000000,600001.000000000000000000,400000.000000000000000000,1.000000000000000000,400000.000000000000000000,400000.000000000000000000,0.000000000000000000,0.000000000000000000
0.410000000000000000,0.410000000000000000,0.410000000000000000,1000000.000000000000000000,600001.000000000000000000,400000.000000000000000000,1.000000000000000000,400000.000000000000000000,400000.000000000000000000,0.000000000000000000,0.000000000000000000
0.420000000000000000,0.420000000000000000,0.420000000000000000,1000000.000000000000000000,600001.000000000000000000,400000.000000000000000000,1.000000000000000000,400000.000000000000000000,400000.000000000000000000,0.000000000000000000,0.000000000000000000
0.430000000000000000,0.430000000000000000,0.430000000000000000,1000000.000000000000000000,600001.000000000000000000,400000.000000000000000000,1.000000000000000000,400000.000000000000000000,400000.000000000000000000,0.000000000000000000,0.000000000000000000
0.440000000000000000,0.440000000000000000,0.440000000000000000,1000000.000000000000000000,600001.000000000000000000,400000.000000000000000000,1.000000000000000000,400000.000000000000000000,400000.000000000000000000,0.000000000000000000,0.000000000000000000
0.450000000000000000,0.450000000000000000,0.450000000000000000,1000000.000000000000000000,600001.000000000000000000,400000.000000000000000000,1.000000000000000000,400000.000000000000000000,400000.000000000000000000,0.000000000000000000,0.000000000000000000
0.460000000000000000,0.460000000000000000,0.460000000000000000,1000000.000000000000000000,600001.000000000000000000,400000.000000000000000000,1.000000000000000000,400000.000000000000000000,400000.000000000000000000,0.000000000000000000,0.000000000000000000
0.470000000000000000,0.470000000000000000,0.470000000000000000,1000000.000000000000000000,600001.000000000000000000,400000.000000000000000000,1.000000000000000000,400000.000000000000000000,400000.000000000000000000,0.000000000000000000,0.000000000000000000
0.480000000000000000,0.480000000000000000,0.480000000000000000,1000000.000000000000000000,600001.000000000000000000,400000.000000000000000000,1.000000000000000000,400000.000000000000000000,400000.000000000000000000,0.000000000000000000,0.000000000000000000
0.490000000000000000,0.490000000000000000,0.490000000000000000,1000000.000000000000000000,600001.000000000000000000,400000.000000000000000000,1.000000000000000000,400000.000000000000000000,400000.000000000000000000,0.000000000000000000,0.000000000000000000
0.500000000000000000,0.500000000000000000,0.500000000000000000,1000000.000000000000000000,600001.000000000000000000,400000.000000000000000000,1.000000000000000000,400000.000000000000000000,400000.000000000000000000,0.000000000000000000,0.000000000000000000
0.510000000000000000,0.510000000000000000,0.510000000000000000,1000000.000000000000000000,600001.000000000000000000,400000.000000000000000000,1.000000000000000000,400000.000000000000000000,400000.000000000000000000,0.000000000000000000,0.000000000000000000
0.520000000000000000,0.520000000000000000,0.520000000000000000,1000000.000000000000000000,600001.000000000000000000,400000.000000000000000000,1.000000000000000000,400000.000000000000000000,400000.000000000000000000,0.000000000000000000,0.000000000000000000
0.530000000000000000,0.530000000000000000,0.530000000000000000,1000000.000000000000000000,600001.000000000000000000,400000.000000000000000000,1.000000000000000000,400000.000000000000000000,400000.000000000000000000,0.000000000000000000,0.000000000000000000
0.540000000000000000,0.540000000000000000,0.540000000000000000,1000000.000000000000000000,600001.000000000000000000,400000.000000000000000000,1.000000000000000000,400000.000000000000000000,400000.000000000000000000,0.000000000000000000,0.000000000000000000
0.550000000000000000,0.550000000000000000,0.550000000000000000,1000000.000000000000000000,600001.000000000000000000,400000.000000000000000000,1.000000000000000000,400000.000000000000000000,400000.000000000000000000,0.000000000000000000,0.000000000000000000
0.560000000000000000,0.560000000000000000,0.560000000000000000,1000000.000000000000000000,600001.000000000000000000,400000.000000000000000000,1.000000000000000000,400000.000000000000000000,400000.000000000000000000,0.000000000000000000,0.000000000000000000
0.570000000000000000,0.570000000000000000,0.570000000000000000,1000000.000000000000000000,600001.000000000000000000,400000.000000000000000000,1.000000000000000000,400000.000000000000000000,400000.000000000000000000,0.000000000000000000,0.000000000000000000
0.580000000000000000,0.580000000000000000,0.580000000000000000,1000000.000000000000000000,600001.000000000000000000,400000.000000000000000000,1.000000000000000000,400000.000000000000000000,400000.000000000000000000,0.000000000000000000,0.000000000000000000
0.590000000000000000,0.590000000000000000,0.590000000000000000,1000000.000000000000000000,600001.000000000000000000,400000.000000000000000000,1.000000000000000000,400000.000000000000000000,400000.000000000000000000,0.000000000000000000,0.000000000000000000
0.600000000000000000,0.600000000000000000,0.600000000000000000,1000000.000000000000000000,600001.000000000000000000,400000.000000000000000000,1.000000000000000000,400000.000000000000000000,400000.000000000000000000,0.000000000000000000,0.000000000000000000
0.610000000000000000,0.610000000000000000,0.610000000000000000,1000000.000000000000000000,600001.000000000000000000,400000.000000000000000000,1.000000000000000000,400000.000000000000000000,400000.000000000000000000,0.000000000000000000,0.000000000000000000
0.620000000000000000,0.620000000000000000,0.620000000000000000,1000000.000000000000000000,600001.000000000000000000,400000.000000000000000000,1.000000000000000000,400000.000000000000000000,400000.000000000000000000,0.000000000000000000,0.000000000000000000
0.630000000000000000,0.630000000000000000,0.630000000000000000,1000000.000000000000000000,600001.000000000000000000,400000.000000000000000000,1.000000000000000000,400000.000000000000000000,400000.000000000000000000,0.000000000000000000,0.000000000000000000
0.640000000000000000,0.640000000000000000,0.640000000000000000,1000000.000000000000000000,600001.000000000000000000,400000.000000000000000000,1.000000000000000000,400000.000000000000000000,400000.000000000000000000,0.000000000000000000,0.000000000000000000
0.650000000000000000,0.650000000000000000,0.650000000000000000,1000000.000000000000000000,600001.000000000000000000,400000.000000000000000000,1.000000000000000000,400000.000000000000000000,400000.000000000000000000,0.000000000000000000,0.000000000000000000
0.660000000000000000,0.660000000000000000,0.660000000000000000,1000000.000000000000000000,600001.000000000000000000,400000.000000000000000000,1.000000000000000000,400000.000000000000000000,400000.000000000000000000,0.000000000000000000,0.000000000000000000
0.670000000000000000,0.670000000000000000,0.670000000000000000,1000000.000000000000000000,600001.000000000000000000,400000.000000000000000000,1.000000000000000000,400000.000000000000000000,400000.000000000000000000,0.000000000000000000,0.000000000000000000
0.680000000000000000,0.680000000000000000,0.680000000000000000,1000000.000000000000000000,600001.000000000000000000,400000.000000000000000000,1.000000000000000000,400000.000000000000000000,400000.000000000000000000,0.000000000000000000,0.000000000000000000
0.690000000000000000,0.690000000000000000,0.690000000000000000,1000000.000000000000000000,600001.000000000000000000,400000.000000000000000000,1.000000000000000000,400000.000000000000000000,400000.000000000000000000,0.000000000000000000,0.000000000000000000
0.700000000000000000,0.700000000000000000,0.700000000000000000,1000000.000000000000000000,600001.000000000000000000,400000.000000000000000000,1.000000000000000000,400000.000000000000000000,400000.000000000000000000,0.000000000000000000,0.000000000000000000
0.710000000000000000,0.710000000000000000,0.710000000000000000,1000000.000000000000000000,600001.000000000000000000,400000.000000000000000000,1.000000000000000000,400000.000000000000000000,400000.000000000000000000,0.000000000000000000,0.000000000000000000
0.720000000000000000,0.720000000000000000,0.720000000000000000,1000000.000000000000000000,600001.000000000000000000,400000.000000000000000000,1.000000000000000000,400000.000000000000000000,400000.000000000000000000,0.000000000000000000,0.000000000000000000
0.730000000000000000,0.730000000000000000,0.730000000000000000,1000000.000000000000000000,600001.000000000000000000,400000.000000000000000000,1.000000000000000000,400000.000000000000000000,400000.000000000000000000,0.000000000000000000,0.000000000000000000
0.740000000000000000,0.740000000000000000,0.740000000000000000,1000000.000000000000000000,600001.000000000000000000,400000.000000000000000000,1.000000000000000000,400000.000000000000000000,400000.000000000000000000,0.000000000000000000,0.000000000000000000
0.750000000000000000,0.750000000000000000,0.750000000000000000,1000000.000000000000000000,600001.000000000000000000,400000.000000000000000000,1.000000000000000000,400000.000000000000000000,400000.000000000000000000,0.000000000000000000,0.000000000000000000
0.760000000000000000,0.760000000000000000,0.760000000000000000,1000000.000000000000000000,600001.000000000000000000,400000.000000000000000000,1.000000000000000000,400000.000000000000000000,400000.000000000000000000,0.000000000000000000,0.000000000000000000
0.770000000000000000,0.770000000000000000,0.770000000000000000,1000000.000000000000000000,600001.000000000000000000,400000.000000000000000000,1.000000000000000000,400000.000000000000000000,400000.000000000000000000,0.000000000000000000,0.000000000000000000
0.780000000000000000,0.780000000000000000,0.780000000000000000,1000000.000000000000000000,600001.000000000000000000,400000.000000000000000000,1.000000000000000000,400000.000000000000000000,400000.000000000000000000,0.000000000000000000,0.000000000000000000
0.790000000000000000,0.790000000000000000,0.790000000000000000,1000000.000000000000000000,600001.000000000000000000,400000.000000000000000000,1.000000000000000000,400000.000000000000000000,400000.000000000000000000,0.000000000000000000,0.000000000000000000
0.800000000000000000,0.800000000000000000,0.800000000000000000,1000000.000000000000000000,600001.000000000000000000,400000.000000000000000000,1.000000000000000000,400000.000000000000000000,400000.000000000000000000,0.000000000000000000,0.000000000000000000
0.810000000000000000,0.810000000000000000,0.810000000000000000,1000000.000000000000000000,600001.000000000000000000,400000.000000000000000000,1.000000000000000000,400000.000000000000000000,400000.000000000000000000,0.000000000000000000,0.000000000000000000
0.820000000000000000,0.820000000000000000,0.820000000000000000,1000000.000000000000000000,600001.000000000000000000,400000.000000000000000000,1.000000000000000000,400000.000000000000000000,400000.000000000000000000,0.000000000000000000,0.000000000000000000
0.830000000000000000,0.830000000000000000,0.830000000000000000,1000000.000000000000000000,600001.000000000000000000,400000.000000000000000000,1.000000000000000000,400000.000000000000000000,400000.000000000000000000,0.000000000000000000,0.000000000000000000
0.840000000000000000,0.840000000000000000,0.840000000000000000,1000000.000000000000000000,600001.000000000000000000,400000.000000000000000000,1.000000000000000000,400000.000000000000000000,400000.000000000000000000,0.000000000000000000,0.000000000000000000
0.850000000000000000,0.850000000000000000,0.850000000000000000,1000000.000000000000000000,600001.000000000000000000,400000.000000000000000000,1.000000000000000000,400000.000000000000000000,400000.000000000000000000,0.000000000000000000,0.000000000000000000
0.860000000000000000,0.860000000000000000,0.860000000000000000,1000000.000000000000000000,600001.000000000000000000,400000.000000000000000000,1.000000000000000000,400000.000000000000000000,400000.000000000000000000,0.000000000000000000,0.000000000000000000
0.870000000000000000,0.870000000000000000,0.870000000000000000,1000000.000000000000000000,600001.000000000000000000,400000.000000000000000000,1.000000000000000000,400000.000000000000000000,400000.000000000000000000,0.000000000000000000,0.000000000000000000
0.880000000000000000,0.880000000000000000,0.880000000000000000,1000000.000000000000000000,600001.000000000000000000,400000.000000000000000000,1.000000000000000000,400000.000000000000000000,400000.000000000000000000,0.000000000000000000,0.000000000000000000
0.890000000000000000,0.890000000000000000,0.890000000000000000,1000000.000000000000000000,600001.000000000000000000,400000.000000000000000000,1.000000000000000000,400000.000000000000000000,400000.000000000000000000,0.000000000000000000,0.000000000000000000
0.900000000000000000,0.900000000000000000,0.900000000000000000,1000000.000000000000000000,600001.000000000000000000,400000.000000000000000000,1.000000000000000000,400000.000000000000000000,400000.000000000000000000,0.000000000000000000,0.000000000000000000
0.910000000000000000,0.910000000000000000,0.910000000000000000,1000000.000000000000000000,600001.000000000000000000,400000.000000000000000000,1.000000000000000000,400000.000000000000000000,400000.000000000000000000,0.000000000000000000,0.000000000000000000
0.920000000000000000,0.920000000000000000,0.920000000000000000,1000000.000000000000000000,600001.000000000000000000,400000.000000000000000000,1.000000000000000000,400000.000000000000000000,400000.000000000000000000,0.000000000000000000,0.000000000000000000
0.930000000000000000,0.930000000000000000,0.930000000000000000,1000000.000000000000000000,600001.000000000000000000,400000.000000000000000000,1.000000000000000000,400000.000000000000000000,400000.000000000000000000,0.000000000000000000,0.000000000000000000
0.940000000000000000,0.940000000000000000,0.940000000000000000,1000000.000000000000000000,600001.000000000000000000,400000.000000000000000000,1.000000000000000000,400000.000000000000000000,400000.000000000000000000,0.000000000000000000,0.000000000000000000
0.950000000000000000,0.950000000000000000,0.950000000000000000,1000000.000000000000000000,600001.000000000000000000,400000.000000000000000000,1.000000000000000000,400000.000000000000000000,400000.000000000000000000,0.000000000000000000,0.000000000000000000
0.960000000000000000,0.960000000000000000,0.960000000000000000,1000000.000000000000000000,600001.000000000000000000,400000.000000000000000000,1.000000000000000000,400000.000000000000000000,400000.000000000000000000,0.000000000000000000,0.000000000000000000
0.970000000000000000,0.970000000000000000,0.970000000000000000,1000000.000000000000000000,600001.000000000000000000,400000.000000000000000000,1.000000000000000000,400000.000000000000000000,400000.000000000000000000,0.000000000000000000,0.000000000000000000
0.980000000000000000,0.980000000000000000,0.980000000000000000,1000000.000000000000000000,600001.000000000000000000,400000.000000000000000000,1.000000000000000000,400000.000000000000000000,400000.000000000000000000,0.000000000000000000,0.000000000000000000
0.990000000000000000,0.990000000000000000,0.990000000000000000,1000000.000000000000000000,600001.000000000000000000,400000.000000000000000000,1.000000000000000000,400000.000000000000000000,400000.000000000000000000,0.000000000000000000,0.000000000000000000
1.000000000000000000,1.000000000000000000,1.000000000000000000,1000000.000000000000000000,600001.000000000000000000,400000.000000000000000000,1.000000000000000000,400000.000000000000000000,400000.000000000000000000,0.000000000000000000,0.000000000000000000
1.010000000000000000,1.010000000000000000,1.016666638888935185,1000000.000000000000000000,600001.000000000000000000,400000.000000000000000000,1.000000000000000000,400000.000000000000000000,400000.000000000000000000,0.010000000000000000,0.010000000000000000
1.020000000000000000,1.020000000000000000,1.033333277777870370,1000000.000000000000000000,600001.000000000000000000,400000.000000000000000000,1.000000000000000000,400000.000000000000000000,400000.000000000000000000,0.020000000000000000,0.020000000000000000
1.030000000000000000,1.030000000000000000,1.049999916666805555,1000000.000000000000000000,600001.000000000000000000,400000.000000000000000000,1.000000000000000000,400000.000000000000000000,400000.000000000000000000,0.030000000000000000,0.030000000000000000
1.040000000000000000,1.040000000000000000,1.066666555555740740,1000000.000000000000000000,600001.000000000000000000,400000.000000000000000000,1.000000000000000000,400000.000000000000000000,400000.000000000000000000,0.040000000000000000,0.040000000000000000
1.050000000000000000,1.050000000000000000,1.083333194444675925,1000000.000000000000000000,600001.000000000000000000,400000.000000000000000000,1.000000000000000000,400000.000000000000000000,400000.000000000000000000,0.050000000000000000,0.050000000000000000
1.052500000000000000,1.052500000000000000,1.087499854166909721,1000000.000000000000000000,600001.000000000000000000,400000.000000000000000000,1.000000000000000000,400000.000000000000000000,400000.000000000000000000,0.052500000000000000,0.052500000000000000
1.052812500000000000,1.052812500000000000,1.300000000000000000,1000000.000000000000000000,691015.624999999999999999,400000.000000000000000000,245507.812500000000000000,400000.000000000000000000,245507.812499999999999999,0.052812500000000000,0.052812500000000000
1.053125000000000000,1.053125000000000000,1.300000000000000000,1000000.000000000000000000,691406.249999999999999999,400000.000000000000000000,245703.125000000000000000,400000.000000000000000000,245703.124999999999999999,0.053125000000000000,0.053125000000000000
1.053750000000000000,1.053750000000000000,1.300000000000000000,1000000.000000000000000000,692187.499999999999999999,400000.000000000000000000,246093.750000000000000000,400000.000000000000000000,246093.749999999999999999,0.053750000000000000,0.053750000000000000
1.055000000000000000,1.055000000000000000,1.300000000000000000,1000000.000000000000000000,693749.999999999999999999,400000.000000000000000000,246875.000000000000000000,400000.000000000000000000,246874.999999999999999999,0.055000000000000000,0.055000000000000000
1.060000000000000000,1.060000000000000000,1.300000000000000000,1000000.000000000000000000,699999.999999999999999999,400000.000000000000000000,250000.000000000000000000,400000.000000000000000000,249999.999999999999999999,0.060000000000000000,0.060000000000000000
1.070000000000000000,1.070000000000000000,1.300000000000000000,1000000.000000000000000000,712499.999999999999999999,400000.000000000000000000,256250.000000000000000000,400000.000000000000000000,256249.999999999999999999,0.070000000000000000,0.070000000000000000
1.080000000000000000,1.080000000000000000,1.300000000000000000,1000000.000000000000000000,724999.999999999999999999,400000.000000000000000000,262500.000000000000000000,400000.000000000000000000,262499.999999999999999999,0.080000000000000000,0.080000000000000000
1.090000000000000000,1.090000000000000000,1.300000000000000000,1000000.000000000000000000,737499.999999999999999999,400000.000000000000000000,268750.000000000000000000,400000.000000000000000000,268749.999999999999999999,0.090000000000000000,0.090000000000000000
1.100000000000000000,1.100000000000000000,1.300000000000000000,1000000.000000000000000000,749999.999999999999999999,400000.000000000000000000,275000.000000000000000000,400000.000000000000000000,274999.999999999999999999,0.100000000000000000,0.100000000000000000
1.110000000000000000,1.110000000000000000,1.300000000000000000,1000000.000000000000000000,762499.999999999999999999,400000.000000000000000000,281250.000000000000000000,400000.000000000000000000,281249.999999999999999999,0.110000000000000000,0.110000000000000000
1.120000000000000000,1.120000000000000000,1.300000000000000000,1000000.000000000000000000,774999.999999999999999999,400000.000000000000000000,287500.000000000000000000,400000.000000000000000000,287499.999999999999999999,0.120000000000000000,0.120000000000000000
1.130000000000000000,1.130000000000000000,1.300000000000000000,1000000.000000000000000000,787499.999999999999999999,400000.000000000000000000,293750.000000000000000000,400000.000000000000000000,293749.999999999999999999,0.130000000000000000,0.130000000000000000
1.140000000000000000,1.140000000000000000,1.300000000000000000,1000000.000000000000000000,799999.999999999999999999,400000.000000000000000000,300000.000000000000000000,400000.000000000000000000,299999.999999999999999999,0.140000000000000000,0.140000000000000000
1.150000000000000000,1.150000000000000000,1.300000000000000000,1000000.000000000000000000,812499.999999999999999999,400000.000000000000000000,306250.000000000000000000,400000.000000000000000000,306249.999999999999999999,0.150000000000000000,0.150000000000000000
1.160000000000000000,1.160000000000000000,1.300000000000000000,1000000.000000000000000000,824999.999999999999999999,400000.000000000000000000,312500.000000000000000000,400000.000000000000000000,312499.999999999999999999,0.160000000000000000,0.160000000000000000
1.170000000000000000,1.170000000000000000,1.300000000000000000,1000000.000000000000000000,837500.000000000000000000,400000.000000000000000000,318750.000000000000000000,400000.000000000000000000,318750.000000000000000000,0.170000000000000000,0.170000000000000000
1.180000000000000000,1.180000000000000000,1.300000000000000000,1000000.000000000000000000,849999.999999999999999999,400000.000000000000000000,325000.000000000000000000,400000.000000000000000000,324999.999999999999999999,0.180000000000000000,0.180000000000000000
1.190000000000000000,1.190000000000000000,1.300000000000000000,1000000.000000000000000000,862499.999999999999999999,400000.000000000000000000,331250.000000000000000000,400000.000000000000000000,331249.999999999999999999,0.190000000000000000,0.190000000000000000
1.200000000000000000,1.200000000000000000,1.300000000000000000,1000000.000000000000000000,874999.999999999999999999,400000.000000000000000000,337500.000000000000000000,400000.000000000000000000,337499.999999999999999999,0.200000000000000000,0.200000000000000000
1.210000000000000000,1.210000000000000000,1.300000000000000000,1000000.000000000000000000,887499.999999999999999999,400000.000000000000000000,343750.000000000000000000,400000.000000000000000000,343749.999999999999999999,0.210000000000000000,0.210000000000000000
1.220000000000000000,1.220000000000000000,1.300000000000000000,1000000.000000000000000000,899999.999999999999999999,400000.000000000000000000,350000.000000000000000000,400000.000000000000000000,349999.999999999999999999,0.220000000000000000,0.220000000000000000
1.230000000000000000,1.230000000000000000,1.300000000000000000,1000000.000000000000000000,912499.999999999999999999,400000.000000000000000000,356250.000000000000000000,400000.000000000000000000,356249.999999999999999999,0.230000000000000000,0.230000000000000000
1.240000000000000000,1.240000000000000000,1.300000000000000000,1000000.000000000000000000,924999.999999999999999999,400000.000000000000000000,362500.000000000000000000,400000.000000000000000000,362499.999999999999999999,0.240000000000000000,0.240000000000000000
1.250000000000000000,1.250000000000000000,1.300000000000000000,1000000.000000000000000000,937499.999999999999999999,400000.000000000000000000,368750.000000000000000000,400000.000000000000000000,368749.999999999999999999,0.250000000000000000,0.250000000000000000
1.260000000000000000,1.260000000000000000,1.300000000000000000,1000000.000000000000000000,949999.999999999999999999,400000.000000000000000000,375000.000000000000000000,400000.000000000000000000,374999.999999999999999999,0.260000000000000000,0.260000000000000000
1.270000000000000000,1.270000000000000000,1.300000000000000000,1000000.000000000000000000,962499.999999999999999999,400000.000000000000000000,381250.000000000000000000,400000.000000000000000000,381249.999999999999999999,0.270000000000000000,0.270000000000000000
1.280000000000000000,1.280000000000000000,1.300000000000000000,1000000.000000000000000000,974999.999999999999999999,400000.000000000000000000,387500.000000000000000000,400000.000000000000000000,387499.999999999999999999,0.280000000000000000,0.280000000000000000
1.290000000000000000,1.290000000000000000,1.300000000000000000,1000000.000000000000000000,987499.999999999999999999,400000.000000000000000000,393750.000000000000000000,400000.000000000000000000,393749.999999999999999999,0.290000000000000000,0.290000000000000000
1.300000000000000000,1.300000000000000000,1.300000000000000000,1000000.000000000000000000,1000000.000000000000000000,400000.000000000000000000,400000.000000000000000000,400000.000000000000000000,400000.000000000000000000,0.300000000000000000,0.300000000000000000
1.310000000000000000,1.310000000000000000,1.310000000000000000,1000000.000000000000000000,1000000.000000000000000000,400000.000000000000000000,400000.000000000000000000,400000.000000000000000000,400000.000000000000000000,0.310000000000000000,0.310000000000000000
1.320000000000000000,1.320000000000000000,1.320000000000000000,1000000.000000000000000000,1000000.000000000000000000,400000.000000000000000000,400000.000000000000000000,400000.000000000000000000,400000.000000000000000000,0.320000000000000000,0.320000000000000000
1.330000000000000000,1.330000000000000000,1.330000000000000000,1000000.000000000000000000,1000000.000000000000000000,400000.000000000000000000,400000.000000000000000000,400000.000000000000000000,400000.000000000000000000,0.330000000000000000,0.330000000000000000
1.340000000000000000,1.340000000000000000,1.340000000000000000,1000000.000000000000000000,1000000.000000000000000000,400000.000000000000000000,400000.000000000000000000,400000.000000000000000000,400000.000000000000000000,0.340000000000000000,0.340000000000000000
1.350000000000000000,1.350000000000000000,1.350000000000000000,1000000.000000000000000000,1000000.000000000000000000,400000.000000000000000000,400000.000000000000000000,400000.000000000000000000,400000.000000000000000000,0.350000000000000000,0.350000000000000000
1.360000000000000000,1.360000000000000000,1.360000000000000000,1000000.000000000000000000,1000000.000000000000000000,400000.000000000000000000,400000.000000000000000000,400000.000000000000000000,400000.000000000000000000,0.360000000000000000,0.360000000000000000
1.370000000000000000,1.370000000000000000,1.370000000000000000,1000000.000000000000000000,1000000.000000000000000000,400000.000000000000000000,400000.000000000000000000,400000.000000000000000000,400000.000000000000000000,0.370000000000000000,0.370000000000000000
1.380000000000000000,1.380000000000000000,1.380000000000000000,1000000.000000000000000000,1000000.000000000000000000,400000.000000000000000000,400000.000000000000000000,400000.000000000000000000,400000.000000000000000000,0.380000000000000000,0.380000000000000000
1.390000000000000000,1.390000000000000000,1.390000000000000000,1000000.000000000000000000,1000000.000000000000000000,400000.000000000000000000,400000.000000000000000000,400000.000000000000000000,400000.000000000000000000,0.390000000000000000,0.390000000000000000
1.400000000000000000,1.400000000000000000,1.400000000000000000,1000000.000000000000000000,1000000.000000000000000000,400000.000000000000000000,400000.000000000000000000,400000.000000000000000000,400000.000000000000000000,0.400000000000000000,0.400000000000000000
1.410000000000000000,1.410000000000000000,1.410000000000000000,1000000.000000000000000000,1000000.000000000000000000,400000.000000000000000000,400000.000000000000000000,400000.000000000000000000,400000.000000000000000000,0.410000000000000000,0.410000000000000000
1.420000000000000000,1.420000000000000000,1.420000000000000000,1000000.000000000000000000,1000000.000000000000000000,400000.000000000000000000,400000.000000000000000000,400000.000000000000000000,400000.000000000000000000,0.420000000000000000,0.420000000000000000
1.430000000000000000,1.430000000000000000,1.430000000000000000,1000000.000000000000000000,1000000.000000000000000000,400000.000000000000000000,400000.000000000000000000,400000.000000000000000000,400000.000000000000000000,0.430000000000000000,0.430000000000000000
1.440000000000000000,1.440000000000000000,1.440000000000000000,1000000.000000000000000000,1000000.000000000000000000,400000.000000000000000000,400000.000000000000000000,400000.000000000000000000,400000.000000000000000000,0.440000000000000000,0.440000000000000000
1.450000000000000000,1.450000000000000000,1.450000000000000000,1000000.000000000000000000,1000000.000000000000000000,400000.000000000000000000,400000.000000000000000000,400000.000000000000000000,400000.000000000000000000,0.450000000000000000,0.450000000000000000
1.460000000000000000,1.460000000000000000,1.460000000000000000,1000000.000000000000000000,1000000.000000000000000000,400000.000000000000000000,400000.000000000000000000,400000.000000000000000000,400000.000000000000000000,0.460000000000000000,0.460000000000000000
1.470000000000000000,1.470000000000000000,1.470000000000000000,1000000.000000000000000000,1000000.000000000000000000,400000.000000000000000000,400000.000000000000000000,400000.000000000000000000,400000.000000000000000000,0.470000000000000000,0.470000000000000000
1.480000000000000000,1.480000000000000000,1.480000000000000000,1000000.000000000000000000,1000000.000000000000000000,400000.000000000000000000,400000.000000000000000000,400000.000000000000000000,400000.000000000000000000,0.480000000000000000,0.480000000000000000
1.490000000000000000,1.490000000000000000,1.490000000000000000,1000000.000000000000000000,1000000.000000000000000000,400000.000000000000000000,400000.000000000000000000,400000.000000000000000000,400000.000000000000000000,0.490000000000000000,0.490000000000000000
1.500000000000000000,1.500000000000000000,1.500000000000000000,1000000.000000000000000000,1000000.000000000000000000,400000.000000000000000000,400000.000000000000000000,400000.000000000000000000,400000.000000000000000000,0.500000000000000000,0.500000000000000000
1.510000000000000000,1.510000000000000000,1.510000000000000000,1000000.000000000000000000,1000000.000000000000000000,400000.000000000000000000,400000.000000000000000000,400000.000000000000000000,400000.000000000000000000,0.510000000000000000,0.510000000000000000
1.520000000000000000,1.520000000000000000,1.520000000000000000,1000000.000000000000000000,1000000.000000000000000000,400000.000000000000000000,400000.000000000000000000,400000.000000000000000000,400000.000000000000000000,0.520000000000000000,0.520000000000000000
1.530000000000000000,1.530000000000000000,1.530000000000000000,1000000.000000000000000000,1000000.000000000000000000,400000.000000000000000000,400000.000000000000000000,400000.000000000000000000,400000.000000000000000000,0.530000000000000000,0.530000000000000000
1.540000000000000000,1.540000000000000000,1.540000000000000000,1000000.000000000000000000,1000000.000000000000000000,400000.000000000000000000,400000.000000000000000000,400000.000000000000000000,400000.000000000000000000,0.540000000000000000,0.540000000000000000
1.550000000000000000,1.550000000000000000,1.550000000000000000,1000000.000000000000000000,1000000.000000000000000000,400000.000000000000000000,400000.000000000000000000,400000.000000000000000000,400000.000000000000000000,0.550000000000000000,0.550000000000000000
1.560000000000000000,1.560000000000000000,1.560000000000000000,1000000.000000000000000000,1000000.000000000000000000,400000.000000000000000000,400000.000000000000000000,400000.000000000000000000,400000.000000000000000000,0.560000000000000000,0.560000000000000000
1.570000000000000000,1.570000000000000000,1.570000000000000000,1000000.000000000000000000,1000000.000000000000000000,400000.000000000000000000,400000.000000000000000000,400000.000000000000000000,400000.000000000000000000,0.570000000000000000,0.570000000000000000
1.580000000000000000,1.580000000000000000,1.580000000000000000,1000000.000000000000000000,1000000.000000000000000000,400000.000000000000000000,400000.000000000000000000,400000.000000000000000000,400000.000000000000000000,0.580000000000000000,0.580000000000000000
1.590000000000000000,1.590000000000000000,1.590000000000000000,1000000.000000000000000000,1000000.000000000000000000,400000.000000000000000000,400000.000000000000000000,400000.000000000000000000,400000.000000000000000000,0.590000000000000000,0.590000000000000000
1.600000000000000000,1.600000000000000000,1.600000000000000000,1000000.000000000000000000,1000000.000000000000000000,400000.000000000000000000,400000.000000000000000000,400000.000000000000000000,400000.000000000000000000,0.600000000000000000,0.600000000000000000
