current CR,after user collateral,after SPCollateral collateral,after user leveraged,after SPLeveraged leveraged,after minter collateral,after minter pegged,before leveraged price,after leveraged price,after CR
0.010000000000000000,400.000000000000000000,400.000000000000000000,8000000.000000000000000000,8000000.000000000000000000,600.000000000000000000,200000.000000000000000000,0.000000000000000000,0.000000000000000000,0.030000000000000000
0.020000000000000000,400.000000000000000000,400.000000000000000000,8000000.000000000000000000,8000000.000000000000000000,600.000000000000000000,200000.000000000000000000,0.000000000000000000,0.000000000000000000,0.060000000000000000
0.030000000000000000,400.000000000000000000,400.000000000000000000,8000000.000000000000000000,8000000.000000000000000000,600.000000000000000000,200000.000000000000000000,0.000000000000000000,0.000000000000000000,0.090000000000000000
0.040000000000000000,400.000000000000000000,400.000000000000000000,8000000.000000000000000000,8000000.000000000000000000,600.000000000000000000,200000.000000000000000000,0.000000000000000000,0.000000000000000000,0.120000000000000000
0.050000000000000000,400.000000000000000000,400.000000000000000000,8000000.000000000000000000,8000000.000000000000000000,600.000000000000000000,200000.000000000000000000,0.000000000000000000,0.000000000000000000,0.150000000000000000
0.060000000000000000,400.000000000000000000,400.000000000000000000,8000000.000000000000000000,8000000.000000000000000000,600.000000000000000000,200000.000000000000000000,0.000000000000000000,0.000000000000000000,0.180000000000000000
0.070000000000000000,400.000000000000000000,400.000000000000000000,8000000.000000000000000000,8000000.000000000000000000,600.000000000000000000,200000.000000000000000000,0.000000000000000000,0.000000000000000000,0.210000000000000000
0.080000000000000000,400.000000000000000000,400.000000000000000000,8000000.000000000000000000,8000000.000000000000000000,600.000000000000000000,200000.000000000000000000,0.000000000000000000,0.000000000000000000,0.240000000000000000
0.090000000000000000,400.000000000000000000,400.000000000000000000,8000000.000000000000000000,8000000.000000000000000000,600.000000000000000000,200000.000000000000000000,0.000000000000000000,0.000000000000000000,0.270000000000000000
0.100000000000000000,400.000000000000000000,400.000000000000000000,8000000.000000000000000000,8000000.000000000000000000,600.000000000000000000,200000.000000000000000000,0.000000000000000000,0.000000000000000000,0.300000000000000000
0.110000000000000000,400.000000000000000000,400.000000000000000000,8000000.000000000000000000,8000000.000000000000000000,600.000000000000000000,200000.000000000000000000,0.000000000000000000,0.000000000000000000,0.330000000000000000
0.120000000000000000,400.000000000000000000,400.000000000000000000,8000000.000000000000000000,8000000.000000000000000000,600.000000000000000000,200000.000000000000000000,0.000000000000000000,0.000000000000000000,0.360000000000000000
0.130000000000000000,400.000000000000000000,400.000000000000000000,8000000.000000000000000000,8000000.000000000000000000,600.000000000000000000,200000.000000000000000000,0.000000000000000000,0.000000000000000000,0.390000000000000000
0.140000000000000000,400.000000000000000000,400.000000000000000000,8000000.000000000000000000,8000000.000000000000000000,600.000000000000000000,200000.000000000000000000,0.000000000000000000,0.000000000000000000,0.420000000000000000
0.150000000000000000,400.000000000000000000,400.000000000000000000,8000000.000000000000000000,8000000.000000000000000000,600.000000000000000000,200000.000000000000000000,0.000000000000000000,0.000000000000000000,0.450000000000000000
0.160000000000000000,400.000000000000000000,400.000000000000000000,8000000.000000000000000000,8000000.000000000000000000,600.000000000000000000,200000.000000000000000000,0.000000000000000000,0.000000000000000000,0.480000000000000000
0.170000000000000000,400.000000000000000000,400.000000000000000000,8000000.000000000000000000,8000000.000000000000000000,600.000000000000000000,200000.000000000000000000,0.000000000000000000,0.000000000000000000,0.510000000000000000
0.180000000000000000,400.000000000000000000,400.000000000000000000,8000000.000000000000000000,8000000.000000000000000000,600.000000000000000000,200000.000000000000000000,0.000000000000000000,0.000000000000000000,0.540000000000000000
0.190000000000000000,400.000000000000000000,400.000000000000000000,8000000.000000000000000000,8000000.000000000000000000,600.000000000000000000,200000.000000000000000000,0.000000000000000000,0.000000000000000000,0.570000000000000000
0.200000000000000000,400.000000000000000000,400.000000000000000000,8000000.000000000000000000,8000000.000000000000000000,600.000000000000000000,200000.000000000000000000,0.000000000000000000,0.000000000000000000,0.600000000000000000
0.210000000000000000,400.000000000000000000,400.000000000000000000,8000000.000000000000000000,8000000.000000000000000000,600.000000000000000000,200000.000000000000000000,0.000000000000000000,0.000000000000000000,0.630000000000000000
0.220000000000000000,400.000000000000000000,400.000000000000000000,8000000.000000000000000000,8000000.000000000000000000,600.000000000000000000,200000.000000000000000000,0.000000000000000000,0.000000000000000000,0.660000000000000000
0.230000000000000000,400.000000000000000000,400.000000000000000000,8000000.000000000000000000,8000000.000000000000000000,600.000000000000000000,200000.000000000000000000,0.000000000000000000,0.000000000000000000,0.690000000000000000
0.240000000000000000,400.000000000000000000,400.000000000000000000,8000000.000000000000000000,8000000.000000000000000000,600.000000000000000000,200000.000000000000000000,0.000000000000000000,0.000000000000000000,0.720000000000000000
0.250000000000000000,400.000000000000000000,400.000000000000000000,8000000.000000000000000000,8000000.000000000000000000,600.000000000000000000,200000.000000000000000000,0.000000000000000000,0.000000000000000000,0.750000000000000000
0.260000000000000000,400.000000000000000000,400.000000000000000000,8000000.000000000000000000,8000000.000000000000000000,600.000000000000000000,200000.000000000000000000,0.000000000000000000,0.000000000000000000,0.780000000000000000
0.270000000000000000,400.000000000000000000,400.000000000000000000,8000000.000000000000000000,8000000.000000000000000000,600.000000000000000000,200000.000000000000000000,0.000000000000000000,0.000000000000000000,0.810000000000000000
0.280000000000000000,400.000000000000000000,400.000000000000000000,8000000.000000000000000000,8000000.000000000000000000,600.000000000000000000,200000.000000000000000000,0.000000000000000000,0.000000000000000000,0.840000000000000000
0.290000000000000000,400.000000000000000000,400.000000000000000000,8000000.000000000000000000,8000000.000000000000000000,600.000000000000000000,200000.000000000000000000,0.000000000000000000,0.000000000000000000,0.870000000000000000
0.300000000000000000,400.000000000000000000,400.000000000000000000,8000000.000000000000000000,8000000.000000000000000000,600.000000000000000000,200000.000000000000000000,0.000000000000000000,0.000000000000000000,0.900000000000000000
0.310000000000000000,400.000000000000000000,400.000000000000000000,8000000.000000000000000000,8000000.000000000000000000,600.000000000000000000,200000.000000000000000000,0.000000000000000000,0.000000000000000000,0.930000000000000000
0.320000000000000000,400.000000000000000000,400.000000000000000000,8000000.000000000000000000,8000000.000000000000000000,600.000000000000000000,200000.000000000000000000,0.000000000000000000,0.000000000000000000,0.960000000000000000
0.330000000000000000,400.000000000000000000,400.000000000000000000,8000000.000000000000000000,8000000.000000000000000000,600.000000000000000000,200000.000000000000000000,0.000000000000000000,0.000000000000000000,0.990000000000000000
0.340000000000000000,400.000000000000000000,400.000000000000000000,8000000.000000000000000000,8000000.000000000000000000,600.000000000000000000,200000.000000000000000000,0.000000000000000000,0.000444444444444444,1.020000000000000000
0.350000000000000000,400.000000000000000000,400.000000000000000000,8000000.000000000000000000,8000000.000000000000000000,600.000000000000000000,200000.000000000000000000,0.000000000000000000,0.001111111111111111,1.050000000000000000
0.360000000000000000,400.000000000000000000,400.000000000000000000,8000000.000000000000000000,8000000.000000000000000000,600.000000000000000000,200000.000000000000000000,0.000000000000000000,0.001777777777777777,1.080000000000000000
0.370000000000000000,400.000000000000000000,400.000000000000000000,8000000.000000000000000000,8000000.000000000000000000,600.000000000000000000,200000.000000000000000000,0.000000000000000000,0.002444444444444444,1.110000000000000000
0.380000000000000000,400.000000000000000000,400.000000000000000000,8000000.000000000000000000,8000000.000000000000000000,600.000000000000000000,200000.000000000000000000,0.000000000000000000,0.003111111111111111,1.140000000000000000
0.390000000000000000,400.000000000000000000,400.000000000000000000,8000000.000000000000000000,8000000.000000000000000000,600.000000000000000000,200000.000000000000000000,0.000000000000000000,0.003777777777777777,1.170000000000000000
0.400000000000000000,400.000000000000000000,400.000000000000000000,8000000.000000000000000000,8000000.000000000000000000,600.000000000000000000,200000.000000000000000000,0.000000000000000000,0.004444444444444444,1.200000000000000000
0.410000000000000000,400.000000000000000000,400.000000000000000000,8000000.000000000000000000,8000000.000000000000000000,600.000000000000000000,200000.000000000000000000,0.000000000000000000,0.005111111111111111,1.230000000000000000
0.420000000000000000,400.000000000000000000,400.000000000000000000,8000000.000000000000000000,8000000.000000000000000000,600.000000000000000000,200000.000000000000000000,0.000000000000000000,0.005777777777777777,1.260000000000000000
0.430000000000000000,400.000000000000000000,400.000000000000000000,8000000.000000000000000000,8000000.000000000000000000,600.000000000000000000,200000.000000000000000000,0.000000000000000000,0.006444444444444444,1.290000000000000000
0.440000000000000000,398.148148148148148000,398.148148148148148000,7962962.962962962964923100,7962962.962962962964923100,601.851851851851852000,203703.703703703703753845,0.000000000000000000,0.006818181818181818,1.300000000000000000
0.450000000000000000,395.348837209302325000,395.348837209302325000,7906976.744186046519230780,7906976.744186046519230780,604.651162790697675000,209302.325581395349038461,0.000000000000000000,0.007049608355091383,1.300000000000000000
0.460000000000000000,392.523364485981308000,392.523364485981308000,7850467.289719626173538480,7850467.289719626173538480,607.476635514018692000,214953.271028037383323076,0.000000000000000000,0.007286166842661034,1.300000000000000000
0.470000000000000000,389.671361502347417000,389.671361502347417000,7793427.230046948367538480,7793427.230046948367538480,610.328638497652583000,220657.276995305164623076,0.000000000000000000,0.007528029898558462,1.300000000000000000
0.480000000000000000,386.792452830188679000,386.792452830188679000,7735849.056603773588000020,7735849.056603773588000020,613.207547169811321000,226415.094339622641599999,0.000000000000000000,0.007775377969762419,1.300000000000000000
0.490000000000000000,383.886255924170616000,383.886255924170616000,7677725.118483412323692320,7677725.118483412323692320,616.113744075829384000,232227.488151658767815384,0.000000000000000000,0.008028399781540141,1.300000000000000000
0.500000000000000000,380.952380952380952000,380.952380952380952000,7619047.619047619052307700,7619047.619047619052307700,619.047619047619048000,238095.238095238095384615,0.000000000000000000,0.008287292817679558,1.300000000000000000
0.510000000000000000,377.990430622009569000,377.990430622009569000,7559808.612440191392153860,7559808.612440191392153860,622.009569377990431000,244019.138755980861392307,0.000000000000000000,0.008552263834544438,1.300000000000000000
0.520000000000000000,375.000000000000000000,375.000000000000000000,7500000.000000000000000000,7500000.000000000000000000,625.000000000000000000,250000.000000000000000000,0.000000000000000000,0.008823529411764705,1.300000000000000000
0.530000000000000000,371.980676328502415000,371.980676328502415000,7439613.526570048314615400,7439613.526570048314615400,628.019323671497585000,256038.647342995169269230,0.000000000000000000,0.009101316542644533,1.300000000000000000
0.540000000000000000,368.932038834951456000,368.932038834951456000,7378640.776699029129846180,7378640.776699029129846180,631.067961165048544000,262135.922330097087507691,0.000000000000000000,0.009385863267670915,1.300000000000000000
0.550000000000000000,365.853658536585365000,365.853658536585365000,7317073.170731707326923100,7317073.170731707326923100,634.146341463414635000,268292.682926829268653845,0.000000000000000000,0.009677419354838709,1.300000000000000000
0.560000000000000000,362.745098039215686000,362.745098039215686000,7254901.960784313728615400,7254901.960784313728615400,637.254901960784314000,274509.803921568627569230,0.000000000000000000,0.009976247030878859,1.300000000000000000
0.570000000000000000,359.605911330049261000,359.605911330049261000,7192118.226600985222615400,7192118.226600985222615400,640.394088669950739000,280788.177339901477869230,0.000000000000000000,0.010282621767889356,1.300000000000000000
0.580000000000000000,356.435643564356435000,356.435643564356435000,7128712.871287128720000020,7128712.871287128720000020,643.564356435643565000,287128.712871287128999999,0.000000000000000000,0.010596833130328867,1.300000000000000000
0.590000000000000000,353.233830845771144000,353.233830845771144000,7064676.616915422888615400,7064676.616915422888615400,646.766169154228856000,293532.338308457711569230,0.000000000000000000,0.010919185687847008,1.300000000000000000
0.600000000000000000,350.000000000000000000,350.000000000000000000,7000000.000000000000000020,7000000.000000000000000020,650.000000000000000000,299999.999999999999999999,0.000000000000000000,0.011250000000000000,1.300000000000000000
0.610000000000000000,346.733668341708542000,346.733668341708542000,6934673.366834170861846180,6934673.366834170861846180,653.266331658291458000,306532.663316582914907691,0.000000000000000000,0.011589613679544015,1.300000000000000000
0.620000000000000000,343.434343434343434000,343.434343434343434000,6868686.868686868690461540,6868686.868686868690461540,656.565656565656566000,313131.313131313131476923,0.000000000000000000,0.011938382541720154,1.300000000000000000
0.630000000000000000,340.101522842639593000,340.101522842639593000,6802030.456852791887538480,6802030.456852791887538480,659.898477157360407000,319796.954314720812623076,0.000000000000000000,0.012296681847755367,1.300000000000000000
0.640000000000000000,336.734693877551020000,336.734693877551020000,6734693.877551020412307720,6734693.877551020412307720,663.265306122448980000,326530.612244897959384614,0.000000000000000000,0.012664907651715039,1.300000000000000000
0.650000000000000000,333.333333333333333000,333.333333333333333000,6666666.666666666670000000,6666666.666666666670000000,666.666666666666667000,333333.333333333333500000,0.000000000000000000,0.013043478260869565,1.300000000000000000
0.660000000000000000,329.896907216494845000,329.896907216494845000,6597938.144329896910769240,6597938.144329896910769240,670.103092783505155000,340206.185567010309461538,0.000000000000000000,0.013432835820895522,1.300000000000000000
0.670000000000000000,326.424870466321243000,326.424870466321243000,6528497.409326424875538480,6528497.409326424875538480,673.575129533678757000,347150.259067357513223076,0.000000000000000000,0.013833448038540949,1.300000000000000000
0.680000000000000000,322.916666666666666000,322.916666666666666000,6458333.333333333339692340,6458333.333333333339692340,677.083333333333334000,354166.666666666667015383,0.000000000000000000,0.014245810055865921,1.300000000000000000
0.690000000000000000,319.371727748691099000,319.371727748691099000,6387434.554973821994000020,6387434.554973821994000020,680.628272251308901000,361256.544502617801299999,0.000000000000000000,0.014670446491849751,1.300000000000000000
0.700000000000000000,315.789473684210526000,315.789473684210526000,6315789.473684210529230780,6315789.473684210529230780,684.210526315789474000,368421.052631578947538461,0.000000000000000000,0.015107913669064748,1.300000000000000000
0.710000000000000000,312.169312169312169000,312.169312169312169000,6243386.243386243389076940,6243386.243386243389076940,687.830687830687831000,375661.375661375661546153,0.000000000000000000,0.015558802045288531,1.300000000000000000
0.720000000000000000,308.510638297872340000,308.510638297872340000,6170212.765957446812307700,6170212.765957446812307700,691.489361702127660000,382978.723404255319384615,0.000000000000000000,0.016023738872403560,1.300000000000000000
0.730000000000000000,304.812834224598930000,304.812834224598930000,6096256.684491978613846180,6096256.684491978613846180,695.187165775401070000,390374.331550802139307691,0.000000000000000000,0.016503391107761868,1.300000000000000000
0.740000000000000000,301.075268817204301000,301.075268817204301000,6021505.376344086022153860,6021505.376344086022153860,698.924731182795699000,397849.462365591397892307,0.000000000000000000,0.016998468606431852,1.300000000000000000
0.750000000000000000,297.297297297297297000,297.297297297297297000,5945945.945945945948461540,5945945.945945945948461540,702.702702702702703000,405405.405405405405576923,0.000000000000000000,0.017509727626459143,1.300000000000000000
0.760000000000000000,293.478260869565217000,293.478260869565217000,5869565.217391304351076940,5869565.217391304351076940,706.521739130434783000,413043.478260869565446153,0.000000000000000000,0.018037974683544303,1.300000000000000000
0.770000000000000000,289.617486338797814000,289.617486338797814000,5792349.726775956285846180,5792349.726775956285846180,710.382513661202186000,420765.027322404371707691,0.000000000000000000,0.018584070796460176,1.300000000000000000
0.780000000000000000,285.714285714285714000,285.714285714285714000,5714285.714285714288000000,5714285.714285714288000000,714.285714285714286000,428571.428571428571600000,0.000000000000000000,0.019148936170212765,1.300000000000000000
0.790000000000000000,281.767955801104972000,281.767955801104972000,5635359.116022099450461560,5635359.116022099450461560,718.232044198895028000,436464.088397790055476922,0.000000000000000000,0.019733555370524562,1.300000000000000000
0.800000000000000000,277.777777777777777000,277.777777777777777000,5555555.555555555561538480,5555555.555555555561538480,722.222222222222223000,444444.444444444444923076,0.000000000000000000,0.020338983050847457,1.300000000000000000
0.810000000000000000,273.743016759776536000,273.743016759776536000,5474860.335195530728615400,5474860.335195530728615400,726.256983240223464000,452513.966480446927569230,0.000000000000000000,0.020966350301984469,1.300000000000000000
0.820000000000000000,269.662921348314606000,269.662921348314606000,5393258.426966292140307700,5393258.426966292140307700,730.337078651685394000,460674.157303370786984615,0.000000000000000000,0.021616871704745166,1.300000000000000000
0.830000000000000000,265.536723163841807000,265.536723163841807000,5310734.463276836164769240,5310734.463276836164769240,734.463276836158193000,468926.553672316384761538,0.000000000000000000,0.022291853178155774,1.300000000000000000
0.840000000000000000,261.363636363636363000,261.363636363636363000,5227272.727272727277230800,5227272.727272727277230800,738.636363636363637000,477272.727272727273138460,0.000000000000000000,0.022992700729927007,1.300000000000000000
0.850000000000000000,257.142857142857142000,257.142857142857142000,5142857.142857142863076940,5142857.142857142863076940,742.857142857142858000,485714.285714285714846153,0.000000000000000000,0.023720930232558139,1.300000000000000000
0.860000000000000000,252.873563218390804000,252.873563218390804000,5057471.264367816096000020,5057471.264367816096000020,747.126436781609196000,494252.873563218391199999,0.000000000000000000,0.024478178368121442,1.300000000000000000
0.870000000000000000,248.554913294797687000,248.554913294797687000,4971098.265895953762923100,4971098.265895953762923100,751.445086705202313000,502890.173410404624853845,0.000000000000000000,0.025266214908034849,1.300000000000000000
0.880000000000000000,244.186046511627906000,244.186046511627906000,4883720.930232558145846160,4883720.930232558145846160,755.813953488372094000,511627.906976744186707692,0.000000000000000000,0.026086956521739130,1.300000000000000000
0.890000000000000000,239.766081871345029000,239.766081871345029000,4795321.637426900586307700,4795321.637426900586307700,760.233918128654971000,520467.836257309941684615,0.000000000000000000,0.026942482341069626,1.300000000000000000
0.900000000000000000,235.294117647058823000,235.294117647058823000,4705882.352941176473846180,4705882.352941176473846180,764.705882352941177000,529411.764705882353307691,0.000000000000000000,0.027835051546391752,1.300000000000000000
0.910000000000000000,230.769230769230769000,230.769230769230769000,4615384.615384615386000000,4615384.615384615386000000,769.230769230769231000,538461.538461538461700000,0.000000000000000000,0.028767123287671232,1.300000000000000000
0.920000000000000000,226.190476190476190000,226.190476190476190000,4523809.523809523812307700,4523809.523809523812307700,773.809523809523810000,547619.047619047619384615,0.000000000000000000,0.029741379310344827,1.300000000000000000
0.930000000000000000,221.556886227544910000,221.556886227544910000,4431137.724550898204615400,4431137.724550898204615400,778.443113772455090000,556886.227544910179769230,0.000000000000000000,0.030760749724366041,1.300000000000000000
0.940000000000000000,216.867469879518072000,216.867469879518072000,4337349.397590361447384640,4337349.397590361447384640,783.132530120481928000,566265.060240963855630768,0.000000000000000000,0.031828442437923250,1.300000000000000000
0.950000000000000000,212.121212121212121000,212.121212121212121000,4242424.242424242425384620,4242424.242424242425384620,787.878787878787879000,575757.575757575757730769,0.000000000000000000,0.032947976878612716,1.300000000000000000
0.960000000000000000,207.317073170731707000,207.317073170731707000,4146341.463414634148000020,4146341.463414634148000020,792.682926829268293000,585365.853658536585599999,0.000000000000000000,0.034123222748815165,1.300000000000000000
0.970000000000000000,202.453987730061349000,202.453987730061349000,4049079.754601226997384640,4049079.754601226997384640,797.546012269938651000,595092.024539877301130768,0.000000000000000000,0.035358444714459295,1.300000000000000000
0.980000000000000000,197.530864197530864000,197.530864197530864000,3950617.283950617284923080,3950617.283950617284923080,802.469135802469136000,604938.271604938271753846,0.000000000000000000,0.036658354114713216,1.300000000000000000
0.990000000000000000,192.546583850931677000,192.546583850931677000,3850931.677018633540461560,3850931.677018633540461560,807.453416149068323000,614906.832298136645976922,0.000000000000000000,0.038028169014084507,1.300000000000000000
1.000000000000000000,187.500000000000000000,187.500000000000000000,3750000.000000000000000020,3750000.000000000000000020,812.500000000000000000,624999.999999999999999999,0.000000000000000000,0.039473684210526315,1.300000000000000000
1.010000000000000000,179.455445544554455445,179.455445544554455445,3625000.000000000000000020,3625000.000000000000000020,820.544554455445544555,637499.999999999999999999,0.010000000000000000,0.041351351351351351,1.300000000000000000
1.020000000000000000,171.568627450980392156,171.568627450980392156,3500000.000000000000000020,3500000.000000000000000020,828.431372549019607844,649999.999999999999999999,0.020000000000000000,0.043333333333333333,1.300000000000000000
1.030000000000000000,163.834951456310679611,163.834951456310679611,3375000.000000000000000020,3375000.000000000000000020,836.165048543689320389,662499.999999999999999999,0.030000000000000000,0.045428571428571428,1.300000000000000000
1.040000000000000000,156.250000000000000000,156.250000000000000000,3250000.000000000000000000,3250000.000000000000000000,843.750000000000000000,675000.000000000000000000,0.040000000000000000,0.047647058823529411,1.300000000000000000
1.050000000000000000,148.809523809523809523,148.809523809523809523,3125000.000000000000000020,3125000.000000000000000020,851.190476190476190477,687499.999999999999999999,0.050000000000000000,0.050000000000000000,1.300000000000000000
1.060000000000000000,141.509433962264150943,141.509433962264150943,2499999.999999999999905677,2499999.999999999999905677,858.490566037735849057,699999.999999999999999999,0.060000000000000000,0.060000000000000000,1.300000000000000000
1.070000000000000000,134.345794392523364485,134.345794392523364485,2053571.428571428571390201,2053571.428571428571390201,865.654205607476635515,712499.999999999999999999,0.070000000000000000,0.070000000000000000,1.300000000000000000
1.080000000000000000,127.314814814814814814,127.314814814814814814,1718750.000000000000000012,1718750.000000000000000012,872.685185185185185186,724999.999999999999999999,0.080000000000000000,0.080000000000000000,1.300000000000000000
1.090000000000000000,120.412844036697247706,120.412844036697247706,1458333.333333333333319965,1458333.333333333333319965,879.587155963302752294,737499.999999999999999999,0.090000000000000000,0.090000000000000000,1.300000000000000000
1.100000000000000000,113.636363636363636363,113.636363636363636363,1250000.000000000000000010,1250000.000000000000000010,886.363636363636363637,749999.999999999999999999,0.100000000000000000,0.100000000000000000,1.300000000000000000
1.110000000000000000,106.981981981981981981,106.981981981981981981,1079545.454545454545444828,1079545.454545454545444828,893.018018018018018019,762499.999999999999999999,0.110000000000000000,0.110000000000000000,1.300000000000000000
1.120000000000000000,100.446428571428571428,100.446428571428571428,937499.999999999999966526,937499.999999999999966526,899.553571428571428572,774999.999999999999999999,0.120000000000000000,0.120000000000000000,1.300000000000000000
1.130000000000000000,94.026548672566371681,94.026548672566371681,817307.692307692307627220,817307.692307692307627220,905.973451327433628319,787499.999999999999999999,0.130000000000000000,0.130000000000000000,1.300000000000000000
1.140000000000000000,87.719298245614035087,87.719298245614035087,714285.714285714285701761,714285.714285714285701761,912.280701754385964913,799999.999999999999999999,0.140000000000000000,0.140000000000000000,1.300000000000000000
1.150000000000000000,81.521739130434782608,81.521739130434782608,624999.999999999999945658,624999.999999999999945658,918.478260869565217392,812499.999999999999999999,0.150000000000000000,0.150000000000000000,1.300000000000000000
1.160000000000000000,75.431034482758620689,75.431034482758620689,546875.000000000000000006,546875.000000000000000006,924.568965517241379311,824999.999999999999999999,0.160000000000000000,0.160000000000000000,1.300000000000000000
1.170000000000000000,69.444444444444444444,69.444444444444444444,477941.176470588235277777,477941.176470588235277777,930.555555555555555556,837500.000000000000000000,0.170000000000000000,0.170000000000000000,1.300000000000000000
1.180000000000000000,63.559322033898305084,63.559322033898305084,416666.666666666666631361,416666.666666666666631361,936.440677966101694916,849999.999999999999999999,0.180000000000000000,0.180000000000000000,1.300000000000000000
1.190000000000000000,57.773109243697478991,57.773109243697478991,361842.105263157894721643,361842.105263157894721643,942.226890756302521009,862499.999999999999999999,0.190000000000000000,0.190000000000000000,1.300000000000000000
1.200000000000000000,52.083333333333333333,52.083333333333333333,312500.000000000000000005,312500.000000000000000005,947.916666666666666667,874999.999999999999999999,0.200000000000000000,0.200000000000000000,1.300000000000000000
1.210000000000000000,46.487603305785123966,46.487603305785123966,267857.142857142857107442,267857.142857142857107442,953.512396694214876034,887499.999999999999999999,0.210000000000000000,0.210000000000000000,1.300000000000000000
1.220000000000000000,40.983606557377049180,40.983606557377049180,227272.727272727272704922,227272.727272727272704922,959.016393442622950820,899999.999999999999999999,0.220000000000000000,0.220000000000000000,1.300000000000000000
1.230000000000000000,35.569105691056910569,35.569105691056910569,190217.391304347826082321,190217.391304347826082321,964.430894308943089431,912499.999999999999999999,0.230000000000000000,0.230000000000000000,1.300000000000000000
1.240000000000000000,30.241935483870967741,30.241935483870967741,156249.999999999999979842,156249.999999999999979842,969.758064516129032259,924999.999999999999999999,0.240000000000000000,0.240000000000000000,1.300000000000000000
1.250000000000000000,25.000000000000000000,25.000000000000000000,125000.000000000000000004,125000.000000000000000004,975.000000000000000000,937499.999999999999999999,0.250000000000000000,0.250000000000000000,1.300000000000000000
1.260000000000000000,19.841269841269841269,19.841269841269841269,96153.846153846153829368,96153.846153846153829368,980.158730158730158731,949999.999999999999999999,0.260000000000000000,0.260000000000000000,1.300000000000000000
1.270000000000000000,14.763779527559055118,14.763779527559055118,69444.444444444444434058,69444.444444444444434058,985.236220472440944882,962499.999999999999999999,0.270000000000000000,0.270000000000000000,1.300000000000000000
1.280000000000000000,9.765625000000000000,9.765625000000000000,44642.857142857142851566,44642.857142857142851566,990.234375000000000000,974999.999999999999999999,0.280000000000000000,0.280000000000000000,1.300000000000000000
1.290000000000000000,4.844961240310077519,4.844961240310077519,21551.724137931034481592,21551.724137931034481592,995.155038759689922481,987499.999999999999999999,0.290000000000000000,0.290000000000000000,1.300000000000000000
1.300000000000000000,0.000000000000000000,0.000000000000000000,0.000000000000000000,0.000000000000000000,1000.000000000000000000,1000000.000000000000000000,0.300000000000000000,0.300000000000000000,1.300000000000000000
1.310000000000000000,0.000000000000000000,0.000000000000000000,0.000000000000000000,0.000000000000000000,1000.000000000000000000,1000000.000000000000000000,0.310000000000000000,0.310000000000000000,1.310000000000000000
1.320000000000000000,0.000000000000000000,0.000000000000000000,0.000000000000000000,0.000000000000000000,1000.000000000000000000,1000000.000000000000000000,0.320000000000000000,0.320000000000000000,1.320000000000000000
1.330000000000000000,0.000000000000000000,0.000000000000000000,0.000000000000000000,0.000000000000000000,1000.000000000000000000,1000000.000000000000000000,0.330000000000000000,0.330000000000000000,1.330000000000000000
1.340000000000000000,0.000000000000000000,0.000000000000000000,0.000000000000000000,0.000000000000000000,1000.000000000000000000,1000000.000000000000000000,0.340000000000000000,0.340000000000000000,1.340000000000000000
1.350000000000000000,0.000000000000000000,0.000000000000000000,0.000000000000000000,0.000000000000000000,1000.000000000000000000,1000000.000000000000000000,0.350000000000000000,0.350000000000000000,1.350000000000000000
1.360000000000000000,0.000000000000000000,0.000000000000000000,0.000000000000000000,0.000000000000000000,1000.000000000000000000,1000000.000000000000000000,0.360000000000000000,0.360000000000000000,1.360000000000000000
1.370000000000000000,0.000000000000000000,0.000000000000000000,0.000000000000000000,0.000000000000000000,1000.000000000000000000,1000000.000000000000000000,0.370000000000000000,0.370000000000000000,1.370000000000000000
1.380000000000000000,0.000000000000000000,0.000000000000000000,0.000000000000000000,0.000000000000000000,1000.000000000000000000,1000000.000000000000000000,0.380000000000000000,0.380000000000000000,1.380000000000000000
1.390000000000000000,0.000000000000000000,0.000000000000000000,0.000000000000000000,0.000000000000000000,1000.000000000000000000,1000000.000000000000000000,0.390000000000000000,0.390000000000000000,1.390000000000000000
1.400000000000000000,0.000000000000000000,0.000000000000000000,0.000000000000000000,0.000000000000000000,1000.000000000000000000,1000000.000000000000000000,0.400000000000000000,0.400000000000000000,1.400000000000000000
1.410000000000000000,0.000000000000000000,0.000000000000000000,0.000000000000000000,0.000000000000000000,1000.000000000000000000,1000000.000000000000000000,0.410000000000000000,0.410000000000000000,1.410000000000000000
1.420000000000000000,0.000000000000000000,0.000000000000000000,0.000000000000000000,0.000000000000000000,1000.000000000000000000,1000000.000000000000000000,0.420000000000000000,0.420000000000000000,1.420000000000000000
1.430000000000000000,0.000000000000000000,0.000000000000000000,0.000000000000000000,0.000000000000000000,1000.000000000000000000,1000000.000000000000000000,0.430000000000000000,0.430000000000000000,1.430000000000000000
1.440000000000000000,0.000000000000000000,0.000000000000000000,0.000000000000000000,0.000000000000000000,1000.000000000000000000,1000000.000000000000000000,0.440000000000000000,0.440000000000000000,1.440000000000000000
1.450000000000000000,0.000000000000000000,0.000000000000000000,0.000000000000000000,0.000000000000000000,1000.000000000000000000,1000000.000000000000000000,0.450000000000000000,0.450000000000000000,1.450000000000000000
1.460000000000000000,0.000000000000000000,0.000000000000000000,0.000000000000000000,0.000000000000000000,1000.000000000000000000,1000000.000000000000000000,0.460000000000000000,0.460000000000000000,1.460000000000000000
1.470000000000000000,0.000000000000000000,0.000000000000000000,0.000000000000000000,0.000000000000000000,1000.000000000000000000,1000000.000000000000000000,0.470000000000000000,0.470000000000000000,1.470000000000000000
1.480000000000000000,0.000000000000000000,0.000000000000000000,0.000000000000000000,0.000000000000000000,1000.000000000000000000,1000000.000000000000000000,0.480000000000000000,0.480000000000000000,1.480000000000000000
1.490000000000000000,0.000000000000000000,0.000000000000000000,0.000000000000000000,0.000000000000000000,1000.000000000000000000,1000000.000000000000000000,0.490000000000000000,0.490000000000000000,1.490000000000000000
1.500000000000000000,0.000000000000000000,0.000000000000000000,0.000000000000000000,0.000000000000000000,1000.000000000000000000,1000000.000000000000000000,0.500000000000000000,0.500000000000000000,1.500000000000000000
1.510000000000000000,0.000000000000000000,0.000000000000000000,0.000000000000000000,0.000000000000000000,1000.000000000000000000,1000000.000000000000000000,0.510000000000000000,0.510000000000000000,1.510000000000000000
1.520000000000000000,0.000000000000000000,0.000000000000000000,0.000000000000000000,0.000000000000000000,1000.000000000000000000,1000000.000000000000000000,0.520000000000000000,0.520000000000000000,1.520000000000000000
1.530000000000000000,0.000000000000000000,0.000000000000000000,0.000000000000000000,0.000000000000000000,1000.000000000000000000,1000000.000000000000000000,0.530000000000000000,0.530000000000000000,1.530000000000000000
1.540000000000000000,0.000000000000000000,0.000000000000000000,0.000000000000000000,0.000000000000000000,1000.000000000000000000,1000000.000000000000000000,0.540000000000000000,0.540000000000000000,1.540000000000000000
1.550000000000000000,0.000000000000000000,0.000000000000000000,0.000000000000000000,0.000000000000000000,1000.000000000000000000,1000000.000000000000000000,0.550000000000000000,0.550000000000000000,1.550000000000000000
1.560000000000000000,0.000000000000000000,0.000000000000000000,0.000000000000000000,0.000000000000000000,1000.000000000000000000,1000000.000000000000000000,0.560000000000000000,0.560000000000000000,1.560000000000000000
1.570000000000000000,0.000000000000000000,0.000000000000000000,0.000000000000000000,0.000000000000000000,1000.000000000000000000,1000000.000000000000000000,0.570000000000000000,0.570000000000000000,1.570000000000000000
1.580000000000000000,0.000000000000000000,0.000000000000000000,0.000000000000000000,0.000000000000000000,1000.000000000000000000,1000000.000000000000000000,0.580000000000000000,0.580000000000000000,1.580000000000000000
1.590000000000000000,0.000000000000000000,0.000000000000000000,0.000000000000000000,0.000000000000000000,1000.000000000000000000,1000000.000000000000000000,0.590000000000000000,0.590000000000000000,1.590000000000000000
1.600000000000000000,0.000000000000000000,0.000000000000000000,0.000000000000000000,0.000000000000000000,1000.000000000000000000,1000000.000000000000000000,0.600000000000000000,0.600000000000000000,1.600000000000000000
