lineage,v2,,,
contract,proxy,proxy codehash,implementation,implementation codehash
minter,0x3d3EAe3a4Ee52ef703216c62EFEC3157694606dE,0xa34414c0335e6e486464c83b242383b30c9f4e1b198651a6c85efc33e1fed7fa,0x2010F81E9A27a6768dea33523bfeaDbBC0F46345,0x7227d3e4f66f5cd00af86d88555375486de1727914e389b6699150291d10a7a1
manager,0x52DC69cbdC6Ef508b7419A456dD36967DAEfD538,0xa34414c0335e6e486464c83b242383b30c9f4e1b198651a6c85efc33e1fed7fa,0x6565718F0C203B4Dc59F51090472bDDD0fD54f80,0x7ae510cea84cb26363e949803e11e3de87584eae2425219bde1bd9a422e3ad55
collateralPool,0x7928a145Eed1374f5594c799290419B80fCd03f0,0xa34414c0335e6e486464c83b242383b30c9f4e1b198651a6c85efc33e1fed7fa,0x9AED2267655aDA9C514454e93019201282B309e0,0x30022820e87cbac3203a26db03e57f2da20102791cdb1a4b995d1040f5eee7f6
leveragedPool,0x8CF0C5F1394E137389D6dbfE91c56D00dEcdDAD8,0xa34414c0335e6e486464c83b242383b30c9f4e1b198651a6c85efc33e1fed7fa,0x95fbaEc01aE1646F7BD4C7ceFdF08328d4b848AE,0xc942fbe2a8d385eab7799f80c43a0c9b3e5aa080aeb644f953579a13fff1b2b5
pegged,0x0C5CC55959DBDE5d9fa05064da754D6A298E9833,0xa34414c0335e6e486464c83b242383b30c9f4e1b198651a6c85efc33e1fed7fa,0x5C7606b5De7c130982b9841D9b4B9C107d394bC7,0x87f333414388ab423c144c441e5fa6ee6d1c31aa21a5b34f090ca2c6ef35d9ed
leveraged,0x410cA79c92665E7f502Cbc59e4f6edfCb97F5ddd,0xa34414c0335e6e486464c83b242383b30c9f4e1b198651a6c85efc33e1fed7fa,0x8e56A7c8047D5E995386875B9E23cFfEa56169d8,0x7ef83bb631e997cf8c80c5376dce971f14e3ca97c0349b9e89ead05926ba7c08
wrappedCollateral,0x7743e50F534a7f9F1791DdE7dCD89F7783Eefc39,0xec17f0f42b4fbb691f7211164fc054ea2ff07eadf57f509181f80543f3dfe1aa,0xE4031e271809d20074E4bef1caeEfEc5f710e8A6,0xbc997f80374a11f421850277ba8b9ae86bdf6e3795b16573babd02c6b3924343
oracle,0x88430c0F09A6D603c43E2816F2EA9Ab45dB7e1a8,0xb3aa0f2977914f3ef181309a96333b110a9ae9950cba3d6504d66f484d744397,0x63d961913cd855f5f8C8cA7cDC22771abA3326FE,0x8ca2c58d160f99c289bc52929fd9282793504a1a96da5f4ed1c05f0583d84d35
