lineage,v3,
contract,code at the address,implementation
minter,0x3d3EAe3a4Ee52ef703216c62EFEC3157694606dE,Minter_v3
manager,ERC1967Proxy,StabilityPoolManager_v2
collateralPool,0x7928a145Eed1374f5594c799290419B80fCd03f0,StabilityPool_v3
leveragedPool,0x8CF0C5F1394E137389D6dbfE91c56D00dEcdDAD8,StabilityPool_v3
pegged,0x0C5CC55959DBDE5d9fa05064da754D6A298E9833,0x5C7606b5De7c130982b9841D9b4B9C107d394bC7
leveraged,0x410cA79c92665E7f502Cbc59e4f6edfCb97F5ddd,0x8e56A7c8047D5E995386875B9E23cFfEa56169d8
wrappedCollateral,0x7743e50F534a7f9F1791DdE7dCD89F7783Eefc39,0xE4031e271809d20074E4bef1caeEfEc5f710e8A6
oracle,MockWrappedPriceOracle,0x63d961913cd855f5f8C8cA7cDC22771abA3326FE
