lineage,v3,,,
contract,proxy,proxy codehash,implementation,implementation codehash
minter,0x14a7333F5eAbC3AcEd6CA6630fA1cbbeE8495219,0x2df38cdc3b89c905f06e978ccd33b8e636e48b2189a22be43b165014f88e5d40,0xffD4505B3452Dc22f8473616d50503bA9E1710Ac,0xd4734099d5d9487f46673b72d2c9a2e6d85e67545c5a92029ed816d1104ce4ea
manager,0xAa2044988b24A94cfB8bec0f6376187b1d0E0d98,0xe3d8cab5edc9e784d659cd78c7b294fb8d2270baf197a527ce63e3cba30f9ccf,0x8d2C17FAd02B7bb64139109c6533b7C2b9CADb81,0x590ef0521c08f8e66d4809a5e2f5e439d5ec97ee34136b4ef1d28cd48ef92706
collateralPool,0x18921F178140eD4b0230e693D6Ba9D181f6791A5,0x2df38cdc3b89c905f06e978ccd33b8e636e48b2189a22be43b165014f88e5d40,0x27cc01A4676C73fe8b6d0933Ac991BfF1D77C4da,0xa85a192423282ed5d9c90cc8564a363ef2bac71c6257931362885f72d5cff1fc
leveragedPool,0xC657d308c3a626a265ceA988510043aEE5Bb6336,0x2df38cdc3b89c905f06e978ccd33b8e636e48b2189a22be43b165014f88e5d40,0x94771550282853f6E0124c302F7dE1Cf50aa45CA,0x3d2354fcf8a30814d16aaa8ec7913b7c85c584654c4e3cf744a7ca165d413317
pegged,0x13245171Dda58F68FE16bf3A7C7Ad35679CBBcC4,0x2df38cdc3b89c905f06e978ccd33b8e636e48b2189a22be43b165014f88e5d40,0x1d1499e622D69689cdf9004d05Ec547d650Ff211,0xd141ebb9941c5b55f1d6d3334f230bb3b61002e4be50195027fb9ff180a1f9e3
leveraged,0x52B8f20D33DBF94c1FA67937CBeDdE7774Ee0272,0x2df38cdc3b89c905f06e978ccd33b8e636e48b2189a22be43b165014f88e5d40,0xD6BbDE9174b1CdAa358d2Cf4D57D1a9F7178FBfF,0x3d352c5deca0bf7e95ac1fffefb8dfc7e9aa77c77eae06eddba284d04aa521d4
wrappedCollateral,0x7f39C581F595B53c5cb19bD0b3f8dA6c935E2Ca0,0x630181884786c962140041cffa3acffbf39d8c93bde1a62b7b55046e57400557,(not-a-proxy),
oracle,0x2EEC6a09C9277759FA12267eCc508Ad08CBb961A,0x499dc665707bb9d0f1a2ff636cd8aa66339ded45f89a90ffc5e486306b936c13,(not-a-proxy),
