lineage,v2,
contract,code at the address,implementation
minter,0x3d3EAe3a4Ee52ef703216c62EFEC3157694606dE,0x2010F81E9A27a6768dea33523bfeaDbBC0F46345
manager,0x52DC69cbdC6Ef508b7419A456dD36967DAEfD538,0x6565718F0C203B4Dc59F51090472bDDD0fD54f80
collateralPool,0x7928a145Eed1374f5594c799290419B80fCd03f0,0x9AED2267655aDA9C514454e93019201282B309e0
leveragedPool,0x8CF0C5F1394E137389D6dbfE91c56D00dEcdDAD8,0x95fbaEc01aE1646F7BD4C7ceFdF08328d4b848AE
pegged,0x0C5CC55959DBDE5d9fa05064da754D6A298E9833,0x5C7606b5De7c130982b9841D9b4B9C107d394bC7
leveraged,0x410cA79c92665E7f502Cbc59e4f6edfCb97F5ddd,0x8e56A7c8047D5E995386875B9E23cFfEa56169d8
wrappedCollateral,0x7743e50F534a7f9F1791DdE7dCD89F7783Eefc39,0xE4031e271809d20074E4bef1caeEfEc5f710e8A6
oracle,MockWrappedPriceOracle,0x63d961913cd855f5f8C8cA7cDC22771abA3326FE
