collateral ratio,0.1% of the residual converted,1.0% of the residual converted,10.0% of the residual converted,100.0% of the residual converted,1000.0% of the residual converted
1.001999999999999999,0.999999999999999864,0.999999999999999868,0.999999999999999868,0.999999999999999868,0.999999999999999868
1.003999999999999999,0.999999999999999961,0.999999999999999962,0.999999999999999963,0.999999999999999963,0.999999999999999963
1.005999999999999999,0.999999999999999932,0.999999999999999933,0.999999999999999933,0.999999999999999933,0.999999999999999933
1.007999999999999999,0.999999999999999988,0.999999999999999988,0.999999999999999988,0.999999999999999988,0.999999999999999988
1.009999999999999999,0.999999999999999960,0.999999999999999963,0.999999999999999963,0.999999999999999963,0.999999999999999963
1.011999999999999999,0.999999999999999941,0.999999999999999943,0.999999999999999943,0.999999999999999943,0.999999999999999943
1.013999999999999999,0.999999999999999979,0.999999999999999980,0.999999999999999980,0.999999999999999980,0.999999999999999980
1.015999999999999999,0.999999999999999962,0.999999999999999963,0.999999999999999963,0.999999999999999963,0.999999999999999963
1.017999999999999999,0.999999999999999991,0.999999999999999991,0.999999999999999992,0.999999999999999992,0.999999999999999992
1.019999999999999999,0.999999999999999976,0.999999999999999976,0.999999999999999976,0.999999999999999976,0.999999999999999976
1.021999999999999999,0.999999999999999963,0.999999999999999963,0.999999999999999963,0.999999999999999963,0.999999999999999963
1.023999999999999999,0.999999999999999984,0.999999999999999986,0.999999999999999986,0.999999999999999986,0.999999999999999986
1.025999999999999999,0.999999999999999972,0.999999999999999974,0.999999999999999974,0.999999999999999974,0.999999999999999974
1.027999999999999999,0.999999999999999992,0.999999999999999993,0.999999999999999993,0.999999999999999993,0.999999999999999993
1.029999999999999999,0.999999999999999981,0.999999999999999982,0.999999999999999982,0.999999999999999982,0.999999999999999982
1.031999999999999999,0.999999999999999998,0.999999999999999999,0.999999999999999999,0.999999999999999999,0.999999999999999999
1.033999999999999999,0.999999999999999988,0.999999999999999988,0.999999999999999988,0.999999999999999988,0.999999999999999988
1.035999999999999999,0.999999999999999979,0.999999999999999979,0.999999999999999979,0.999999999999999979,0.999999999999999979
1.037999999999999999,0.999999999999999993,0.999999999999999994,0.999999999999999994,0.999999999999999994,0.999999999999999994
1.039999999999999999,0.999999999999999984,0.999999999999999985,0.999999999999999985,0.999999999999999985,0.999999999999999985
1.041999999999999999,0.999999999999999997,0.999999999999999998,0.999999999999999998,0.999999999999999998,0.999999999999999998
1.043999999999999999,0.999999999999999989,0.999999999999999990,0.999999999999999990,0.999999999999999990,0.999999999999999990
1.045999999999999999,0.999999999999999982,0.999999999999999982,0.999999999999999982,0.999999999999999982,0.999999999999999982
1.047999999999999999,0.999999999999999994,0.999999999999999994,0.999999999999999994,0.999999999999999994,0.999999999999999994
1.049999999999999999,0.999999999999999987,0.999999999999999987,0.999999999999999987,0.999999999999999987,0.999999999999999987
1.051999999999999999,0.999999999999999997,0.999999999999999998,0.999999999999999998,0.999999999999999998,0.999999999999999998
1.053999999999999999,0.999999999999999990,0.999999999999999991,0.999999999999999991,0.999999999999999991,0.999999999999999991
1.055999999999999999,0.999999999999999984,0.999999999999999985,0.999999999999999985,0.999999999999999985,0.999999999999999985
1.057999999999999999,0.999999999999999994,0.999999999999999994,0.999999999999999994,0.999999999999999994,0.999999999999999994
1.059999999999999999,0.999999999999999988,0.999999999999999988,0.999999999999999988,0.999999999999999988,0.999999999999999988
1.061999999999999999,0.999999999999999997,0.999999999999999997,0.999999999999999997,0.999999999999999997,0.999999999999999997
1.063999999999999999,0.999999999999999992,0.999999999999999992,0.999999999999999992,0.999999999999999992,0.999999999999999992
1.065999999999999999,0.999999999999999986,0.999999999999999986,0.999999999999999986,0.999999999999999986,0.999999999999999986
1.067999999999999999,0.999999999999999994,0.999999999999999995,0.999999999999999995,0.999999999999999995,0.999999999999999995
1.069999999999999999,0.999999999999999989,0.999999999999999989,0.999999999999999989,0.999999999999999989,0.999999999999999989
1.071999999999999999,0.999999999999999997,0.999999999999999997,0.999999999999999997,0.999999999999999997,0.999999999999999997
1.073999999999999999,0.999999999999999992,0.999999999999999992,0.999999999999999992,0.999999999999999992,0.999999999999999992
1.075999999999999999,0.999999999999999987,0.999999999999999987,0.999999999999999987,0.999999999999999987,0.999999999999999987
1.077999999999999999,0.999999999999999995,0.999999999999999995,0.999999999999999995,0.999999999999999995,0.999999999999999995
1.079999999999999999,0.999999999999999990,0.999999999999999990,0.999999999999999990,0.999999999999999990,0.999999999999999990
1.081999999999999999,0.999999999999999997,0.999999999999999997,0.999999999999999997,0.999999999999999997,0.999999999999999997
1.083999999999999999,0.999999999999999992,0.999999999999999993,0.999999999999999993,0.999999999999999993,0.999999999999999993
1.085999999999999999,0.999999999999999999,0.999999999999999999,0.999999999999999999,0.999999999999999999,0.999999999999999999
1.087999999999999999,0.999999999999999995,0.999999999999999995,0.999999999999999995,0.999999999999999995,0.999999999999999995
1.089999999999999999,0.999999999999999991,0.999999999999999991,0.999999999999999991,0.999999999999999991,0.999999999999999991
1.091999999999999999,0.999999999999999997,0.999999999999999997,0.999999999999999997,0.999999999999999997,0.999999999999999997
1.093999999999999999,0.999999999999999992,0.999999999999999993,0.999999999999999993,0.999999999999999993,0.999999999999999993
1.095999999999999999,0.999999999999999999,0.999999999999999999,0.999999999999999999,0.999999999999999999,NaN
1.097999999999999999,0.999999999999999995,0.999999999999999995,0.999999999999999995,0.999999999999999995,NaN
1.099999999999999999,0.999999999999999991,0.999999999999999991,0.999999999999999991,0.999999999999999991,NaN
1.101999999999999999,0.999999999999999997,0.999999999999999997,0.999999999999999997,0.999999999999999997,NaN
1.103999999999999999,0.999999999999999993,0.999999999999999993,0.999999999999999993,0.999999999999999993,NaN
1.105999999999999999,0.999999999999999999,0.999999999999999999,0.999999999999999999,0.999999999999999999,NaN
1.107999999999999999,0.999999999999999995,0.999999999999999995,0.999999999999999995,0.999999999999999995,NaN
1.109999999999999999,0.999999999999999991,0.999999999999999992,0.999999999999999992,0.999999999999999992,NaN
1.111999999999999999,0.999999999999999997,0.999999999999999997,0.999999999999999997,0.999999999999999997,NaN
1.113999999999999999,0.999999999999999993,0.999999999999999993,0.999999999999999993,0.999999999999999993,NaN
1.115999999999999999,0.999999999999999998,0.999999999999999998,0.999999999999999998,0.999999999999999998,NaN
1.117999999999999999,0.999999999999999995,0.999999999999999995,0.999999999999999995,0.999999999999999995,NaN
1.119999999999999999,0.999999999999999992,0.999999999999999992,0.999999999999999992,0.999999999999999992,NaN
1.121999999999999999,0.999999999999999996,0.999999999999999997,0.999999999999999997,0.999999999999999997,NaN
1.123999999999999999,0.999999999999999993,0.999999999999999994,0.999999999999999994,0.999999999999999994,NaN
1.125999999999999999,0.999999999999999998,0.999999999999999998,0.999999999999999998,0.999999999999999998,NaN
1.127999999999999999,0.999999999999999995,0.999999999999999995,0.999999999999999995,0.999999999999999995,NaN
1.129999999999999999,0.999999999999999992,0.999999999999999992,0.999999999999999992,0.999999999999999992,NaN
1.131999999999999999,0.999999999999999997,0.999999999999999997,0.999999999999999997,0.999999999999999997,NaN
1.133999999999999999,0.999999999999999994,0.999999999999999994,0.999999999999999994,0.999999999999999994,NaN
1.135999999999999999,0.999999999999999998,0.999999999999999998,0.999999999999999998,0.999999999999999998,NaN
1.137999999999999999,0.999999999999999995,0.999999999999999995,0.999999999999999995,0.999999999999999995,NaN
1.139999999999999999,0.999999999999999999,0.999999999999999999,0.999999999999999999,0.999999999999999999,NaN
1.141999999999999999,0.999999999999999996,0.999999999999999997,0.999999999999999997,0.999999999999999997,NaN
1.143999999999999999,0.999999999999999994,0.999999999999999994,0.999999999999999994,0.999999999999999994,NaN
1.145999999999999999,0.999999999999999998,0.999999999999999998,0.999999999999999998,0.999999999999999998,NaN
1.147999999999999999,0.999999999999999995,0.999999999999999995,0.999999999999999995,0.999999999999999995,NaN
1.149999999999999999,0.999999999999999999,0.999999999999999999,0.999999999999999999,0.999999999999999999,NaN
1.151999999999999999,0.999999999999999996,0.999999999999999997,0.999999999999999997,0.999999999999999997,NaN
1.153999999999999999,0.999999999999999994,0.999999999999999994,0.999999999999999994,0.999999999999999994,NaN
1.155999999999999999,0.999999999999999998,0.999999999999999998,0.999999999999999998,0.999999999999999998,NaN
1.157999999999999999,0.999999999999999995,0.999999999999999995,0.999999999999999995,0.999999999999999995,NaN
1.159999999999999999,0.999999999999999999,0.999999999999999999,0.999999999999999999,0.999999999999999999,NaN
1.161999999999999999,0.999999999999999997,0.999999999999999997,0.999999999999999997,0.999999999999999997,NaN
1.163999999999999999,0.999999999999999994,0.999999999999999994,0.999999999999999994,0.999999999999999994,NaN
1.165999999999999999,0.999999999999999997,0.999999999999999998,0.999999999999999998,0.999999999999999998,NaN
1.167999999999999999,0.999999999999999995,0.999999999999999995,0.999999999999999995,0.999999999999999995,NaN
1.169999999999999999,0.999999999999999999,0.999999999999999999,0.999999999999999999,0.999999999999999999,NaN
1.171999999999999999,0.999999999999999996,0.999999999999999997,0.999999999999999997,0.999999999999999997,NaN
1.173999999999999999,0.999999999999999994,0.999999999999999994,0.999999999999999994,0.999999999999999994,NaN
1.175999999999999999,0.999999999999999998,0.999999999999999998,0.999999999999999998,0.999999999999999998,NaN
1.177999999999999999,0.999999999999999995,0.999999999999999995,0.999999999999999995,0.999999999999999995,NaN
1.179999999999999999,0.999999999999999998,0.999999999999999999,0.999999999999999999,0.999999999999999999,NaN
1.181999999999999999,0.999999999999999996,0.999999999999999997,0.999999999999999997,0.999999999999999997,NaN
1.183999999999999999,0.999999999999999994,0.999999999999999994,0.999999999999999994,0.999999999999999994,NaN
1.185999999999999999,0.999999999999999997,0.999999999999999998,0.999999999999999998,0.999999999999999998,NaN
1.187999999999999999,0.999999999999999995,0.999999999999999995,0.999999999999999995,0.999999999999999995,NaN
1.189999999999999999,0.999999999999999998,0.999999999999999999,0.999999999999999999,0.999999999999999999,NaN
1.191999999999999999,0.999999999999999996,0.999999999999999996,0.999999999999999997,0.999999999999999997,NaN
1.194000000000000000,1.000000000000000000,1.000000000000000000,1.000000000000000000,1.000000000000000000,NaN
1.195999999999999999,0.999999999999999997,0.999999999999999997,0.999999999999999997,0.999999999999999997,NaN
1.197999999999999999,0.999999999999999995,0.999999999999999996,0.999999999999999996,0.999999999999999996,NaN
1.199999999999999999,0.999999999999999998,0.999999999999999998,0.999999999999999998,0.999999999999999998,NaN
1.201999999999999999,0.999999999999999996,0.999999999999999996,0.999999999999999996,0.999999999999999996,NaN
1.203999999999999999,0.999999999999999999,0.999999999999999999,0.999999999999999999,0.999999999999999999,NaN
1.205999999999999999,0.999999999999999997,0.999999999999999997,0.999999999999999997,0.999999999999999997,NaN
1.207999999999999999,0.999999999999999995,0.999999999999999996,0.999999999999999996,0.999999999999999996,NaN
1.209999999999999999,0.999999999999999998,0.999999999999999998,0.999999999999999998,0.999999999999999998,NaN
1.211999999999999999,0.999999999999999996,0.999999999999999996,0.999999999999999996,0.999999999999999996,NaN
1.213999999999999999,0.999999999999999999,0.999999999999999999,0.999999999999999999,0.999999999999999999,NaN
1.215999999999999999,0.999999999999999997,0.999999999999999997,0.999999999999999997,0.999999999999999997,NaN
1.217999999999999999,0.999999999999999995,0.999999999999999996,0.999999999999999996,0.999999999999999996,NaN
1.219999999999999999,0.999999999999999998,0.999999999999999998,0.999999999999999998,0.999999999999999998,NaN
1.221999999999999999,0.999999999999999996,0.999999999999999996,0.999999999999999996,0.999999999999999996,NaN
1.223999999999999999,0.999999999999999999,0.999999999999999999,0.999999999999999999,0.999999999999999999,NaN
1.225999999999999999,0.999999999999999997,0.999999999999999997,0.999999999999999997,0.999999999999999997,NaN
1.227999999999999999,0.999999999999999995,0.999999999999999996,0.999999999999999996,0.999999999999999996,NaN
1.229999999999999999,0.999999999999999998,0.999999999999999998,0.999999999999999998,0.999999999999999998,NaN
1.231999999999999999,0.999999999999999996,0.999999999999999996,0.999999999999999996,0.999999999999999996,NaN
1.233999999999999999,0.999999999999999999,0.999999999999999999,0.999999999999999999,0.999999999999999999,NaN
1.235999999999999999,0.999999999999999997,0.999999999999999997,0.999999999999999997,0.999999999999999997,NaN
1.237999999999999999,0.999999999999999995,0.999999999999999996,0.999999999999999996,0.999999999999999996,NaN
1.239999999999999999,0.999999999999999998,0.999999999999999998,0.999999999999999998,0.999999999999999998,NaN
1.241999999999999999,0.999999999999999996,0.999999999999999996,0.999999999999999996,0.999999999999999996,NaN
1.243999999999999999,0.999999999999999999,0.999999999999999999,0.999999999999999999,0.999999999999999999,NaN
1.245999999999999999,0.999999999999999997,0.999999999999999997,0.999999999999999997,0.999999999999999997,NaN
1.247999999999999999,0.999999999999999996,0.999999999999999996,0.999999999999999996,0.999999999999999996,NaN
1.249999999999999999,0.999999999999999998,0.999999999999999998,0.999999999999999998,0.999999999999999998,NaN
1.251999999999999999,0.999999999999999996,0.999999999999999996,0.999999999999999996,0.999999999999999996,NaN
1.253999999999999999,0.999999999999999999,0.999999999999999999,0.999999999999999999,0.999999999999999999,NaN
1.255999999999999999,0.999999999999999997,0.999999999999999997,0.999999999999999997,0.999999999999999997,NaN
1.257999999999999999,0.999999999999999999,0.999999999999999999,0.999999999999999999,0.999999999999999999,NaN
1.259999999999999999,0.999999999999999998,0.999999999999999998,0.999999999999999998,0.999999999999999998,NaN
1.261999999999999999,0.999999999999999996,0.999999999999999996,0.999999999999999996,0.999999999999999996,NaN
1.263999999999999999,0.999999999999999998,0.999999999999999999,0.999999999999999999,0.999999999999999999,NaN
1.265999999999999999,0.999999999999999997,0.999999999999999997,0.999999999999999997,0.999999999999999997,NaN
1.267999999999999999,0.999999999999999999,0.999999999999999999,0.999999999999999999,0.999999999999999999,NaN
1.269999999999999999,0.999999999999999998,0.999999999999999998,0.999999999999999998,0.999999999999999998,NaN
1.271999999999999999,0.999999999999999996,0.999999999999999996,0.999999999999999996,0.999999999999999996,NaN
1.273999999999999999,0.999999999999999998,0.999999999999999998,0.999999999999999998,0.999999999999999998,NaN
1.275999999999999999,0.999999999999999997,0.999999999999999997,0.999999999999999997,0.999999999999999997,NaN
1.277999999999999999,0.999999999999999999,0.999999999999999999,0.999999999999999999,0.999999999999999999,NaN
1.279999999999999999,0.999999999999999998,0.999999999999999998,0.999999999999999998,0.999999999999999998,NaN
1.281999999999999999,0.999999999999999996,0.999999999999999996,0.999999999999999996,0.999999999999999996,NaN
1.283999999999999999,0.999999999999999998,0.999999999999999998,0.999999999999999998,0.999999999999999998,NaN
1.285999999999999999,0.999999999999999997,0.999999999999999997,0.999999999999999997,0.999999999999999997,NaN
1.287999999999999999,0.999999999999999999,0.999999999999999999,0.999999999999999999,0.999999999999999999,NaN
1.289999999999999999,0.999999999999999998,0.999999999999999998,0.999999999999999998,0.999999999999999998,NaN
1.291999999999999999,0.999999999999999996,0.999999999999999996,0.999999999999999996,0.999999999999999996,NaN
1.293999999999999999,0.999999999999999998,0.999999999999999998,0.999999999999999998,0.999999999999999998,NaN
1.295999999999999999,0.999999999999999997,0.999999999999999997,0.999999999999999997,0.999999999999999997,NaN
1.297999999999999999,0.999999999999999999,0.999999999999999999,0.999999999999999999,0.999999999999999999,NaN
1.299999999999999999,0.999999999999999998,0.999999999999999998,0.999999999999999998,0.999999999999999998,NaN
1.301999999999999999,0.999999999999999996,0.999999999999999996,0.999999999999999996,0.999999999999999996,NaN
1.303999999999999999,0.999999999999999998,0.999999999999999998,0.999999999999999998,0.999999999999999998,NaN
1.305999999999999999,0.999999999999999997,0.999999999999999997,0.999999999999999997,0.999999999999999997,NaN
1.307999999999999999,0.999999999999999999,0.999999999999999999,0.999999999999999999,0.999999999999999999,NaN
1.309999999999999999,0.999999999999999997,0.999999999999999998,0.999999999999999998,0.999999999999999998,NaN
1.311999999999999999,0.999999999999999999,0.999999999999999999,0.999999999999999999,0.999999999999999999,NaN
1.313999999999999999,0.999999999999999998,0.999999999999999998,0.999999999999999998,0.999999999999999998,NaN
1.315999999999999999,0.999999999999999997,0.999999999999999997,0.999999999999999997,0.999999999999999997,NaN
1.317999999999999999,0.999999999999999999,0.999999999999999999,0.999999999999999999,0.999999999999999999,NaN
1.319999999999999999,0.999999999999999997,0.999999999999999998,0.999999999999999998,0.999999999999999998,NaN
1.321999999999999999,0.999999999999999999,0.999999999999999999,0.999999999999999999,0.999999999999999999,NaN
1.323999999999999999,0.999999999999999998,0.999999999999999998,0.999999999999999998,0.999999999999999998,NaN
1.325999999999999999,0.999999999999999997,0.999999999999999997,0.999999999999999997,0.999999999999999997,NaN
1.327999999999999999,0.999999999999999999,0.999999999999999999,0.999999999999999999,0.999999999999999999,NaN
1.329999999999999999,0.999999999999999997,0.999999999999999997,0.999999999999999997,0.999999999999999997,NaN
1.331999999999999999,0.999999999999999999,0.999999999999999999,0.999999999999999999,0.999999999999999999,NaN
1.333999999999999999,0.999999999999999998,0.999999999999999998,0.999999999999999998,0.999999999999999998,NaN
1.335999999999999999,0.999999999999999997,0.999999999999999997,0.999999999999999997,0.999999999999999997,NaN
1.337999999999999999,0.999999999999999998,0.999999999999999999,0.999999999999999999,0.999999999999999999,NaN
1.339999999999999999,0.999999999999999997,0.999999999999999997,0.999999999999999997,0.999999999999999997,NaN
1.341999999999999999,0.999999999999999999,0.999999999999999999,0.999999999999999999,0.999999999999999999,NaN
1.343999999999999999,0.999999999999999998,0.999999999999999998,0.999999999999999998,0.999999999999999998,NaN
1.345999999999999999,0.999999999999999997,0.999999999999999997,0.999999999999999997,0.999999999999999997,NaN
1.347999999999999999,0.999999999999999998,0.999999999999999999,0.999999999999999999,0.999999999999999999,NaN
1.349999999999999999,0.999999999999999997,0.999999999999999997,0.999999999999999997,0.999999999999999997,NaN
1.351999999999999999,0.999999999999999999,0.999999999999999999,0.999999999999999999,0.999999999999999999,NaN
1.353999999999999999,0.999999999999999998,0.999999999999999998,0.999999999999999998,0.999999999999999998,NaN
1.355999999999999999,0.999999999999999997,0.999999999999999997,0.999999999999999997,0.999999999999999997,NaN
1.357999999999999999,0.999999999999999998,0.999999999999999998,0.999999999999999998,0.999999999999999998,NaN
1.359999999999999999,0.999999999999999997,0.999999999999999997,0.999999999999999997,0.999999999999999997,NaN
1.361999999999999999,0.999999999999999999,0.999999999999999999,0.999999999999999999,0.999999999999999999,NaN
1.363999999999999999,0.999999999999999998,0.999999999999999998,0.999999999999999998,0.999999999999999998,NaN
1.365999999999999999,0.999999999999999999,0.999999999999999999,0.999999999999999999,0.999999999999999999,NaN
1.367999999999999999,0.999999999999999998,0.999999999999999998,0.999999999999999998,0.999999999999999998,NaN
1.369999999999999999,0.999999999999999997,0.999999999999999997,0.999999999999999997,0.999999999999999997,NaN
1.371999999999999999,0.999999999999999999,0.999999999999999999,0.999999999999999999,0.999999999999999999,NaN
1.373999999999999999,0.999999999999999998,0.999999999999999998,0.999999999999999998,0.999999999999999998,NaN
1.375999999999999999,0.999999999999999999,0.999999999999999999,0.999999999999999999,0.999999999999999999,NaN
1.377999999999999999,0.999999999999999998,0.999999999999999998,0.999999999999999998,0.999999999999999998,NaN
1.379999999999999999,0.999999999999999997,0.999999999999999997,0.999999999999999997,0.999999999999999997,NaN
1.381999999999999999,0.999999999999999999,0.999999999999999999,0.999999999999999999,0.999999999999999999,NaN
1.383999999999999999,0.999999999999999998,0.999999999999999998,0.999999999999999998,0.999999999999999998,NaN
1.385999999999999999,0.999999999999999999,0.999999999999999999,0.999999999999999999,0.999999999999999999,NaN
1.387999999999999999,0.999999999999999998,0.999999999999999998,0.999999999999999998,0.999999999999999998,NaN
1.389999999999999999,0.999999999999999997,0.999999999999999997,0.999999999999999997,0.999999999999999997,NaN
1.391999999999999999,0.999999999999999999,0.999999999999999999,0.999999999999999999,0.999999999999999999,NaN
1.393999999999999999,0.999999999999999998,0.999999999999999998,0.999999999999999998,0.999999999999999998,NaN
1.395999999999999999,0.999999999999999999,0.999999999999999999,0.999999999999999999,0.999999999999999999,NaN
1.397999999999999999,0.999999999999999998,0.999999999999999998,0.999999999999999998,0.999999999999999998,NaN
1.399999999999999999,0.999999999999999997,0.999999999999999997,0.999999999999999997,0.999999999999999997,NaN
1.401999999999999999,0.999999999999999999,0.999999999999999999,0.999999999999999999,0.999999999999999999,NaN
1.403999999999999999,0.999999999999999998,0.999999999999999998,0.999999999999999998,0.999999999999999998,NaN
1.405999999999999999,0.999999999999999999,0.999999999999999999,0.999999999999999999,0.999999999999999999,NaN
1.407999999999999999,0.999999999999999998,0.999999999999999998,0.999999999999999998,0.999999999999999998,NaN
1.409999999999999999,0.999999999999999997,0.999999999999999997,0.999999999999999997,0.999999999999999997,NaN
1.411999999999999999,0.999999999999999999,0.999999999999999999,0.999999999999999999,0.999999999999999999,NaN
1.413999999999999999,0.999999999999999998,0.999999999999999998,0.999999999999999998,0.999999999999999998,NaN
1.415999999999999999,0.999999999999999999,0.999999999999999999,0.999999999999999999,0.999999999999999999,NaN
1.417999999999999999,0.999999999999999998,0.999999999999999998,0.999999999999999998,0.999999999999999998,NaN
1.419999999999999999,0.999999999999999997,0.999999999999999997,0.999999999999999997,0.999999999999999997,NaN
1.421999999999999999,0.999999999999999998,0.999999999999999999,0.999999999999999999,0.999999999999999999,NaN
1.423999999999999999,0.999999999999999998,0.999999999999999998,0.999999999999999998,0.999999999999999998,NaN
1.425999999999999999,0.999999999999999999,0.999999999999999999,0.999999999999999999,0.999999999999999999,NaN
1.427999999999999999,0.999999999999999998,0.999999999999999998,0.999999999999999998,0.999999999999999998,NaN
1.429999999999999999,0.999999999999999999,0.999999999999999999,0.999999999999999999,0.999999999999999999,NaN
1.431999999999999999,0.999999999999999998,0.999999999999999998,0.999999999999999999,0.999999999999999999,NaN
1.433999999999999999,0.999999999999999997,0.999999999999999998,0.999999999999999998,0.999999999999999998,NaN
1.435999999999999999,0.999999999999999999,0.999999999999999999,0.999999999999999999,0.999999999999999999,NaN
1.437999999999999999,0.999999999999999998,0.999999999999999998,0.999999999999999998,0.999999999999999998,NaN
1.439999999999999999,0.999999999999999999,0.999999999999999999,0.999999999999999999,0.999999999999999999,NaN
1.441999999999999999,0.999999999999999998,0.999999999999999998,0.999999999999999998,0.999999999999999998,NaN
1.443999999999999999,0.999999999999999998,0.999999999999999998,0.999999999999999998,0.999999999999999998,NaN
1.445999999999999999,0.999999999999999999,0.999999999999999999,0.999999999999999999,0.999999999999999999,NaN
1.447999999999999999,0.999999999999999998,0.999999999999999998,0.999999999999999998,0.999999999999999998,NaN
1.449999999999999999,0.999999999999999999,0.999999999999999999,0.999999999999999999,0.999999999999999999,NaN
1.451999999999999999,0.999999999999999998,0.999999999999999998,0.999999999999999998,0.999999999999999998,NaN
1.453999999999999999,0.999999999999999997,0.999999999999999998,0.999999999999999998,0.999999999999999998,NaN
1.455999999999999999,0.999999999999999999,0.999999999999999999,0.999999999999999999,0.999999999999999999,NaN
1.457999999999999999,0.999999999999999998,0.999999999999999998,0.999999999999999998,0.999999999999999998,NaN
1.459999999999999999,0.999999999999999999,0.999999999999999999,0.999999999999999999,0.999999999999999999,NaN
1.461999999999999999,0.999999999999999998,0.999999999999999998,0.999999999999999998,0.999999999999999998,NaN
1.463999999999999999,0.999999999999999997,0.999999999999999997,0.999999999999999997,0.999999999999999997,NaN
1.465999999999999999,0.999999999999999999,0.999999999999999999,0.999999999999999999,0.999999999999999999,NaN
1.467999999999999999,0.999999999999999998,0.999999999999999998,0.999999999999999998,0.999999999999999998,NaN
1.469999999999999999,0.999999999999999999,0.999999999999999999,0.999999999999999999,0.999999999999999999,NaN
1.471999999999999999,0.999999999999999998,0.999999999999999998,0.999999999999999998,0.999999999999999998,NaN
1.473999999999999999,0.999999999999999997,0.999999999999999997,0.999999999999999997,0.999999999999999997,NaN
1.475999999999999999,0.999999999999999999,0.999999999999999999,0.999999999999999999,0.999999999999999999,NaN
1.477999999999999999,0.999999999999999998,0.999999999999999998,0.999999999999999998,0.999999999999999998,NaN
1.479999999999999999,0.999999999999999999,0.999999999999999999,0.999999999999999999,0.999999999999999999,NaN
1.481999999999999999,0.999999999999999998,0.999999999999999998,0.999999999999999998,0.999999999999999998,NaN
1.483999999999999999,0.999999999999999999,0.999999999999999999,0.999999999999999999,0.999999999999999999,NaN
1.485999999999999999,0.999999999999999999,0.999999999999999999,0.999999999999999999,0.999999999999999999,NaN
1.487999999999999999,0.999999999999999998,0.999999999999999998,0.999999999999999998,0.999999999999999998,NaN
1.489999999999999999,0.999999999999999999,0.999999999999999999,0.999999999999999999,0.999999999999999999,NaN
1.491999999999999999,0.999999999999999998,0.999999999999999998,0.999999999999999998,0.999999999999999998,NaN
1.493999999999999999,0.999999999999999999,0.999999999999999999,0.999999999999999999,0.999999999999999999,NaN
1.495999999999999999,0.999999999999999999,0.999999999999999999,0.999999999999999999,0.999999999999999999,NaN
1.497999999999999999,0.999999999999999998,0.999999999999999998,0.999999999999999998,0.999999999999999998,NaN
1.499999999999999999,0.999999999999999999,0.999999999999999999,0.999999999999999999,0.999999999999999999,NaN
1.501999999999999999,0.999999999999999998,0.999999999999999998,0.999999999999999998,0.999999999999999998,NaN
1.503999999999999999,0.999999999999999999,0.999999999999999999,0.999999999999999999,0.999999999999999999,NaN
1.505999999999999999,0.999999999999999998,0.999999999999999999,0.999999999999999999,0.999999999999999999,NaN
1.507999999999999999,0.999999999999999998,0.999999999999999998,0.999999999999999998,0.999999999999999998,NaN
1.509999999999999999,0.999999999999999999,0.999999999999999999,0.999999999999999999,0.999999999999999999,NaN
1.511999999999999999,0.999999999999999998,0.999999999999999998,0.999999999999999998,0.999999999999999998,NaN
1.513999999999999999,0.999999999999999999,0.999999999999999999,0.999999999999999999,0.999999999999999999,NaN
1.515999999999999999,0.999999999999999998,0.999999999999999998,0.999999999999999998,0.999999999999999998,NaN
1.517999999999999999,0.999999999999999998,0.999999999999999998,0.999999999999999998,0.999999999999999998,NaN
1.519999999999999999,0.999999999999999999,0.999999999999999999,0.999999999999999999,0.999999999999999999,NaN
1.521999999999999999,0.999999999999999998,0.999999999999999998,0.999999999999999998,0.999999999999999998,NaN
1.523999999999999999,0.999999999999999999,0.999999999999999999,0.999999999999999999,0.999999999999999999,NaN
1.525999999999999999,0.999999999999999998,0.999999999999999998,0.999999999999999998,0.999999999999999998,NaN
1.527999999999999999,0.999999999999999998,0.999999999999999998,0.999999999999999998,0.999999999999999998,NaN
1.529999999999999999,0.999999999999999999,0.999999999999999999,0.999999999999999999,0.999999999999999999,NaN
1.531999999999999999,0.999999999999999998,0.999999999999999998,0.999999999999999998,0.999999999999999998,NaN
1.533999999999999999,0.999999999999999999,0.999999999999999999,0.999999999999999999,0.999999999999999999,NaN
1.535999999999999999,0.999999999999999998,0.999999999999999998,0.999999999999999998,0.999999999999999998,NaN
1.537999999999999999,0.999999999999999999,0.999999999999999999,0.999999999999999999,0.999999999999999999,NaN
1.539999999999999999,0.999999999999999999,0.999999999999999999,0.999999999999999999,0.999999999999999999,NaN
1.541999999999999999,0.999999999999999998,0.999999999999999998,0.999999999999999998,0.999999999999999998,NaN
1.543999999999999999,0.999999999999999999,0.999999999999999999,0.999999999999999999,0.999999999999999999,NaN
1.545999999999999999,0.999999999999999998,0.999999999999999998,0.999999999999999998,0.999999999999999998,NaN
1.547999999999999999,0.999999999999999999,0.999999999999999999,0.999999999999999999,0.999999999999999999,NaN
1.549999999999999999,0.999999999999999999,0.999999999999999999,0.999999999999999999,0.999999999999999999,NaN
1.551999999999999999,0.999999999999999998,0.999999999999999998,0.999999999999999998,0.999999999999999998,NaN
1.553999999999999999,0.999999999999999999,0.999999999999999999,0.999999999999999999,0.999999999999999999,NaN
1.555999999999999999,0.999999999999999998,0.999999999999999998,0.999999999999999998,0.999999999999999998,NaN
1.557999999999999999,0.999999999999999999,0.999999999999999999,0.999999999999999999,0.999999999999999999,NaN
1.559999999999999999,0.999999999999999999,0.999999999999999999,0.999999999999999999,0.999999999999999999,NaN
1.561999999999999999,0.999999999999999998,0.999999999999999998,0.999999999999999998,0.999999999999999998,NaN
1.563999999999999999,0.999999999999999999,0.999999999999999999,0.999999999999999999,0.999999999999999999,NaN
1.565999999999999999,0.999999999999999998,0.999999999999999998,0.999999999999999998,0.999999999999999998,NaN
1.567999999999999999,0.999999999999999999,0.999999999999999999,0.999999999999999999,0.999999999999999999,NaN
1.569999999999999999,0.999999999999999999,0.999999999999999999,0.999999999999999999,0.999999999999999999,NaN
1.571999999999999999,0.999999999999999998,0.999999999999999998,0.999999999999999998,0.999999999999999998,NaN
1.573999999999999999,0.999999999999999999,0.999999999999999999,0.999999999999999999,0.999999999999999999,NaN
1.575999999999999999,0.999999999999999998,0.999999999999999998,0.999999999999999998,0.999999999999999998,NaN
1.577999999999999999,0.999999999999999999,0.999999999999999999,0.999999999999999999,0.999999999999999999,NaN
1.579999999999999999,0.999999999999999998,0.999999999999999999,0.999999999999999999,0.999999999999999999,NaN
1.581999999999999999,0.999999999999999998,0.999999999999999998,0.999999999999999998,0.999999999999999998,NaN
1.583999999999999999,0.999999999999999999,0.999999999999999999,0.999999999999999999,0.999999999999999999,NaN
1.585999999999999999,0.999999999999999998,0.999999999999999998,0.999999999999999998,0.999999999999999998,NaN
1.587999999999999999,0.999999999999999999,0.999999999999999999,0.999999999999999999,0.999999999999999999,NaN
1.589999999999999999,0.999999999999999998,0.999999999999999999,0.999999999999999999,0.999999999999999999,NaN
1.592000000000000000,1.000000000000000000,1.000000000000000000,1.000000000000000000,1.000000000000000000,NaN
1.593999999999999999,0.999999999999999999,0.999999999999999999,0.999999999999999999,0.999999999999999999,NaN
1.595999999999999999,0.999999999999999998,0.999999999999999998,0.999999999999999998,0.999999999999999998,NaN
1.597999999999999999,0.999999999999999999,0.999999999999999999,0.999999999999999999,0.999999999999999999,NaN
1.599999999999999999,0.999999999999999998,0.999999999999999998,0.999999999999999998,0.999999999999999998,NaN
