start CR,rebalance,collateral ratio,leverage ratio,leveraged price,pegged supply,collateral pool pegged,leveraged pool pegged,leveraged returned,leveraged value returned,pegged value given up
0.010000000000000000,0,0.010000000000000000,115792089237316195423570985008687907853269984665640564039457.584007913129639935,0.000000000000000000,1000000.000000000000000000,0.000000000000000000,400000.000000000000000000,0.000000000000000000,0.000000000000000000,0.000000000000000000
0.020000000000000000,0,0.020000000000000000,115792089237316195423570985008687907853269984665640564039457.584007913129639935,0.000000000000000000,1000000.000000000000000000,0.000000000000000000,400000.000000000000000000,0.000000000000000000,0.000000000000000000,0.000000000000000000
0.030000000000000000,0,0.030000000000000000,115792089237316195423570985008687907853269984665640564039457.584007913129639935,0.000000000000000000,1000000.000000000000000000,0.000000000000000000,400000.000000000000000000,0.000000000000000000,0.000000000000000000,0.000000000000000000
0.040000000000000000,0,0.040000000000000000,115792089237316195423570985008687907853269984665640564039457.584007913129639935,0.000000000000000000,1000000.000000000000000000,0.000000000000000000,400000.000000000000000000,0.000000000000000000,0.000000000000000000,0.000000000000000000
0.050000000000000000,0,0.050000000000000000,115792089237316195423570985008687907853269984665640564039457.584007913129639935,0.000000000000000000,1000000.000000000000000000,0.000000000000000000,400000.000000000000000000,0.000000000000000000,0.000000000000000000,0.000000000000000000
0.060000000000000000,0,0.060000000000000000,115792089237316195423570985008687907853269984665640564039457.584007913129639935,0.000000000000000000,1000000.000000000000000000,0.000000000000000000,400000.000000000000000000,0.000000000000000000,0.000000000000000000,0.000000000000000000
0.070000000000000000,0,0.070000000000000000,115792089237316195423570985008687907853269984665640564039457.584007913129639935,0.000000000000000000,1000000.000000000000000000,0.000000000000000000,400000.000000000000000000,0.000000000000000000,0.000000000000000000,0.000000000000000000
0.080000000000000000,0,0.080000000000000000,115792089237316195423570985008687907853269984665640564039457.584007913129639935,0.000000000000000000,1000000.000000000000000000,0.000000000000000000,400000.000000000000000000,0.000000000000000000,0.000000000000000000,0.000000000000000000
0.090000000000000000,0,0.090000000000000000,115792089237316195423570985008687907853269984665640564039457.584007913129639935,0.000000000000000000,1000000.000000000000000000,0.000000000000000000,400000.000000000000000000,0.000000000000000000,0.000000000000000000,0.000000000000000000
0.100000000000000000,0,0.100000000000000000,115792089237316195423570985008687907853269984665640564039457.584007913129639935,0.000000000000000000,1000000.000000000000000000,0.000000000000000000,400000.000000000000000000,0.000000000000000000,0.000000000000000000,0.000000000000000000
0.110000000000000000,0,0.110000000000000000,115792089237316195423570985008687907853269984665640564039457.584007913129639935,0.000000000000000000,1000000.000000000000000000,0.000000000000000000,400000.000000000000000000,0.000000000000000000,0.000000000000000000,0.000000000000000000
0.120000000000000000,0,0.120000000000000000,115792089237316195423570985008687907853269984665640564039457.584007913129639935,0.000000000000000000,1000000.000000000000000000,0.000000000000000000,400000.000000000000000000,0.000000000000000000,0.000000000000000000,0.000000000000000000
0.130000000000000000,0,0.130000000000000000,115792089237316195423570985008687907853269984665640564039457.584007913129639935,0.000000000000000000,1000000.000000000000000000,0.000000000000000000,400000.000000000000000000,0.000000000000000000,0.000000000000000000,0.000000000000000000
0.140000000000000000,0,0.140000000000000000,115792089237316195423570985008687907853269984665640564039457.584007913129639935,0.000000000000000000,1000000.000000000000000000,0.000000000000000000,400000.000000000000000000,0.000000000000000000,0.000000000000000000,0.000000000000000000
0.150000000000000000,0,0.150000000000000000,115792089237316195423570985008687907853269984665640564039457.584007913129639935,0.000000000000000000,1000000.000000000000000000,0.000000000000000000,400000.000000000000000000,0.000000000000000000,0.000000000000000000,0.000000000000000000
0.160000000000000000,0,0.160000000000000000,115792089237316195423570985008687907853269984665640564039457.584007913129639935,0.000000000000000000,1000000.000000000000000000,0.000000000000000000,400000.000000000000000000,0.000000000000000000,0.000000000000000000,0.000000000000000000
0.170000000000000000,0,0.170000000000000000,115792089237316195423570985008687907853269984665640564039457.584007913129639935,0.000000000000000000,1000000.000000000000000000,0.000000000000000000,400000.000000000000000000,0.000000000000000000,0.000000000000000000,0.000000000000000000
0.180000000000000000,0,0.180000000000000000,115792089237316195423570985008687907853269984665640564039457.584007913129639935,0.000000000000000000,1000000.000000000000000000,0.000000000000000000,400000.000000000000000000,0.000000000000000000,0.000000000000000000,0.000000000000000000
0.190000000000000000,0,0.190000000000000000,115792089237316195423570985008687907853269984665640564039457.584007913129639935,0.000000000000000000,1000000.000000000000000000,0.000000000000000000,400000.000000000000000000,0.000000000000000000,0.000000000000000000,0.000000000000000000
0.200000000000000000,0,0.200000000000000000,115792089237316195423570985008687907853269984665640564039457.584007913129639935,0.000000000000000000,1000000.000000000000000000,0.000000000000000000,400000.000000000000000000,0.000000000000000000,0.000000000000000000,0.000000000000000000
0.210000000000000000,0,0.210000000000000000,115792089237316195423570985008687907853269984665640564039457.584007913129639935,0.000000000000000000,1000000.000000000000000000,0.000000000000000000,400000.000000000000000000,0.000000000000000000,0.000000000000000000,0.000000000000000000
0.220000000000000000,0,0.220000000000000000,115792089237316195423570985008687907853269984665640564039457.584007913129639935,0.000000000000000000,1000000.000000000000000000,0.000000000000000000,400000.000000000000000000,0.000000000000000000,0.000000000000000000,0.000000000000000000
0.230000000000000000,0,0.230000000000000000,115792089237316195423570985008687907853269984665640564039457.584007913129639935,0.000000000000000000,1000000.000000000000000000,0.000000000000000000,400000.000000000000000000,0.000000000000000000,0.000000000000000000,0.000000000000000000
0.240000000000000000,0,0.240000000000000000,115792089237316195423570985008687907853269984665640564039457.584007913129639935,0.000000000000000000,1000000.000000000000000000,0.000000000000000000,400000.000000000000000000,0.000000000000000000,0.000000000000000000,0.000000000000000000
0.250000000000000000,0,0.250000000000000000,115792089237316195423570985008687907853269984665640564039457.584007913129639935,0.000000000000000000,1000000.000000000000000000,0.000000000000000000,400000.000000000000000000,0.000000000000000000,0.000000000000000000,0.000000000000000000
0.260000000000000000,0,0.260000000000000000,115792089237316195423570985008687907853269984665640564039457.584007913129639935,0.000000000000000000,1000000.000000000000000000,0.000000000000000000,400000.000000000000000000,0.000000000000000000,0.000000000000000000,0.000000000000000000
0.270000000000000000,0,0.270000000000000000,115792089237316195423570985008687907853269984665640564039457.584007913129639935,0.000000000000000000,1000000.000000000000000000,0.000000000000000000,400000.000000000000000000,0.000000000000000000,0.000000000000000000,0.000000000000000000
0.280000000000000000,0,0.280000000000000000,115792089237316195423570985008687907853269984665640564039457.584007913129639935,0.000000000000000000,1000000.000000000000000000,0.000000000000000000,400000.000000000000000000,0.000000000000000000,0.000000000000000000,0.000000000000000000
0.290000000000000000,0,0.290000000000000000,115792089237316195423570985008687907853269984665640564039457.584007913129639935,0.000000000000000000,1000000.000000000000000000,0.000000000000000000,400000.000000000000000000,0.000000000000000000,0.000000000000000000,0.000000000000000000
0.300000000000000000,0,0.300000000000000000,115792089237316195423570985008687907853269984665640564039457.584007913129639935,0.000000000000000000,1000000.000000000000000000,0.000000000000000000,400000.000000000000000000,0.000000000000000000,0.000000000000000000,0.000000000000000000
0.310000000000000000,0,0.310000000000000000,115792089237316195423570985008687907853269984665640564039457.584007913129639935,0.000000000000000000,1000000.000000000000000000,0.000000000000000000,400000.000000000000000000,0.000000000000000000,0.000000000000000000,0.000000000000000000
0.320000000000000000,0,0.320000000000000000,115792089237316195423570985008687907853269984665640564039457.584007913129639935,0.000000000000000000,1000000.000000000000000000,0.000000000000000000,400000.000000000000000000,0.000000000000000000,0.000000000000000000,0.000000000000000000
0.330000000000000000,0,0.330000000000000000,115792089237316195423570985008687907853269984665640564039457.584007913129639935,0.000000000000000000,1000000.000000000000000000,0.000000000000000000,400000.000000000000000000,0.000000000000000000,0.000000000000000000,0.000000000000000000
0.340000000000000000,0,0.340000000000000000,115792089237316195423570985008687907853269984665640564039457.584007913129639935,0.000000000000000000,1000000.000000000000000000,0.000000000000000000,400000.000000000000000000,0.000000000000000000,0.000000000000000000,0.000000000000000000
0.350000000000000000,0,0.350000000000000000,115792089237316195423570985008687907853269984665640564039457.584007913129639935,0.000000000000000000,1000000.000000000000000000,0.000000000000000000,400000.000000000000000000,0.000000000000000000,0.000000000000000000,0.000000000000000000
0.360000000000000000,0,0.360000000000000000,115792089237316195423570985008687907853269984665640564039457.584007913129639935,0.000000000000000000,1000000.000000000000000000,0.000000000000000000,400000.000000000000000000,0.000000000000000000,0.000000000000000000,0.000000000000000000
0.370000000000000000,0,0.370000000000000000,115792089237316195423570985008687907853269984665640564039457.584007913129639935,0.000000000000000000,1000000.000000000000000000,0.000000000000000000,400000.000000000000000000,0.000000000000000000,0.000000000000000000,0.000000000000000000
0.380000000000000000,0,0.380000000000000000,115792089237316195423570985008687907853269984665640564039457.584007913129639935,0.000000000000000000,1000000.000000000000000000,0.000000000000000000,400000.000000000000000000,0.000000000000000000,0.000000000000000000,0.000000000000000000
0.390000000000000000,0,0.390000000000000000,115792089237316195423570985008687907853269984665640564039457.584007913129639935,0.000000000000000000,1000000.000000000000000000,0.000000000000000000,400000.000000000000000000,0.000000000000000000,0.000000000000000000,0.000000000000000000
0.400000000000000000,0,0.400000000000000000,115792089237316195423570985008687907853269984665640564039457.584007913129639935,0.000000000000000000,1000000.000000000000000000,0.000000000000000000,400000.000000000000000000,0.000000000000000000,0.000000000000000000,0.000000000000000000
0.410000000000000000,0,0.410000000000000000,115792089237316195423570985008687907853269984665640564039457.584007913129639935,0.000000000000000000,1000000.000000000000000000,0.000000000000000000,400000.000000000000000000,0.000000000000000000,0.000000000000000000,0.000000000000000000
0.420000000000000000,0,0.420000000000000000,115792089237316195423570985008687907853269984665640564039457.584007913129639935,0.000000000000000000,1000000.000000000000000000,0.000000000000000000,400000.000000000000000000,0.000000000000000000,0.000000000000000000,0.000000000000000000
0.430000000000000000,0,0.430000000000000000,115792089237316195423570985008687907853269984665640564039457.584007913129639935,0.000000000000000000,1000000.000000000000000000,0.000000000000000000,400000.000000000000000000,0.000000000000000000,0.000000000000000000,0.000000000000000000
0.440000000000000000,0,0.440000000000000000,115792089237316195423570985008687907853269984665640564039457.584007913129639935,0.000000000000000000,1000000.000000000000000000,0.000000000000000000,400000.000000000000000000,0.000000000000000000,0.000000000000000000,0.000000000000000000
0.450000000000000000,0,0.450000000000000000,115792089237316195423570985008687907853269984665640564039457.584007913129639935,0.000000000000000000,1000000.000000000000000000,0.000000000000000000,400000.000000000000000000,0.000000000000000000,0.000000000000000000,0.000000000000000000
0.460000000000000000,0,0.460000000000000000,115792089237316195423570985008687907853269984665640564039457.584007913129639935,0.000000000000000000,1000000.000000000000000000,0.000000000000000000,400000.000000000000000000,0.000000000000000000,0.000000000000000000,0.000000000000000000
0.470000000000000000,0,0.470000000000000000,115792089237316195423570985008687907853269984665640564039457.584007913129639935,0.000000000000000000,1000000.000000000000000000,0.000000000000000000,400000.000000000000000000,0.000000000000000000,0.000000000000000000,0.000000000000000000
0.480000000000000000,0,0.480000000000000000,115792089237316195423570985008687907853269984665640564039457.584007913129639935,0.000000000000000000,1000000.000000000000000000,0.000000000000000000,400000.000000000000000000,0.000000000000000000,0.000000000000000000,0.000000000000000000
0.490000000000000000,0,0.490000000000000000,115792089237316195423570985008687907853269984665640564039457.584007913129639935,0.000000000000000000,1000000.000000000000000000,0.000000000000000000,400000.000000000000000000,0.000000000000000000,0.000000000000000000,0.000000000000000000
0.500000000000000000,0,0.500000000000000000,115792089237316195423570985008687907853269984665640564039457.584007913129639935,0.000000000000000000,1000000.000000000000000000,0.000000000000000000,400000.000000000000000000,0.000000000000000000,0.000000000000000000,0.000000000000000000
0.510000000000000000,0,0.510000000000000000,115792089237316195423570985008687907853269984665640564039457.584007913129639935,0.000000000000000000,1000000.000000000000000000,0.000000000000000000,400000.000000000000000000,0.000000000000000000,0.000000000000000000,0.000000000000000000
0.520000000000000000,0,0.520000000000000000,115792089237316195423570985008687907853269984665640564039457.584007913129639935,0.000000000000000000,1000000.000000000000000000,0.000000000000000000,400000.000000000000000000,0.000000000000000000,0.000000000000000000,0.000000000000000000
0.530000000000000000,0,0.530000000000000000,115792089237316195423570985008687907853269984665640564039457.584007913129639935,0.000000000000000000,1000000.000000000000000000,0.000000000000000000,400000.000000000000000000,0.000000000000000000,0.000000000000000000,0.000000000000000000
0.540000000000000000,0,0.540000000000000000,115792089237316195423570985008687907853269984665640564039457.584007913129639935,0.000000000000000000,1000000.000000000000000000,0.000000000000000000,400000.000000000000000000,0.000000000000000000,0.000000000000000000,0.000000000000000000
0.550000000000000000,0,0.550000000000000000,115792089237316195423570985008687907853269984665640564039457.584007913129639935,0.000000000000000000,1000000.000000000000000000,0.000000000000000000,400000.000000000000000000,0.000000000000000000,0.000000000000000000,0.000000000000000000
0.560000000000000000,0,0.560000000000000000,115792089237316195423570985008687907853269984665640564039457.584007913129639935,0.000000000000000000,1000000.000000000000000000,0.000000000000000000,400000.000000000000000000,0.000000000000000000,0.000000000000000000,0.000000000000000000
0.570000000000000000,0,0.570000000000000000,115792089237316195423570985008687907853269984665640564039457.584007913129639935,0.000000000000000000,1000000.000000000000000000,0.000000000000000000,400000.000000000000000000,0.000000000000000000,0.000000000000000000,0.000000000000000000
0.580000000000000000,0,0.580000000000000000,115792089237316195423570985008687907853269984665640564039457.584007913129639935,0.000000000000000000,1000000.000000000000000000,0.000000000000000000,400000.000000000000000000,0.000000000000000000,0.000000000000000000,0.000000000000000000
0.590000000000000000,0,0.590000000000000000,115792089237316195423570985008687907853269984665640564039457.584007913129639935,0.000000000000000000,1000000.000000000000000000,0.000000000000000000,400000.000000000000000000,0.000000000000000000,0.000000000000000000,0.000000000000000000
0.600000000000000000,0,0.600000000000000000,115792089237316195423570985008687907853269984665640564039457.584007913129639935,0.000000000000000000,1000000.000000000000000000,0.000000000000000000,400000.000000000000000000,0.000000000000000000,0.000000000000000000,0.000000000000000000
0.610000000000000000,0,0.610000000000000000,115792089237316195423570985008687907853269984665640564039457.584007913129639935,0.000000000000000000,1000000.000000000000000000,0.000000000000000000,400000.000000000000000000,0.000000000000000000,0.000000000000000000,0.000000000000000000
0.620000000000000000,0,0.620000000000000000,115792089237316195423570985008687907853269984665640564039457.584007913129639935,0.000000000000000000,1000000.000000000000000000,0.000000000000000000,400000.000000000000000000,0.000000000000000000,0.000000000000000000,0.000000000000000000
0.630000000000000000,0,0.630000000000000000,115792089237316195423570985008687907853269984665640564039457.584007913129639935,0.000000000000000000,1000000.000000000000000000,0.000000000000000000,400000.000000000000000000,0.000000000000000000,0.000000000000000000,0.000000000000000000
0.640000000000000000,0,0.640000000000000000,115792089237316195423570985008687907853269984665640564039457.584007913129639935,0.000000000000000000,1000000.000000000000000000,0.000000000000000000,400000.000000000000000000,0.000000000000000000,0.000000000000000000,0.000000000000000000
0.650000000000000000,0,0.650000000000000000,115792089237316195423570985008687907853269984665640564039457.584007913129639935,0.000000000000000000,1000000.000000000000000000,0.000000000000000000,400000.000000000000000000,0.000000000000000000,0.000000000000000000,0.000000000000000000
0.660000000000000000,0,0.660000000000000000,115792089237316195423570985008687907853269984665640564039457.584007913129639935,0.000000000000000000,1000000.000000000000000000,0.000000000000000000,400000.000000000000000000,0.000000000000000000,0.000000000000000000,0.000000000000000000
0.670000000000000000,0,0.670000000000000000,115792089237316195423570985008687907853269984665640564039457.584007913129639935,0.000000000000000000,1000000.000000000000000000,0.000000000000000000,400000.000000000000000000,0.000000000000000000,0.000000000000000000,0.000000000000000000
0.680000000000000000,0,0.680000000000000000,115792089237316195423570985008687907853269984665640564039457.584007913129639935,0.000000000000000000,1000000.000000000000000000,0.000000000000000000,400000.000000000000000000,0.000000000000000000,0.000000000000000000,0.000000000000000000
0.690000000000000000,0,0.690000000000000000,115792089237316195423570985008687907853269984665640564039457.584007913129639935,0.000000000000000000,1000000.000000000000000000,0.000000000000000000,400000.000000000000000000,0.000000000000000000,0.000000000000000000,0.000000000000000000
0.700000000000000000,0,0.700000000000000000,115792089237316195423570985008687907853269984665640564039457.584007913129639935,0.000000000000000000,1000000.000000000000000000,0.000000000000000000,400000.000000000000000000,0.000000000000000000,0.000000000000000000,0.000000000000000000
0.710000000000000000,0,0.710000000000000000,115792089237316195423570985008687907853269984665640564039457.584007913129639935,0.000000000000000000,1000000.000000000000000000,0.000000000000000000,400000.000000000000000000,0.000000000000000000,0.000000000000000000,0.000000000000000000
0.720000000000000000,0,0.720000000000000000,115792089237316195423570985008687907853269984665640564039457.584007913129639935,0.000000000000000000,1000000.000000000000000000,0.000000000000000000,400000.000000000000000000,0.000000000000000000,0.000000000000000000,0.000000000000000000
0.730000000000000000,0,0.730000000000000000,115792089237316195423570985008687907853269984665640564039457.584007913129639935,0.000000000000000000,1000000.000000000000000000,0.000000000000000000,400000.000000000000000000,0.000000000000000000,0.000000000000000000,0.000000000000000000
0.740000000000000000,0,0.740000000000000000,115792089237316195423570985008687907853269984665640564039457.584007913129639935,0.000000000000000000,1000000.000000000000000000,0.000000000000000000,400000.000000000000000000,0.000000000000000000,0.000000000000000000,0.000000000000000000
0.750000000000000000,0,0.750000000000000000,115792089237316195423570985008687907853269984665640564039457.584007913129639935,0.000000000000000000,1000000.000000000000000000,0.000000000000000000,400000.000000000000000000,0.000000000000000000,0.000000000000000000,0.000000000000000000
0.760000000000000000,0,0.760000000000000000,115792089237316195423570985008687907853269984665640564039457.584007913129639935,0.000000000000000000,1000000.000000000000000000,0.000000000000000000,400000.000000000000000000,0.000000000000000000,0.000000000000000000,0.000000000000000000
0.770000000000000000,0,0.770000000000000000,115792089237316195423570985008687907853269984665640564039457.584007913129639935,0.000000000000000000,1000000.000000000000000000,0.000000000000000000,400000.000000000000000000,0.000000000000000000,0.000000000000000000,0.000000000000000000
0.780000000000000000,0,0.780000000000000000,115792089237316195423570985008687907853269984665640564039457.584007913129639935,0.000000000000000000,1000000.000000000000000000,0.000000000000000000,400000.000000000000000000,0.000000000000000000,0.000000000000000000,0.000000000000000000
0.790000000000000000,0,0.790000000000000000,115792089237316195423570985008687907853269984665640564039457.584007913129639935,0.000000000000000000,1000000.000000000000000000,0.000000000000000000,400000.000000000000000000,0.000000000000000000,0.000000000000000000,0.000000000000000000
0.800000000000000000,0,0.800000000000000000,115792089237316195423570985008687907853269984665640564039457.584007913129639935,0.000000000000000000,1000000.000000000000000000,0.000000000000000000,400000.000000000000000000,0.000000000000000000,0.000000000000000000,0.000000000000000000
0.810000000000000000,0,0.810000000000000000,115792089237316195423570985008687907853269984665640564039457.584007913129639935,0.000000000000000000,1000000.000000000000000000,0.000000000000000000,400000.000000000000000000,0.000000000000000000,0.000000000000000000,0.000000000000000000
0.820000000000000000,0,0.820000000000000000,115792089237316195423570985008687907853269984665640564039457.584007913129639935,0.000000000000000000,1000000.000000000000000000,0.000000000000000000,400000.000000000000000000,0.000000000000000000,0.000000000000000000,0.000000000000000000
0.830000000000000000,0,0.830000000000000000,115792089237316195423570985008687907853269984665640564039457.584007913129639935,0.000000000000000000,1000000.000000000000000000,0.000000000000000000,400000.000000000000000000,0.000000000000000000,0.000000000000000000,0.000000000000000000
0.840000000000000000,0,0.840000000000000000,115792089237316195423570985008687907853269984665640564039457.584007913129639935,0.000000000000000000,1000000.000000000000000000,0.000000000000000000,400000.000000000000000000,0.000000000000000000,0.000000000000000000,0.000000000000000000
0.850000000000000000,0,0.850000000000000000,115792089237316195423570985008687907853269984665640564039457.584007913129639935,0.000000000000000000,1000000.000000000000000000,0.000000000000000000,400000.000000000000000000,0.000000000000000000,0.000000000000000000,0.000000000000000000
0.860000000000000000,0,0.860000000000000000,115792089237316195423570985008687907853269984665640564039457.584007913129639935,0.000000000000000000,1000000.000000000000000000,0.000000000000000000,400000.000000000000000000,0.000000000000000000,0.000000000000000000,0.000000000000000000
0.870000000000000000,0,0.870000000000000000,115792089237316195423570985008687907853269984665640564039457.584007913129639935,0.000000000000000000,1000000.000000000000000000,0.000000000000000000,400000.000000000000000000,0.000000000000000000,0.000000000000000000,0.000000000000000000
0.880000000000000000,0,0.880000000000000000,115792089237316195423570985008687907853269984665640564039457.584007913129639935,0.000000000000000000,1000000.000000000000000000,0.000000000000000000,400000.000000000000000000,0.000000000000000000,0.000000000000000000,0.000000000000000000
0.890000000000000000,0,0.890000000000000000,115792089237316195423570985008687907853269984665640564039457.584007913129639935,0.000000000000000000,1000000.000000000000000000,0.000000000000000000,400000.000000000000000000,0.000000000000000000,0.000000000000000000,0.000000000000000000
0.900000000000000000,0,0.900000000000000000,115792089237316195423570985008687907853269984665640564039457.584007913129639935,0.000000000000000000,1000000.000000000000000000,0.000000000000000000,400000.000000000000000000,0.000000000000000000,0.000000000000000000,0.000000000000000000
0.910000000000000000,0,0.910000000000000000,115792089237316195423570985008687907853269984665640564039457.584007913129639935,0.000000000000000000,1000000.000000000000000000,0.000000000000000000,400000.000000000000000000,0.000000000000000000,0.000000000000000000,0.000000000000000000
0.920000000000000000,0,0.920000000000000000,115792089237316195423570985008687907853269984665640564039457.584007913129639935,0.000000000000000000,1000000.000000000000000000,0.000000000000000000,400000.000000000000000000,0.000000000000000000,0.000000000000000000,0.000000000000000000
0.930000000000000000,0,0.930000000000000000,115792089237316195423570985008687907853269984665640564039457.584007913129639935,0.000000000000000000,1000000.000000000000000000,0.000000000000000000,400000.000000000000000000,0.000000000000000000,0.000000000000000000,0.000000000000000000
0.940000000000000000,0,0.940000000000000000,115792089237316195423570985008687907853269984665640564039457.584007913129639935,0.000000000000000000,1000000.000000000000000000,0.000000000000000000,400000.000000000000000000,0.000000000000000000,0.000000000000000000,0.000000000000000000
0.950000000000000000,0,0.950000000000000000,115792089237316195423570985008687907853269984665640564039457.584007913129639935,0.000000000000000000,1000000.000000000000000000,0.000000000000000000,400000.000000000000000000,0.000000000000000000,0.000000000000000000,0.000000000000000000
0.960000000000000000,0,0.960000000000000000,115792089237316195423570985008687907853269984665640564039457.584007913129639935,0.000000000000000000,1000000.000000000000000000,0.000000000000000000,400000.000000000000000000,0.000000000000000000,0.000000000000000000,0.000000000000000000
0.970000000000000000,0,0.970000000000000000,115792089237316195423570985008687907853269984665640564039457.584007913129639935,0.000000000000000000,1000000.000000000000000000,0.000000000000000000,400000.000000000000000000,0.000000000000000000,0.000000000000000000,0.000000000000000000
0.980000000000000000,0,0.980000000000000000,115792089237316195423570985008687907853269984665640564039457.584007913129639935,0.000000000000000000,1000000.000000000000000000,0.000000000000000000,400000.000000000000000000,0.000000000000000000,0.000000000000000000,0.000000000000000000
0.990000000000000000,0,0.990000000000000000,115792089237316195423570985008687907853269984665640564039457.584007913129639935,0.000000000000000000,1000000.000000000000000000,0.000000000000000000,400000.000000000000000000,0.000000000000000000,0.000000000000000000,0.000000000000000000
1.000000000000000000,0,1.000000000000000000,115792089237316195423570985008687907853269984665640564039457.584007913129639935,0.000000000000000000,1000000.000000000000000000,0.000000000000000000,400000.000000000000000000,0.000000000000000000,0.000000000000000000,0.000000000000000000
1.000312500000000000,0,1.000312500000000000,3201.000000000000000000,0.000312500000000000,1000000.000000000000000000,0.000000000000000000,400000.000000000000000000,0.000000000000000000,0.000000000000000000,0.000000000000000000
1.000312500000000000,1,1.000520832899305917,1921.001600000000002659,0.000312499999999999,600000.500000000000000000,0.000000000000000000,0.500000000000000000,0.000000000000000000,0.000000000000000000,399999.500000000000000000
1.000312500000000000,2,1.000520832899305917,1921.001600000000002659,0.000312499999999999,600000.500000000000000000,0.000000000000000000,0.500000000000000000,0.000000000000000000,0.000000000000000000,0.000000000000000000
1.000312500000000000,3,1.000520832899305917,1921.001600000000002659,0.000312499999999999,600000.500000000000000000,0.000000000000000000,0.500000000000000000,0.000000000000000000,0.000000000000000000,0.000000000000000000
1.000312500000000000,4,1.000520832899305917,1921.001600000000002659,0.000312499999999999,600000.500000000000000000,0.000000000000000000,0.500000000000000000,0.000000000000000000,0.000000000000000000,0.000000000000000000
1.000312500000000000,5,1.000520832899305917,1921.001600000000002659,0.000312499999999999,600000.500000000000000000,0.000000000000000000,0.500000000000000000,0.000000000000000000,0.000000000000000000,0.000000000000000000
1.000312500000000000,6,1.000520832899305917,1921.001600000000002659,0.000312499999999999,600000.500000000000000000,0.000000000000000000,0.500000000000000000,0.000000000000000000,0.000000000000000000,0.000000000000000000
1.000312500000000000,7,1.000520832899305917,1921.001600000000002659,0.000312499999999999,600000.500000000000000000,0.000000000000000000,0.500000000000000000,0.000000000000000000,0.000000000000000000,0.000000000000000000
1.000312500000000000,8,1.000520832899305917,1921.001600000000002659,0.000312499999999999,600000.500000000000000000,0.000000000000000000,0.500000000000000000,0.000000000000000000,0.000000000000000000,0.000000000000000000
1.000312500000000000,9,1.000520832899305917,1921.001600000000002659,0.000312499999999999,600000.500000000000000000,0.000000000000000000,0.500000000000000000,0.000000000000000000,0.000000000000000000,0.000000000000000000
1.000312500000000000,10,1.000520832899305917,1921.001600000000002659,0.000312499999999999,600000.500000000000000000,0.000000000000000000,0.500000000000000000,0.000000000000000000,0.000000000000000000,0.000000000000000000
1.000312500000000000,11,1.000520832899305917,1921.001600000000002659,0.000312499999999999,600000.500000000000000000,0.000000000000000000,0.500000000000000000,0.000000000000000000,0.000000000000000000,0.000000000000000000
1.000312500000000000,12,1.000520832899305917,1921.001600000000002659,0.000312499999999999,600000.500000000000000000,0.000000000000000000,0.500000000000000000,0.000000000000000000,0.000000000000000000,0.000000000000000000
1.000625000000000000,0,1.000625000000000000,1601.000000000000000000,0.000625000000000000,1000000.000000000000000000,0.000000000000000000,400000.000000000000000000,0.000000000000000000,0.000000000000000000,0.000000000000000000
1.000625000000000000,1,1.001041665798611834,961.000800000000001274,0.000624999999999999,600000.500000000000000000,0.000000000000000000,0.500000000000000000,0.000000000000000000,0.000000000000000000,399999.500000000000000000
1.000625000000000000,2,1.001041665798611834,961.000800000000001274,0.000624999999999999,600000.500000000000000000,0.000000000000000000,0.500000000000000000,0.000000000000000000,0.000000000000000000,0.000000000000000000
1.000625000000000000,3,1.001041665798611834,961.000800000000001274,0.000624999999999999,600000.500000000000000000,0.000000000000000000,0.500000000000000000,0.000000000000000000,0.000000000000000000,0.000000000000000000
1.000625000000000000,4,1.001041665798611834,961.000800000000001274,0.000624999999999999,600000.500000000000000000,0.000000000000000000,0.500000000000000000,0.000000000000000000,0.000000000000000000,0.000000000000000000
1.000625000000000000,5,1.001041665798611834,961.000800000000001274,0.000624999999999999,600000.500000000000000000,0.000000000000000000,0.500000000000000000,0.000000000000000000,0.000000000000000000,0.000000000000000000
1.000625000000000000,6,1.001041665798611834,961.000800000000001274,0.000624999999999999,600000.500000000000000000,0.000000000000000000,0.500000000000000000,0.000000000000000000,0.000000000000000000,0.000000000000000000
1.000625000000000000,7,1.001041665798611834,961.000800000000001274,0.000624999999999999,600000.500000000000000000,0.000000000000000000,0.500000000000000000,0.000000000000000000,0.000000000000000000,0.000000000000000000
1.000625000000000000,8,1.001041665798611834,961.000800000000001274,0.000624999999999999,600000.500000000000000000,0.000000000000000000,0.500000000000000000,0.000000000000000000,0.000000000000000000,0.000000000000000000
1.000625000000000000,9,1.001041665798611834,961.000800000000001274,0.000624999999999999,600000.500000000000000000,0.000000000000000000,0.500000000000000000,0.000000000000000000,0.000000000000000000,0.000000000000000000
1.000625000000000000,10,1.001041665798611834,961.000800000000001274,0.000624999999999999,600000.500000000000000000,0.000000000000000000,0.500000000000000000,0.000000000000000000,0.000000000000000000,0.000000000000000000
1.000625000000000000,11,1.001041665798611834,961.000800000000001274,0.000624999999999999,600000.500000000000000000,0.000000000000000000,0.500000000000000000,0.000000000000000000,0.000000000000000000,0.000000000000000000
1.000625000000000000,12,1.001041665798611834,961.000800000000001274,0.000624999999999999,600000.500000000000000000,0.000000000000000000,0.500000000000000000,0.000000000000000000,0.000000000000000000,0.000000000000000000
1.001250000000000000,0,1.001250000000000000,801.000000000000000000,0.001250000000000000,1000000.000000000000000000,0.000000000000000000,400000.000000000000000000,0.000000000000000000,0.000000000000000000,0.000000000000000000
1.001250000000000000,1,1.002083331597223668,481.000400000000000319,0.001249999999999999,600000.500000000000000000,0.000000000000000000,0.500000000000000000,0.000000000000000000,0.000000000000000000,399999.500000000000000000
1.001250000000000000,2,1.002083331597223668,481.000400000000000319,0.001249999999999999,600000.500000000000000000,0.000000000000000000,0.500000000000000000,0.000000000000000000,0.000000000000000000,0.000000000000000000
1.001250000000000000,3,1.002083331597223668,481.000400000000000319,0.001249999999999999,600000.500000000000000000,0.000000000000000000,0.500000000000000000,0.000000000000000000,0.000000000000000000,0.000000000000000000
1.001250000000000000,4,1.002083331597223668,481.000400000000000319,0.001249999999999999,600000.500000000000000000,0.000000000000000000,0.500000000000000000,0.000000000000000000,0.000000000000000000,0.000000000000000000
1.001250000000000000,5,1.002083331597223668,481.000400000000000319,0.001249999999999999,600000.500000000000000000,0.000000000000000000,0.500000000000000000,0.000000000000000000,0.000000000000000000,0.000000000000000000
1.001250000000000000,6,1.002083331597223668,481.000400000000000319,0.001249999999999999,600000.500000000000000000,0.000000000000000000,0.500000000000000000,0.000000000000000000,0.000000000000000000,0.000000000000000000
1.001250000000000000,7,1.002083331597223668,481.000400000000000319,0.001249999999999999,600000.500000000000000000,0.000000000000000000,0.500000000000000000,0.000000000000000000,0.000000000000000000,0.000000000000000000
1.001250000000000000,8,1.002083331597223668,481.000400000000000319,0.001249999999999999,600000.500000000000000000,0.000000000000000000,0.500000000000000000,0.000000000000000000,0.000000000000000000,0.000000000000000000
1.001250000000000000,9,1.002083331597223668,481.000400000000000319,0.001249999999999999,600000.500000000000000000,0.000000000000000000,0.500000000000000000,0.000000000000000000,0.000000000000000000,0.000000000000000000
1.001250000000000000,10,1.002083331597223668,481.000400000000000319,0.001249999999999999,600000.500000000000000000,0.000000000000000000,0.500000000000000000,0.000000000000000000,0.000000000000000000,0.000000000000000000
1.001250000000000000,11,1.002083331597223668,481.000400000000000319,0.001249999999999999,600000.500000000000000000,0.000000000000000000,0.500000000000000000,0.000000000000000000,0.000000000000000000,0.000000000000000000
1.001250000000000000,12,1.002083331597223668,481.000400000000000319,0.001249999999999999,600000.500000000000000000,0.000000000000000000,0.500000000000000000,0.000000000000000000,0.000000000000000000,0.000000000000000000
1.002500000000000000,0,1.002500000000000000,401.000000000000000000,0.002500000000000000,1000000.000000000000000000,0.000000000000000000,400000.000000000000000000,0.000000000000000000,0.000000000000000000,0.000000000000000000
1.002500000000000000,1,1.004166663194447337,241.000200000000000079,0.002499999999999999,600000.500000000000000000,0.000000000000000000,0.500000000000000000,0.000000000000000000,0.000000000000000000,399999.500000000000000000
1.002500000000000000,2,1.004166663194447337,241.000200000000000079,0.002499999999999999,600000.500000000000000000,0.000000000000000000,0.500000000000000000,0.000000000000000000,0.000000000000000000,0.000000000000000000
1.002500000000000000,3,1.004166663194447337,241.000200000000000079,0.002499999999999999,600000.500000000000000000,0.000000000000000000,0.500000000000000000,0.000000000000000000,0.000000000000000000,0.000000000000000000
1.002500000000000000,4,1.004166663194447337,241.000200000000000079,0.002499999999999999,600000.500000000000000000,0.000000000000000000,0.500000000000000000,0.000000000000000000,0.000000000000000000,0.000000000000000000
1.002500000000000000,5,1.004166663194447337,241.000200000000000079,0.002499999999999999,600000.500000000000000000,0.000000000000000000,0.500000000000000000,0.000000000000000000,0.000000000000000000,0.000000000000000000
1.002500000000000000,6,1.004166663194447337,241.000200000000000079,0.002499999999999999,600000.500000000000000000,0.000000000000000000,0.500000000000000000,0.000000000000000000,0.000000000000000000,0.000000000000000000
1.002500000000000000,7,1.004166663194447337,241.000200000000000079,0.002499999999999999,600000.500000000000000000,0.000000000000000000,0.500000000000000000,0.000000000000000000,0.000000000000000000,0.000000000000000000
1.002500000000000000,8,1.004166663194447337,241.000200000000000079,0.002499999999999999,600000.500000000000000000,0.000000000000000000,0.500000000000000000,0.000000000000000000,0.000000000000000000,0.000000000000000000
1.002500000000000000,9,1.004166663194447337,241.000200000000000079,0.002499999999999999,600000.500000000000000000,0.000000000000000000,0.500000000000000000,0.000000000000000000,0.000000000000000000,0.000000000000000000
1.002500000000000000,10,1.004166663194447337,241.000200000000000079,0.002499999999999999,600000.500000000000000000,0.000000000000000000,0.500000000000000000,0.000000000000000000,0.000000000000000000,0.000000000000000000
1.002500000000000000,11,1.004166663194447337,241.000200000000000079,0.002499999999999999,600000.500000000000000000,0.000000000000000000,0.500000000000000000,0.000000000000000000,0.000000000000000000,0.000000000000000000
1.002500000000000000,12,1.004166663194447337,241.000200000000000079,0.002499999999999999,600000.500000000000000000,0.000000000000000000,0.500000000000000000,0.000000000000000000,0.000000000000000000,0.000000000000000000
1.005000000000000000,0,1.005000000000000000,201.000000000000000000,0.005000000000000000,1000000.000000000000000000,0.000000000000000000,400000.000000000000000000,0.000000000000000000,0.000000000000000000,0.000000000000000000
1.005000000000000000,1,1.008333326388894675,121.000100000000000019,0.004999999999999999,600000.500000000000000000,0.000000000000000000,0.500000000000000000,0.000000000000000000,0.000000000000000000,399999.500000000000000000
1.005000000000000000,2,1.008333326388894675,121.000100000000000019,0.004999999999999999,600000.500000000000000000,0.000000000000000000,0.500000000000000000,0.000000000000000000,0.000000000000000000,0.000000000000000000
1.005000000000000000,3,1.008333326388894675,121.000100000000000019,0.004999999999999999,600000.500000000000000000,0.000000000000000000,0.500000000000000000,0.000000000000000000,0.000000000000000000,0.000000000000000000
1.005000000000000000,4,1.008333326388894675,121.000100000000000019,0.004999999999999999,600000.500000000000000000,0.000000000000000000,0.500000000000000000,0.000000000000000000,0.000000000000000000,0.000000000000000000
1.005000000000000000,5,1.008333326388894675,121.000100000000000019,0.004999999999999999,600000.500000000000000000,0.000000000000000000,0.500000000000000000,0.000000000000000000,0.000000000000000000,0.000000000000000000
1.005000000000000000,6,1.008333326388894675,121.000100000000000019,0.004999999999999999,600000.500000000000000000,0.000000000000000000,0.500000000000000000,0.000000000000000000,0.000000000000000000,0.000000000000000000
1.005000000000000000,7,1.008333326388894675,121.000100000000000019,0.004999999999999999,600000.500000000000000000,0.000000000000000000,0.500000000000000000,0.000000000000000000,0.000000000000000000,0.000000000000000000
1.005000000000000000,8,1.008333326388894675,121.000100000000000019,0.004999999999999999,600000.500000000000000000,0.000000000000000000,0.500000000000000000,0.000000000000000000,0.000000000000000000,0.000000000000000000
1.005000000000000000,9,1.008333326388894675,121.000100000000000019,0.004999999999999999,600000.500000000000000000,0.000000000000000000,0.500000000000000000,0.000000000000000000,0.000000000000000000,0.000000000000000000
1.005000000000000000,10,1.008333326388894675,121.000100000000000019,0.004999999999999999,600000.500000000000000000,0.000000000000000000,0.500000000000000000,0.000000000000000000,0.000000000000000000,0.000000000000000000
1.005000000000000000,11,1.008333326388894675,121.000100000000000019,0.004999999999999999,600000.500000000000000000,0.000000000000000000,0.500000000000000000,0.000000000000000000,0.000000000000000000,0.000000000000000000
1.005000000000000000,12,1.008333326388894675,121.000100000000000019,0.004999999999999999,600000.500000000000000000,0.000000000000000000,0.500000000000000000,0.000000000000000000,0.000000000000000000,0.000000000000000000
1.010000000000000000,0,1.010000000000000000,101.000000000000000000,0.010000000000000000,1000000.000000000000000000,0.000000000000000000,400000.000000000000000000,0.000000000000000000,0.000000000000000000,0.000000000000000000
1.010000000000000000,1,1.016666652777789351,61.000050000000000000,0.009999999999999999,600000.500000000000000000,0.000000000000000000,0.500000000000000000,0.000000000000000000,0.000000000000000000,399999.500000000000000000
1.010000000000000000,2,1.016666652777789351,61.000050000000000000,0.009999999999999999,600000.500000000000000000,0.000000000000000000,0.500000000000000000,0.000000000000000000,0.000000000000000000,0.000000000000000000
1.010000000000000000,3,1.016666652777789351,61.000050000000000000,0.009999999999999999,600000.500000000000000000,0.000000000000000000,0.500000000000000000,0.000000000000000000,0.000000000000000000,0.000000000000000000
1.010000000000000000,4,1.016666652777789351,61.000050000000000000,0.009999999999999999,600000.500000000000000000,0.000000000000000000,0.500000000000000000,0.000000000000000000,0.000000000000000000,0.000000000000000000
1.010000000000000000,5,1.016666652777789351,61.000050000000000000,0.009999999999999999,600000.500000000000000000,0.000000000000000000,0.500000000000000000,0.000000000000000000,0.000000000000000000,0.000000000000000000
1.010000000000000000,6,1.016666652777789351,61.000050000000000000,0.009999999999999999,600000.500000000000000000,0.000000000000000000,0.500000000000000000,0.000000000000000000,0.000000000000000000,0.000000000000000000
1.010000000000000000,7,1.016666652777789351,61.000050000000000000,0.009999999999999999,600000.500000000000000000,0.000000000000000000,0.500000000000000000,0.000000000000000000,0.000000000000000000,0.000000000000000000
1.010000000000000000,8,1.016666652777789351,61.000050000000000000,0.009999999999999999,600000.500000000000000000,0.000000000000000000,0.500000000000000000,0.000000000000000000,0.000000000000000000,0.000000000000000000
1.010000000000000000,9,1.016666652777789351,61.000050000000000000,0.009999999999999999,600000.500000000000000000,0.000000000000000000,0.500000000000000000,0.000000000000000000,0.000000000000000000,0.000000000000000000
1.010000000000000000,10,1.016666652777789351,61.000050000000000000,0.009999999999999999,600000.500000000000000000,0.000000000000000000,0.500000000000000000,0.000000000000000000,0.000000000000000000,0.000000000000000000
1.010000000000000000,11,1.016666652777789351,61.000050000000000000,0.009999999999999999,600000.500000000000000000,0.000000000000000000,0.500000000000000000,0.000000000000000000,0.000000000000000000,0.000000000000000000
1.010000000000000000,12,1.016666652777789351,61.000050000000000000,0.009999999999999999,600000.500000000000000000,0.000000000000000000,0.500000000000000000,0.000000000000000000,0.000000000000000000,0.000000000000000000
1.020000000000000000,0,1.020000000000000000,51.000000000000000000,0.020000000000000000,1000000.000000000000000000,0.000000000000000000,400000.000000000000000000,0.000000000000000000,0.000000000000000000,0.000000000000000000
1.020000000000000000,1,1.033333305555578703,31.000025000000000001,0.019999999999999999,600000.500000000000000000,0.000000000000000000,0.500000000000000000,0.000000000000000000,0.000000000000000000,399999.500000000000000000
1.020000000000000000,2,1.033333305555578703,31.000025000000000001,0.019999999999999999,600000.500000000000000000,0.000000000000000000,0.500000000000000000,0.000000000000000000,0.000000000000000000,0.000000000000000000
1.020000000000000000,3,1.033333305555578703,31.000025000000000001,0.019999999999999999,600000.500000000000000000,0.000000000000000000,0.500000000000000000,0.000000000000000000,0.000000000000000000,0.000000000000000000
1.020000000000000000,4,1.033333305555578703,31.000025000000000001,0.019999999999999999,600000.500000000000000000,0.000000000000000000,0.500000000000000000,0.000000000000000000,0.000000000000000000,0.000000000000000000
1.020000000000000000,5,1.033333305555578703,31.000025000000000001,0.019999999999999999,600000.500000000000000000,0.000000000000000000,0.500000000000000000,0.000000000000000000,0.000000000000000000,0.000000000000000000
1.020000000000000000,6,1.033333305555578703,31.000025000000000001,0.019999999999999999,600000.500000000000000000,0.000000000000000000,0.500000000000000000,0.000000000000000000,0.000000000000000000,0.000000000000000000
1.020000000000000000,7,1.033333305555578703,31.000025000000000001,0.019999999999999999,600000.500000000000000000,0.000000000000000000,0.500000000000000000,0.000000000000000000,0.000000000000000000,0.000000000000000000
1.020000000000000000,8,1.033333305555578703,31.000025000000000001,0.019999999999999999,600000.500000000000000000,0.000000000000000000,0.500000000000000000,0.000000000000000000,0.000000000000000000,0.000000000000000000
1.020000000000000000,9,1.033333305555578703,31.000025000000000001,0.019999999999999999,600000.500000000000000000,0.000000000000000000,0.500000000000000000,0.000000000000000000,0.000000000000000000,0.000000000000000000
1.020000000000000000,10,1.033333305555578703,31.000025000000000001,0.019999999999999999,600000.500000000000000000,0.000000000000000000,0.500000000000000000,0.000000000000000000,0.000000000000000000,0.000000000000000000
1.020000000000000000,11,1.033333305555578703,31.000025000000000001,0.019999999999999999,600000.500000000000000000,0.000000000000000000,0.500000000000000000,0.000000000000000000,0.000000000000000000,0.000000000000000000
1.020000000000000000,12,1.033333305555578703,31.000025000000000001,0.019999999999999999,600000.500000000000000000,0.000000000000000000,0.500000000000000000,0.000000000000000000,0.000000000000000000,0.000000000000000000
1.030000000000000000,0,1.030000000000000000,34.333333333333333333,0.030000000000000000,1000000.000000000000000000,0.000000000000000000,400000.000000000000000000,0.000000000000000000,0.000000000000000000,0.000000000000000000
1.030000000000000000,1,1.049999958333368055,21.000016666666666667,0.029999999999999999,600000.500000000000000000,0.000000000000000000,0.500000000000000000,0.000000000000000000,0.000000000000000000,399999.500000000000000000
1.030000000000000000,2,1.049999958333368055,21.000016666666666667,0.029999999999999999,600000.500000000000000000,0.000000000000000000,0.500000000000000000,0.000000000000000000,0.000000000000000000,0.000000000000000000
1.030000000000000000,3,1.049999958333368055,21.000016666666666667,0.029999999999999999,600000.500000000000000000,0.000000000000000000,0.500000000000000000,0.000000000000000000,0.000000000000000000,0.000000000000000000
1.030000000000000000,4,1.049999958333368055,21.000016666666666667,0.029999999999999999,600000.500000000000000000,0.000000000000000000,0.500000000000000000,0.000000000000000000,0.000000000000000000,0.000000000000000000
1.030000000000000000,5,1.049999958333368055,21.000016666666666667,0.029999999999999999,600000.500000000000000000,0.000000000000000000,0.500000000000000000,0.000000000000000000,0.000000000000000000,0.000000000000000000
1.030000000000000000,6,1.049999958333368055,21.000016666666666667,0.029999999999999999,600000.500000000000000000,0.000000000000000000,0.500000000000000000,0.000000000000000000,0.000000000000000000,0.000000000000000000
1.030000000000000000,7,1.049999958333368055,21.000016666666666667,0.029999999999999999,600000.500000000000000000,0.000000000000000000,0.500000000000000000,0.000000000000000000,0.000000000000000000,0.000000000000000000
1.030000000000000000,8,1.049999958333368055,21.000016666666666667,0.029999999999999999,600000.500000000000000000,0.000000000000000000,0.500000000000000000,0.000000000000000000,0.000000000000000000,0.000000000000000000
1.030000000000000000,9,1.049999958333368055,21.000016666666666667,0.029999999999999999,600000.500000000000000000,0.000000000000000000,0.500000000000000000,0.000000000000000000,0.000000000000000000,0.000000000000000000
1.030000000000000000,10,1.049999958333368055,21.000016666666666667,0.029999999999999999,600000.500000000000000000,0.000000000000000000,0.500000000000000000,0.000000000000000000,0.000000000000000000,0.000000000000000000
1.030000000000000000,11,1.049999958333368055,21.000016666666666667,0.029999999999999999,600000.500000000000000000,0.000000000000000000,0.500000000000000000,0.000000000000000000,0.000000000000000000,0.000000000000000000
1.030000000000000000,12,1.049999958333368055,21.000016666666666667,0.029999999999999999,600000.500000000000000000,0.000000000000000000,0.500000000000000000,0.000000000000000000,0.000000000000000000,0.000000000000000000
1.031250000000000000,0,1.031250000000000000,33.000000000000000000,0.031250000000000000,1000000.000000000000000000,0.000000000000000000,400000.000000000000000000,0.000000000000000000,0.000000000000000000,0.000000000000000000
1.031250000000000000,1,1.052083289930591724,20.200016000000000000,0.031249999999999999,600000.500000000000000000,0.000000000000000000,0.500000000000000000,0.000000000000000000,0.000000000000000000,399999.500000000000000000
1.031250000000000000,2,1.052083289930591724,20.200016000000000000,0.031249999999999999,600000.500000000000000000,0.000000000000000000,0.500000000000000000,0.000000000000000000,0.000000000000000000,0.000000000000000000
1.031250000000000000,3,1.052083289930591724,20.200016000000000000,0.031249999999999999,600000.500000000000000000,0.000000000000000000,0.500000000000000000,0.000000000000000000,0.000000000000000000,0.000000000000000000
1.031250000000000000,4,1.052083289930591724,20.200016000000000000,0.031249999999999999,600000.500000000000000000,0.000000000000000000,0.500000000000000000,0.000000000000000000,0.000000000000000000,0.000000000000000000
1.031250000000000000,5,1.052083289930591724,20.200016000000000000,0.031249999999999999,600000.500000000000000000,0.000000000000000000,0.500000000000000000,0.000000000000000000,0.000000000000000000,0.000000000000000000
1.031250000000000000,6,1.052083289930591724,20.200016000000000000,0.031249999999999999,600000.500000000000000000,0.000000000000000000,0.500000000000000000,0.000000000000000000,0.000000000000000000,0.000000000000000000
1.031250000000000000,7,1.052083289930591724,20.200016000000000000,0.031249999999999999,600000.500000000000000000,0.000000000000000000,0.500000000000000000,0.000000000000000000,0.000000000000000000,0.000000000000000000
1.031250000000000000,8,1.052083289930591724,20.200016000000000000,0.031249999999999999,600000.500000000000000000,0.000000000000000000,0.500000000000000000,0.000000000000000000,0.000000000000000000,0.000000000000000000
1.031250000000000000,9,1.052083289930591724,20.200016000000000000,0.031249999999999999,600000.500000000000000000,0.000000000000000000,0.500000000000000000,0.000000000000000000,0.000000000000000000,0.000000000000000000
1.031250000000000000,10,1.052083289930591724,20.200016000000000000,0.031249999999999999,600000.500000000000000000,0.000000000000000000,0.500000000000000000,0.000000000000000000,0.000000000000000000,0.000000000000000000
1.031250000000000000,11,1.052083289930591724,20.200016000000000000,0.031249999999999999,600000.500000000000000000,0.000000000000000000,0.500000000000000000,0.000000000000000000,0.000000000000000000,0.000000000000000000
1.031250000000000000,12,1.052083289930591724,20.200016000000000000,0.031249999999999999,600000.500000000000000000,0.000000000000000000,0.500000000000000000,0.000000000000000000,0.000000000000000000,0.000000000000000000
1.031562500000000000,0,1.031562500000000000,32.683168316831683168,0.031562500000000000,1000000.000000000000000000,0.000000000000000000,400000.000000000000000000,0.000000000000000000,0.000000000000000000,0.000000000000000000
1.031562500000000000,1,1.052604122829897641,20.009916831683168316,0.031562499999999999,600000.500000000000000000,0.000000000000000000,0.500000000000000000,0.000000000000000000,0.000000000000000000,399999.500000000000000000
1.031562500000000000,2,1.052604122829897641,20.009916831683168316,0.031562499999999999,600000.500000000000000000,0.000000000000000000,0.500000000000000000,0.000000000000000000,0.000000000000000000,0.000000000000000000
1.031562500000000000,3,1.052604122829897641,20.009916831683168316,0.031562499999999999,600000.500000000000000000,0.000000000000000000,0.500000000000000000,0.000000000000000000,0.000000000000000000,0.000000000000000000
1.031562500000000000,4,1.052604122829897641,20.009916831683168316,0.031562499999999999,600000.500000000000000000,0.000000000000000000,0.500000000000000000,0.000000000000000000,0.000000000000000000,0.000000000000000000
1.031562500000000000,5,1.052604122829897641,20.009916831683168316,0.031562499999999999,600000.500000000000000000,0.000000000000000000,0.500000000000000000,0.000000000000000000,0.000000000000000000,0.000000000000000000
1.031562500000000000,6,1.052604122829897641,20.009916831683168316,0.031562499999999999,600000.500000000000000000,0.000000000000000000,0.500000000000000000,0.000000000000000000,0.000000000000000000,0.000000000000000000
1.031562500000000000,7,1.052604122829897641,20.009916831683168316,0.031562499999999999,600000.500000000000000000,0.000000000000000000,0.500000000000000000,0.000000000000000000,0.000000000000000000,0.000000000000000000
1.031562500000000000,8,1.052604122829897641,20.009916831683168316,0.031562499999999999,600000.500000000000000000,0.000000000000000000,0.500000000000000000,0.000000000000000000,0.000000000000000000,0.000000000000000000
1.031562500000000000,9,1.052604122829897641,20.009916831683168316,0.031562499999999999,600000.500000000000000000,0.000000000000000000,0.500000000000000000,0.000000000000000000,0.000000000000000000,0.000000000000000000
1.031562500000000000,10,1.052604122829897641,20.009916831683168316,0.031562499999999999,600000.500000000000000000,0.000000000000000000,0.500000000000000000,0.000000000000000000,0.000000000000000000,0.000000000000000000
1.031562500000000000,11,1.052604122829897641,20.009916831683168316,0.031562499999999999,600000.500000000000000000,0.000000000000000000,0.500000000000000000,0.000000000000000000,0.000000000000000000,0.000000000000000000
1.031562500000000000,12,1.052604122829897641,20.009916831683168316,0.031562499999999999,600000.500000000000000000,0.000000000000000000,0.500000000000000000,0.000000000000000000,0.000000000000000000,0.000000000000000000
1.031875000000000000,0,1.031875000000000000,32.372549019607843137,0.031875000000000000,1000000.000000000000000000,0.000000000000000000,400000.000000000000000000,0.000000000000000000,0.000000000000000000,0.000000000000000000
1.031875000000000000,1,1.062499114584071180,17.000226669688928935,0.031874999999999999,600000.500000000000000000,0.000000000000000000,0.500000000000000000,176454.901960784332112107,5624.500000000000409618,399999.500000000000000000
1.031875000000000000,2,1.062499114584071180,17.000226669688928935,0.031874999999999999,600000.500000000000000000,0.000000000000000000,0.500000000000000000,0.000000000000000000,0.000000000000000000,0.000000000000000000
1.031875000000000000,3,1.062499114584071180,17.000226669688928935,0.031874999999999999,600000.500000000000000000,0.000000000000000000,0.500000000000000000,0.000000000000000000,0.000000000000000000,0.000000000000000000
1.031875000000000000,4,1.062499114584071180,17.000226669688928935,0.031874999999999999,600000.500000000000000000,0.000000000000000000,0.500000000000000000,0.000000000000000000,0.000000000000000000,0.000000000000000000
1.031875000000000000,5,1.062499114584071180,17.000226669688928935,0.031874999999999999,600000.500000000000000000,0.000000000000000000,0.500000000000000000,0.000000000000000000,0.000000000000000000,0.000000000000000000
1.031875000000000000,6,1.062499114584071180,17.000226669688928935,0.031874999999999999,600000.500000000000000000,0.000000000000000000,0.500000000000000000,0.000000000000000000,0.000000000000000000,0.000000000000000000
1.031875000000000000,7,1.062499114584071180,17.000226669688928935,0.031874999999999999,600000.500000000000000000,0.000000000000000000,0.500000000000000000,0.000000000000000000,0.000000000000000000,0.000000000000000000
1.031875000000000000,8,1.062499114584071180,17.000226669688928935,0.031874999999999999,600000.500000000000000000,0.000000000000000000,0.500000000000000000,0.000000000000000000,0.000000000000000000,0.000000000000000000
1.031875000000000000,9,1.062499114584071180,17.000226669688928935,0.031874999999999999,600000.500000000000000000,0.000000000000000000,0.500000000000000000,0.000000000000000000,0.000000000000000000,0.000000000000000000
1.031875000000000000,10,1.062499114584071180,17.000226669688928935,0.031874999999999999,600000.500000000000000000,0.000000000000000000,0.500000000000000000,0.000000000000000000,0.000000000000000000,0.000000000000000000
1.031875000000000000,11,1.062499114584071180,17.000226669688928935,0.031874999999999999,600000.500000000000000000,0.000000000000000000,0.500000000000000000,0.000000000000000000,0.000000000000000000,0.000000000000000000
1.031875000000000000,12,1.062499114584071180,17.000226669688928935,0.031874999999999999,600000.500000000000000000,0.000000000000000000,0.500000000000000000,0.000000000000000000,0.000000000000000000,0.000000000000000000
1.032500000000000000,0,1.032500000000000000,31.769230769230769230,0.032500000000000000,1000000.000000000000000000,0.000000000000000000,400000.000000000000000000,0.000000000000000000,0.000000000000000000,0.000000000000000000
1.032500000000000000,1,1.083332430556307870,13.000130001300012856,0.032499999999999999,600000.500000000000000000,0.000000000000000000,0.500000000000000000,538446.153846153864561970,17499.500000000000059817,399999.500000000000000000
1.032500000000000000,2,1.083332430556307870,13.000130001300012856,0.032499999999999999,600000.500000000000000000,0.000000000000000000,0.500000000000000000,0.000000000000000000,0.000000000000000000,0.000000000000000000
1.032500000000000000,3,1.083332430556307870,13.000130001300012856,0.032499999999999999,600000.500000000000000000,0.000000000000000000,0.500000000000000000,0.000000000000000000,0.000000000000000000,0.000000000000000000
1.032500000000000000,4,1.083332430556307870,13.000130001300012856,0.032499999999999999,600000.500000000000000000,0.000000000000000000,0.500000000000000000,0.000000000000000000,0.000000000000000000,0.000000000000000000
1.032500000000000000,5,1.083332430556307870,13.000130001300012856,0.032499999999999999,600000.500000000000000000,0.000000000000000000,0.500000000000000000,0.000000000000000000,0.000000000000000000,0.000000000000000000
1.032500000000000000,6,1.083332430556307870,13.000130001300012856,0.032499999999999999,600000.500000000000000000,0.000000000000000000,0.500000000000000000,0.000000000000000000,0.000000000000000000,0.000000000000000000
1.032500000000000000,7,1.083332430556307870,13.000130001300012856,0.032499999999999999,600000.500000000000000000,0.000000000000000000,0.500000000000000000,0.000000000000000000,0.000000000000000000,0.000000000000000000
1.032500000000000000,8,1.083332430556307870,13.000130001300012856,0.032499999999999999,600000.500000000000000000,0.000000000000000000,0.500000000000000000,0.000000000000000000,0.000000000000000000,0.000000000000000000
1.032500000000000000,9,1.083332430556307870,13.000130001300012856,0.032499999999999999,600000.500000000000000000,0.000000000000000000,0.500000000000000000,0.000000000000000000,0.000000000000000000,0.000000000000000000
1.032500000000000000,10,1.083332430556307870,13.000130001300012856,0.032499999999999999,600000.500000000000000000,0.000000000000000000,0.500000000000000000,0.000000000000000000,0.000000000000000000,0.000000000000000000
1.032500000000000000,11,1.083332430556307870,13.000130001300012856,0.032499999999999999,600000.500000000000000000,0.000000000000000000,0.500000000000000000,0.000000000000000000,0.000000000000000000,0.000000000000000000
1.032500000000000000,12,1.083332430556307870,13.000130001300012856,0.032499999999999999,600000.500000000000000000,0.000000000000000000,0.500000000000000000,0.000000000000000000,0.000000000000000000,0.000000000000000000
1.035000000000000000,0,1.035000000000000000,29.571428571428571428,0.035000000000000000,1000000.000000000000000000,0.000000000000000000,400000.000000000000000000,0.000000000000000000,0.000000000000000000,0.000000000000000000
1.035000000000000000,1,1.166665694445254630,7.000035000175000836,0.034999999999999999,600000.500000000000000000,0.000000000000000000,0.500000000000000000,1857128.571428571447041407,64999.499999999998789320,399999.500000000000000000
1.035000000000000000,2,1.166665694445254630,7.000035000175000836,0.034999999999999999,600000.500000000000000000,0.000000000000000000,0.500000000000000000,0.000000000000000000,0.000000000000000000,0.000000000000000000
1.035000000000000000,3,1.166665694445254630,7.000035000175000836,0.034999999999999999,600000.500000000000000000,0.000000000000000000,0.500000000000000000,0.000000000000000000,0.000000000000000000,0.000000000000000000
1.035000000000000000,4,1.166665694445254630,7.000035000175000836,0.034999999999999999,600000.500000000000000000,0.000000000000000000,0.500000000000000000,0.000000000000000000,0.000000000000000000,0.000000000000000000
1.035000000000000000,5,1.166665694445254630,7.000035000175000836,0.034999999999999999,600000.500000000000000000,0.000000000000000000,0.500000000000000000,0.000000000000000000,0.000000000000000000,0.000000000000000000
1.035000000000000000,6,1.166665694445254630,7.000035000175000836,0.034999999999999999,600000.500000000000000000,0.000000000000000000,0.500000000000000000,0.000000000000000000,0.000000000000000000,0.000000000000000000
1.035000000000000000,7,1.166665694445254630,7.000035000175000836,0.034999999999999999,600000.500000000000000000,0.000000000000000000,0.500000000000000000,0.000000000000000000,0.000000000000000000,0.000000000000000000
1.035000000000000000,8,1.166665694445254630,7.000035000175000836,0.034999999999999999,600000.500000000000000000,0.000000000000000000,0.500000000000000000,0.000000000000000000,0.000000000000000000,0.000000000000000000
1.035000000000000000,9,1.166665694445254630,7.000035000175000836,0.034999999999999999,600000.500000000000000000,0.000000000000000000,0.500000000000000000,0.000000000000000000,0.000000000000000000,0.000000000000000000
1.035000000000000000,10,1.166665694445254630,7.000035000175000836,0.034999999999999999,600000.500000000000000000,0.000000000000000000,0.500000000000000000,0.000000000000000000,0.000000000000000000,0.000000000000000000
1.035000000000000000,11,1.166665694445254630,7.000035000175000836,0.034999999999999999,600000.500000000000000000,0.000000000000000000,0.500000000000000000,0.000000000000000000,0.000000000000000000,0.000000000000000000
1.035000000000000000,12,1.166665694445254630,7.000035000175000836,0.034999999999999999,600000.500000000000000000,0.000000000000000000,0.500000000000000000,0.000000000000000000,0.000000000000000000,0.000000000000000000
1.037500000000000000,0,1.037500000000000000,27.666666666666666666,0.037500000000000000,1000000.000000000000000000,0.000000000000000000,400000.000000000000000000,0.000000000000000000,0.000000000000000000,0.000000000000000000
1.037500000000000000,1,1.249998958334201389,5.000016666722222388,0.037499999999999999,600000.500000000000000000,0.000000000000000000,0.500000000000000000,2999986.666666666685190946,112499.499999999997694673,399999.500000000000000000
1.037500000000000000,2,1.249998958334201389,5.000016666722222388,0.037499999999999999,600000.500000000000000000,0.000000000000000000,0.500000000000000000,0.000000000000000000,0.000000000000000000,0.000000000000000000
1.037500000000000000,3,1.249998958334201389,5.000016666722222388,0.037499999999999999,600000.500000000000000000,0.000000000000000000,0.500000000000000000,0.000000000000000000,0.000000000000000000,0.000000000000000000
1.037500000000000000,4,1.249998958334201389,5.000016666722222388,0.037499999999999999,600000.500000000000000000,0.000000000000000000,0.500000000000000000,0.000000000000000000,0.000000000000000000,0.000000000000000000
1.037500000000000000,5,1.249998958334201389,5.000016666722222388,0.037499999999999999,600000.500000000000000000,0.000000000000000000,0.500000000000000000,0.000000000000000000,0.000000000000000000,0.000000000000000000
1.037500000000000000,6,1.249998958334201389,5.000016666722222388,0.037499999999999999,600000.500000000000000000,0.000000000000000000,0.500000000000000000,0.000000000000000000,0.000000000000000000,0.000000000000000000
1.037500000000000000,7,1.249998958334201389,5.000016666722222388,0.037499999999999999,600000.500000000000000000,0.000000000000000000,0.500000000000000000,0.000000000000000000,0.000000000000000000,0.000000000000000000
1.037500000000000000,8,1.249998958334201389,5.000016666722222388,0.037499999999999999,600000.500000000000000000,0.000000000000000000,0.500000000000000000,0.000000000000000000,0.000000000000000000,0.000000000000000000
1.037500000000000000,9,1.249998958334201389,5.000016666722222388,0.037499999999999999,600000.500000000000000000,0.000000000000000000,0.500000000000000000,0.000000000000000000,0.000000000000000000,0.000000000000000000
1.037500000000000000,10,1.249998958334201389,5.000016666722222388,0.037499999999999999,600000.500000000000000000,0.000000000000000000,0.500000000000000000,0.000000000000000000,0.000000000000000000,0.000000000000000000
1.037500000000000000,11,1.249998958334201389,5.000016666722222388,0.037499999999999999,600000.500000000000000000,0.000000000000000000,0.500000000000000000,0.000000000000000000,0.000000000000000000,0.000000000000000000
1.037500000000000000,12,1.249998958334201389,5.000016666722222388,0.037499999999999999,600000.500000000000000000,0.000000000000000000,0.500000000000000000,0.000000000000000000,0.000000000000000000,0.000000000000000000
1.038750000000000000,0,1.038750000000000000,26.806451612903225806,0.038750000000000000,1000000.000000000000000000,0.000000000000000000,400000.000000000000000000,0.000000000000000000,0.000000000000000000,0.000000000000000000
1.038750000000000000,1,1.291665590278674768,4.428584081668804753,0.038749999999999999,600000.500000000000000000,0.000000000000000000,0.500000000000000000,3516116.129032258083080557,136249.499999999997203255,399999.500000000000000000
1.038750000000000000,2,1.291665590278674768,4.428584081668804753,0.038749999999999999,600000.500000000000000000,0.000000000000000000,0.500000000000000000,0.000000000000000000,0.000000000000000000,0.000000000000000000
1.038750000000000000,3,1.291665590278674768,4.428584081668804753,0.038749999999999999,600000.500000000000000000,0.000000000000000000,0.500000000000000000,0.000000000000000000,0.000000000000000000,0.000000000000000000
1.038750000000000000,4,1.291665590278674768,4.428584081668804753,0.038749999999999999,600000.500000000000000000,0.000000000000000000,0.500000000000000000,0.000000000000000000,0.000000000000000000,0.000000000000000000
1.038750000000000000,5,1.291665590278674768,4.428584081668804753,0.038749999999999999,600000.500000000000000000,0.000000000000000000,0.500000000000000000,0.000000000000000000,0.000000000000000000,0.000000000000000000
1.038750000000000000,6,1.291665590278674768,4.428584081668804753,0.038749999999999999,600000.500000000000000000,0.000000000000000000,0.500000000000000000,0.000000000000000000,0.000000000000000000,0.000000000000000000
1.038750000000000000,7,1.291665590278674768,4.428584081668804753,0.038749999999999999,600000.500000000000000000,0.000000000000000000,0.500000000000000000,0.000000000000000000,0.000000000000000000,0.000000000000000000
1.038750000000000000,8,1.291665590278674768,4.428584081668804753,0.038749999999999999,600000.500000000000000000,0.000000000000000000,0.500000000000000000,0.000000000000000000,0.000000000000000000,0.000000000000000000
1.038750000000000000,9,1.291665590278674768,4.428584081668804753,0.038749999999999999,600000.500000000000000000,0.000000000000000000,0.500000000000000000,0.000000000000000000,0.000000000000000000,0.000000000000000000
1.038750000000000000,10,1.291665590278674768,4.428584081668804753,0.038749999999999999,600000.500000000000000000,0.000000000000000000,0.500000000000000000,0.000000000000000000,0.000000000000000000,0.000000000000000000
1.038750000000000000,11,1.291665590278674768,4.428584081668804753,0.038749999999999999,600000.500000000000000000,0.000000000000000000,0.500000000000000000,0.000000000000000000,0.000000000000000000,0.000000000000000000
1.038750000000000000,12,1.291665590278674768,4.428584081668804753,0.038749999999999999,600000.500000000000000000,0.000000000000000000,0.500000000000000000,0.000000000000000000,0.000000000000000000,0.000000000000000000
1.039062500000000000,0,1.039062500000000000,26.600000000000000000,0.039062500000000000,1000000.000000000000000000,0.000000000000000000,400000.000000000000000000,0.000000000000000000,0.000000000000000000,0.000000000000000000
1.039062500000000000,1,1.300000000000000000,4.333333333333333333,0.039062499999999999,600961.538461538462093257,0.000000000000000000,961.538461538462093257,3615384.615384615388923091,141225.961538461535014423,399038.461538461537906743
1.039375000000000000,0,1.039375000000000000,26.396825396825396825,0.039375000000000000,1000000.000000000000000000,0.000000000000000000,400000.000000000000000000,0.000000000000000000,0.000000000000000000,0.000000000000000000
1.039375000000000000,1,1.300000000000000000,4.333333333333333333,0.039374999999999999,605769.230769230769789539,0.000000000000000000,5769.230769230769789539,3615384.615384615389008672,142355.769230769227326831,394230.769230769230210461
1.040000000000000000,0,1.040000000000000000,26.000000000000000000,0.040000000000000000,1000000.000000000000000000,0.000000000000000000,400000.000000000000000000,0.000000000000000000,0.000000000000000000,0.000000000000000000
1.040000000000000000,1,1.300000000000000000,4.333333333333333333,0.040000000000000000,615384.615384615385184000,0.000000000000000000,15384.615384615385184000,3615384.615384615388906000,144615.384615384615556240,384615.384615384614816000
1.050000000000000000,0,1.050000000000000000,21.000000000000000000,0.050000000000000000,1000000.000000000000000000,0.000000000000000000,400000.000000000000000000,0.000000000000000000,0.000000000000000000,0.000000000000000000
1.050000000000000000,1,1.300000000000000000,4.333333333333333333,0.049999999999999999,769230.769230769231483730,0.000000000000000000,169230.769230769231483730,3615384.615384615388937246,180769.230769230765831477,230769.230769230768516270
1.060000000000000000,0,1.060000000000000000,17.666666666666666666,0.060000000000000000,1000000.000000000000000000,0.000000000000000000,400000.000000000000000000,0.000000000000000000,0.000000000000000000,0.000000000000000000
1.060000000000000000,1,1.300000000000000000,4.333333333333333333,0.060000000000000000,815384.615384615384614569,0.000000000000000000,215384.615384615384614569,3076923.076923076923090516,184615.384615384615385430,184615.384615384615385431
1.070000000000000000,0,1.070000000000000000,15.285714285714285714,0.070000000000000000,1000000.000000000000000000,0.000000000000000000,400000.000000000000000000,0.000000000000000000,0.000000000000000000,0.000000000000000000
1.070000000000000000,1,1.300000000000000000,4.333333333333333333,0.070000000000000000,823076.923076923076922253,0.000000000000000000,223076.923076923076922253,2527472.527472527472539242,176923.076923076923077746,176923.076923076923077747
1.080000000000000000,0,1.080000000000000000,13.500000000000000000,0.080000000000000000,1000000.000000000000000000,0.000000000000000000,400000.000000000000000000,0.000000000000000000,0.000000000000000000,0.000000000000000000
1.080000000000000000,1,1.300000000000000000,4.333333333333333333,0.080000000000000000,830769.230769230769229938,0.000000000000000000,230769.230769230769229938,2115384.615384615384625775,169230.769230769230770062,169230.769230769230770062
1.090000000000000000,0,1.090000000000000000,12.111111111111111111,0.090000000000000000,1000000.000000000000000000,0.000000000000000000,400000.000000000000000000,0.000000000000000000,0.000000000000000000,0.000000000000000000
1.090000000000000000,1,1.300000000000000000,4.333333333333333333,0.090000000000000000,838461.538461538461537623,0.000000000000000000,238461.538461538461537623,1794871.794871794871804188,161538.461538461538462376,161538.461538461538462377
1.100000000000000000,0,1.100000000000000000,11.000000000000000000,0.100000000000000000,1000000.000000000000000000,0.000000000000000000,400000.000000000000000000,0.000000000000000000,0.000000000000000000,0.000000000000000000
1.100000000000000000,1,1.300000000000000000,4.333333333333333333,0.100000000000000000,846153.846153846153845307,0.000000000000000000,246153.846153846153845307,1538461.538461538461546930,153846.153846153846154693,153846.153846153846154693
1.110000000000000000,0,1.110000000000000000,10.090909090909090909,0.110000000000000000,1000000.000000000000000000,0.000000000000000000,400000.000000000000000000,0.000000000000000000,0.000000000000000000,0.000000000000000000
1.110000000000000000,1,1.300000000000000000,4.333333333333333333,0.110000000000000000,853846.153846153846152992,0.000000000000000000,253846.153846153846152992,1328671.328671328671336436,146153.846153846153847007,146153.846153846153847008
1.120000000000000000,0,1.120000000000000000,9.333333333333333333,0.120000000000000000,1000000.000000000000000000,0.000000000000000000,400000.000000000000000000,0.000000000000000000,0.000000000000000000,0.000000000000000000
1.120000000000000000,1,1.300000000000000000,4.333333333333333333,0.120000000000000000,861538.461538461538460676,0.000000000000000000,261538.461538461538460676,1153846.153846153846161033,138461.538461538461539323,138461.538461538461539324
1.130000000000000000,0,1.130000000000000000,8.692307692307692307,0.130000000000000000,1000000.000000000000000000,0.000000000000000000,400000.000000000000000000,0.000000000000000000,0.000000000000000000,0.000000000000000000
1.130000000000000000,1,1.300000000000000000,4.333333333333333333,0.130000000000000000,869230.769230769230768361,0.000000000000000000,269230.769230769230768361,1005917.159763313609474146,130769.230769230769231638,130769.230769230769231639
1.140000000000000000,0,1.140000000000000000,8.142857142857142857,0.140000000000000000,1000000.000000000000000000,0.000000000000000000,400000.000000000000000000,0.000000000000000000,0.000000000000000000,0.000000000000000000
1.140000000000000000,1,1.300000000000000000,4.333333333333333333,0.140000000000000000,876923.076923076923076046,0.000000000000000000,276923.076923076923076046,879120.879120879120885385,123076.923076923076923953,123076.923076923076923954
1.150000000000000000,0,1.150000000000000000,7.666666666666666666,0.150000000000000000,1000000.000000000000000000,0.000000000000000000,400000.000000000000000000,0.000000000000000000,0.000000000000000000,0.000000000000000000
1.150000000000000000,1,1.300000000000000000,4.333333333333333333,0.150000000000000000,884615.384615384615383730,0.000000000000000000,284615.384615384615383730,769230.769230769230775133,115384.615384615384616269,115384.615384615384616270
1.160000000000000000,0,1.160000000000000000,7.250000000000000000,0.160000000000000000,1000000.000000000000000000,0.000000000000000000,400000.000000000000000000,0.000000000000000000,0.000000000000000000,0.000000000000000000
1.160000000000000000,1,1.300000000000000000,4.333333333333333333,0.160000000000000000,892307.692307692307691415,0.000000000000000000,292307.692307692307691415,673076.923076923076928656,107692.307692307692308584,107692.307692307692308585
1.170000000000000000,0,1.170000000000000000,6.882352941176470588,0.170000000000000000,1000000.000000000000000000,0.000000000000000000,400000.000000000000000000,0.000000000000000000,0.000000000000000000,0.000000000000000000
1.170000000000000000,1,1.300000000000000000,4.333333333333333333,0.170000000000000000,899999.999999999999999100,0.000000000000000000,299999.999999999999999100,588235.294117647058828823,100000.000000000000000899,100000.000000000000000900
1.180000000000000000,0,1.180000000000000000,6.555555555555555555,0.180000000000000000,1000000.000000000000000000,0.000000000000000000,400000.000000000000000000,0.000000000000000000,0.000000000000000000,0.000000000000000000
1.180000000000000000,1,1.300000000000000000,4.333333333333333333,0.180000000000000000,907692.307692307692306784,0.000000000000000000,307692.307692307692306784,512820.512820512820517866,92307.692307692307693215,92307.692307692307693216
1.190000000000000000,0,1.190000000000000000,6.263157894736842105,0.190000000000000000,1000000.000000000000000000,0.000000000000000000,400000.000000000000000000,0.000000000000000000,0.000000000000000000,0.000000000000000000
1.190000000000000000,1,1.300000000000000000,4.333333333333333333,0.190000000000000000,915384.615384615384614469,0.000000000000000000,315384.615384615384614469,445344.129554655870450163,84615.384615384615385530,84615.384615384615385531
1.200000000000000000,0,1.200000000000000000,6.000000000000000000,0.200000000000000000,1000000.000000000000000000,0.000000000000000000,400000.000000000000000000,0.000000000000000000,0.000000000000000000,0.000000000000000000
1.200000000000000000,1,1.300000000000000000,4.333333333333333333,0.200000000000000000,923076.923076923076922153,0.000000000000000000,323076.923076923076922153,384615.384615384615389235,76923.076923076923077847,76923.076923076923077847
1.210000000000000000,0,1.210000000000000000,5.761904761904761904,0.210000000000000000,1000000.000000000000000000,0.000000000000000000,400000.000000000000000000,0.000000000000000000,0.000000000000000000,0.000000000000000000
1.210000000000000000,1,1.300000000000000000,4.333333333333333333,0.210000000000000000,930769.230769230769229838,0.000000000000000000,330769.230769230769229838,329670.329670329670334104,69230.769230769230770161,69230.769230769230770162
1.220000000000000000,0,1.220000000000000000,5.545454545454545454,0.220000000000000000,1000000.000000000000000000,0.000000000000000000,400000.000000000000000000,0.000000000000000000,0.000000000000000000,0.000000000000000000
1.220000000000000000,1,1.300000000000000000,4.333333333333333333,0.220000000000000000,938461.538461538461537523,0.000000000000000000,338461.538461538461537523,279720.279720279720283986,61538.461538461538462476,61538.461538461538462477
1.230000000000000000,0,1.230000000000000000,5.347826086956521739,0.230000000000000000,1000000.000000000000000000,0.000000000000000000,400000.000000000000000000,0.000000000000000000,0.000000000000000000,0.000000000000000000
1.230000000000000000,1,1.300000000000000000,4.333333333333333333,0.230000000000000000,946153.846153846153845207,0.000000000000000000,346153.846153846153845207,234113.712374581939803447,53846.153846153846154792,53846.153846153846154793
1.240000000000000000,0,1.240000000000000000,5.166666666666666666,0.240000000000000000,1000000.000000000000000000,0.000000000000000000,400000.000000000000000000,0.000000000000000000,0.000000000000000000,0.000000000000000000
1.240000000000000000,1,1.300000000000000000,4.333333333333333333,0.240000000000000000,953846.153846153846152892,0.000000000000000000,353846.153846153846152892,192307.692307692307696283,46153.846153846153847107,46153.846153846153847108
1.250000000000000000,0,1.250000000000000000,5.000000000000000000,0.250000000000000000,1000000.000000000000000000,0.000000000000000000,400000.000000000000000000,0.000000000000000000,0.000000000000000000,0.000000000000000000
1.250000000000000000,1,1.300000000000000000,4.333333333333333333,0.250000000000000000,961538.461538461538460576,0.000000000000000000,361538.461538461538460576,153846.153846153846157696,38461.538461538461539424,38461.538461538461539424
1.260000000000000000,0,1.260000000000000000,4.846153846153846153,0.260000000000000000,1000000.000000000000000000,0.000000000000000000,400000.000000000000000000,0.000000000000000000,0.000000000000000000,0.000000000000000000
1.260000000000000000,1,1.300000000000000000,4.333333333333333333,0.260000000000000000,969230.769230769230768261,0.000000000000000000,369230.769230769230768261,118343.195266272189352842,30769.230769230769231738,30769.230769230769231739
1.270000000000000000,0,1.270000000000000000,4.703703703703703703,0.270000000000000000,1000000.000000000000000000,0.000000000000000000,400000.000000000000000000,0.000000000000000000,0.000000000000000000,0.000000000000000000
1.270000000000000000,1,1.300000000000000000,4.333333333333333333,0.270000000000000000,976923.076923076923075946,0.000000000000000000,376923.076923076923075946,85470.085470085470089088,23076.923076923076924053,23076.923076923076924054
1.280000000000000000,0,1.280000000000000000,4.571428571428571428,0.280000000000000000,1000000.000000000000000000,0.000000000000000000,400000.000000000000000000,0.000000000000000000,0.000000000000000000,0.000000000000000000
1.280000000000000000,1,1.300000000000000000,4.333333333333333333,0.280000000000000000,984615.384615384615383630,0.000000000000000000,384615.384615384615383630,54945.054945054945058464,15384.615384615384616369,15384.615384615384616370
1.290000000000000000,0,1.290000000000000000,4.448275862068965517,0.290000000000000000,1000000.000000000000000000,0.000000000000000000,400000.000000000000000000,0.000000000000000000,0.000000000000000000,0.000000000000000000
1.290000000000000000,1,1.300000000000000000,4.333333333333333333,0.290000000000000000,992307.692307692307691315,0.000000000000000000,392307.692307692307691315,26525.198938992042443741,7692.307692307692308684,7692.307692307692308685
1.295000000000000000,0,1.295000000000000000,4.389830508474576271,0.295000000000000000,1000000.000000000000000000,0.000000000000000000,400000.000000000000000000,0.000000000000000000,0.000000000000000000,0.000000000000000000
1.295000000000000000,1,1.300000000000000000,4.333333333333333333,0.295000000000000000,996153.846153846153845157,0.000000000000000000,396153.846153846153845157,13037.809647979139507942,3846.153846153846154842,3846.153846153846154843
1.297500000000000000,0,1.297500000000000000,4.361344537815126050,0.297500000000000000,1000000.000000000000000000,0.000000000000000000,400000.000000000000000000,0.000000000000000000,0.000000000000000000,0.000000000000000000
1.297500000000000000,1,1.300000000000000000,4.333333333333333333,0.297500000000000000,998076.923076923076922078,0.000000000000000000,398076.923076923076922078,6464.124111182934715704,1923.076923076923077921,1923.076923076923077922
1.298750000000000000,0,1.298750000000000000,4.347280334728033472,0.298750000000000000,1000000.000000000000000000,0.000000000000000000,400000.000000000000000000,0.000000000000000000,0.000000000000000000,0.000000000000000000
1.298750000000000000,1,1.300000000000000000,4.333333333333333333,0.298750000000000000,999038.461538461538460539,0.000000000000000000,399038.461538461538460539,3218.538783392339881041,961.538461538461539460,961.538461538461539461
1.299375000000000000,0,1.299375000000000000,4.340292275574112734,0.299375000000000000,1000000.000000000000000000,0.000000000000000000,400000.000000000000000000,0.000000000000000000,0.000000000000000000,0.000000000000000000
1.299375000000000000,1,1.300000000000000000,4.333333333333333333,0.299375000000000000,999519.230769230769229769,0.000000000000000000,399519.230769230769229769,1605.909747872169587410,480.769230769230770230,480.769230769230770231
1.299687500000000000,0,1.299687500000000000,4.336809176225234619,0.299687500000000000,1000000.000000000000000000,0.000000000000000000,400000.000000000000000000,0.000000000000000000,0.000000000000000000,0.000000000000000000
1.299687500000000000,1,1.300000000000000000,4.333333333333333333,0.299687500000000000,999759.615384615384614384,0.000000000000000000,399759.615384615384614384,802.117590438758325308,240.384615384615385615,240.384615384615385616
1.300000000000000000,0,1.300000000000000000,4.333333333333333333,0.300000000000000000,1000000.000000000000000000,0.000000000000000000,400000.000000000000000000,0.000000000000000000,0.000000000000000000,0.000000000000000000
1.310000000000000000,0,1.310000000000000000,4.225806451612903225,0.310000000000000000,1000000.000000000000000000,0.000000000000000000,400000.000000000000000000,0.000000000000000000,0.000000000000000000,0.000000000000000000
1.320000000000000000,0,1.320000000000000000,4.125000000000000000,0.320000000000000000,1000000.000000000000000000,0.000000000000000000,400000.000000000000000000,0.000000000000000000,0.000000000000000000,0.000000000000000000
1.330000000000000000,0,1.330000000000000000,4.030303030303030303,0.330000000000000000,1000000.000000000000000000,0.000000000000000000,400000.000000000000000000,0.000000000000000000,0.000000000000000000,0.000000000000000000
1.340000000000000000,0,1.340000000000000000,3.941176470588235294,0.340000000000000000,1000000.000000000000000000,0.000000000000000000,400000.000000000000000000,0.000000000000000000,0.000000000000000000,0.000000000000000000
1.350000000000000000,0,1.350000000000000000,3.857142857142857142,0.350000000000000000,1000000.000000000000000000,0.000000000000000000,400000.000000000000000000,0.000000000000000000,0.000000000000000000,0.000000000000000000
1.360000000000000000,0,1.360000000000000000,3.777777777777777777,0.360000000000000000,1000000.000000000000000000,0.000000000000000000,400000.000000000000000000,0.000000000000000000,0.000000000000000000,0.000000000000000000
1.370000000000000000,0,1.370000000000000000,3.702702702702702702,0.370000000000000000,1000000.000000000000000000,0.000000000000000000,400000.000000000000000000,0.000000000000000000,0.000000000000000000,0.000000000000000000
1.380000000000000000,0,1.380000000000000000,3.631578947368421052,0.380000000000000000,1000000.000000000000000000,0.000000000000000000,400000.000000000000000000,0.000000000000000000,0.000000000000000000,0.000000000000000000
1.390000000000000000,0,1.390000000000000000,3.564102564102564102,0.390000000000000000,1000000.000000000000000000,0.000000000000000000,400000.000000000000000000,0.000000000000000000,0.000000000000000000,0.000000000000000000
1.400000000000000000,0,1.400000000000000000,3.500000000000000000,0.400000000000000000,1000000.000000000000000000,0.000000000000000000,400000.000000000000000000,0.000000000000000000,0.000000000000000000,0.000000000000000000
1.410000000000000000,0,1.410000000000000000,3.439024390243902439,0.410000000000000000,1000000.000000000000000000,0.000000000000000000,400000.000000000000000000,0.000000000000000000,0.000000000000000000,0.000000000000000000
1.420000000000000000,0,1.420000000000000000,3.380952380952380952,0.420000000000000000,1000000.000000000000000000,0.000000000000000000,400000.000000000000000000,0.000000000000000000,0.000000000000000000,0.000000000000000000
1.430000000000000000,0,1.430000000000000000,3.325581395348837209,0.430000000000000000,1000000.000000000000000000,0.000000000000000000,400000.000000000000000000,0.000000000000000000,0.000000000000000000,0.000000000000000000
1.440000000000000000,0,1.440000000000000000,3.272727272727272727,0.440000000000000000,1000000.000000000000000000,0.000000000000000000,400000.000000000000000000,0.000000000000000000,0.000000000000000000,0.000000000000000000
1.450000000000000000,0,1.450000000000000000,3.222222222222222222,0.450000000000000000,1000000.000000000000000000,0.000000000000000000,400000.000000000000000000,0.000000000000000000,0.000000000000000000,0.000000000000000000
1.460000000000000000,0,1.460000000000000000,3.173913043478260869,0.460000000000000000,1000000.000000000000000000,0.000000000000000000,400000.000000000000000000,0.000000000000000000,0.000000000000000000,0.000000000000000000
1.470000000000000000,0,1.470000000000000000,3.127659574468085106,0.470000000000000000,1000000.000000000000000000,0.000000000000000000,400000.000000000000000000,0.000000000000000000,0.000000000000000000,0.000000000000000000
1.480000000000000000,0,1.480000000000000000,3.083333333333333333,0.480000000000000000,1000000.000000000000000000,0.000000000000000000,400000.000000000000000000,0.000000000000000000,0.000000000000000000,0.000000000000000000
1.490000000000000000,0,1.490000000000000000,3.040816326530612244,0.490000000000000000,1000000.000000000000000000,0.000000000000000000,400000.000000000000000000,0.000000000000000000,0.000000000000000000,0.000000000000000000
1.500000000000000000,0,1.500000000000000000,3.000000000000000000,0.500000000000000000,1000000.000000000000000000,0.000000000000000000,400000.000000000000000000,0.000000000000000000,0.000000000000000000,0.000000000000000000
1.510000000000000000,0,1.510000000000000000,2.960784313725490196,0.510000000000000000,1000000.000000000000000000,0.000000000000000000,400000.000000000000000000,0.000000000000000000,0.000000000000000000,0.000000000000000000
1.520000000000000000,0,1.520000000000000000,2.923076923076923076,0.520000000000000000,1000000.000000000000000000,0.000000000000000000,400000.000000000000000000,0.000000000000000000,0.000000000000000000,0.000000000000000000
1.530000000000000000,0,1.530000000000000000,2.886792452830188679,0.530000000000000000,1000000.000000000000000000,0.000000000000000000,400000.000000000000000000,0.000000000000000000,0.000000000000000000,0.000000000000000000
1.540000000000000000,0,1.540000000000000000,2.851851851851851851,0.540000000000000000,1000000.000000000000000000,0.000000000000000000,400000.000000000000000000,0.000000000000000000,0.000000000000000000,0.000000000000000000
1.550000000000000000,0,1.550000000000000000,2.818181818181818181,0.550000000000000000,1000000.000000000000000000,0.000000000000000000,400000.000000000000000000,0.000000000000000000,0.000000000000000000,0.000000000000000000
1.560000000000000000,0,1.560000000000000000,2.785714285714285714,0.560000000000000000,1000000.000000000000000000,0.000000000000000000,400000.000000000000000000,0.000000000000000000,0.000000000000000000,0.000000000000000000
1.570000000000000000,0,1.570000000000000000,2.754385964912280701,0.570000000000000000,1000000.000000000000000000,0.000000000000000000,400000.000000000000000000,0.000000000000000000,0.000000000000000000,0.000000000000000000
1.580000000000000000,0,1.580000000000000000,2.724137931034482758,0.580000000000000000,1000000.000000000000000000,0.000000000000000000,400000.000000000000000000,0.000000000000000000,0.000000000000000000,0.000000000000000000
1.590000000000000000,0,1.590000000000000000,2.694915254237288135,0.590000000000000000,1000000.000000000000000000,0.000000000000000000,400000.000000000000000000,0.000000000000000000,0.000000000000000000,0.000000000000000000
1.600000000000000000,0,1.600000000000000000,2.666666666666666666,0.600000000000000000,1000000.000000000000000000,0.000000000000000000,400000.000000000000000000,0.000000000000000000,0.000000000000000000,0.000000000000000000
