Fee_pct,LiquidFrac_pct,Alice_coll_weekly_$,Bob_coll_weekly_$,Coll_gap_pct,Charlie_lev_weekly_$,Dave_lev_weekly_$,Lev_gap_pct
0.000000000000000000,38.990536277602523400,1014.492164857016361214,1116.087966439391586521,9.102848936405257589,680.919282994884330771,1116.087966439391587376,38.990536277602523700
1.000000000000000000,38.990536277602523400,1017.110989853793696827,1109.176651659892351283,8.300360602463241872,683.538107991661666380,1109.176651659892352136,38.374279068285377474
2.000000000000000000,38.990536277602523400,1019.750036698523153245,1102.211969604308511813,7.481494955583633998,686.177154836391122793,1102.211969604308512664,37.745445181227065000
5.000000000000000000,38.990536277602523400,1027.790877980630330364,1080.991466034569612152,4.921462354286333592,694.217996118498299897,1080.991466034569612997,35.779511871160551263
8.000000000000000000,38.990536277602523400,1036.022404018093447969,1059.267728239734166346,2.194471105078339681,702.449522155961417489,1059.267728239734167183,33.685365519133177934
10.000000000000000000,38.990536277602523400,1041.619400336390287727,1044.496751399720169408,0.275477263043084707,708.046518474258257237,1044.496751399720170240,32.211706975113915222
15.000000000000000000,38.990536277602523400,1056.010036122524792308,1006.518568849342449003,0.000000000000000000,722.437154260392761794,1006.518568849342449821,28.224160326591204352
18.000000000000000000,38.990536277602523400,1064.928665996367946210,982.981502212271374833,0.000000000000000000,731.355784134235915682,982.981502212271375642,25.598214972686004512
20.000000000000000000,38.990536277602523400,1070.997770278319589815,966.964589981102197529,0.000000000000000000,737.424888416187559277,966.964589981102198331,23.738170347003154624
25.000000000000000000,38.990536277602523400,1086.620552449537357422,925.734662265540932928,0.000000000000000000,753.047670587405326859,925.734662265540933713,18.654048370136698266
