rebalance,sail supply,sail price at the distressed ratio,applied over fair conversion rate,collateral ratio after the rebalance,anchor supply
1.000000000000000000,2333333.333333333333600000,0.200000000000000000,1.000000000000000000,1.250000000000000000,1866666.666666666666880000
2.000000000000000000,2722222.222222222222852575,0.159999999999999999,0.999999999999999993,1.250000000000000000,1742222.222222222222618363
3.000000000000000000,3175925.925925925927036485,0.127999999999999999,0.999999999999999992,1.250000000000000000,1626074.074074074074627147
4.000000000000000000,3705246.913580246915308408,0.102399999999999999,0.999999999999999990,1.250000000000000000,1517669.135802469136490635
5.000000000000000000,4322788.065843621401688342,0.081919999999999999,0.999999999999999987,1.250000000000000000,1416491.193415637860886325
6.000000000000000000,5043252.743484224969234290,0.065535999999999999,0.999999999999999984,1.250000000000000000,1322058.447187928670309406
7.000000000000000000,5883794.867398262464782858,0.052428799999999999,0.999999999999999980,1.250000000000000000,1233921.217375400092429484
8.000000000000000000,6864427.345297972876366076,0.041943039999999999,0.999999999999999976,1.250000000000000000,1151659.802883706753065698
9.000000000000000000,8008498.569514301690046063,0.033554431999999999,0.999999999999999970,1.250000000000000000,1074882.482691459636315506
10.000000000000000000,9343248.331100018639462154,0.026843545599999999,0.999999999999999962,1.250000000000000000,1003223.650512028994008814
11.000000000000000000,10900456.386283355080668206,0.021474836479999999,0.999999999999999953,1.250000000000000000,936342.073811227061180188
12.000000000000000000,12717199.117330580928919266,0.017179869183999999,0.999999999999999941,1.250000000000000000,873919.268890478590534179
13.000000000000000000,14836732.303552344418801222,0.013743895347199999,0.999999999999999927,1.250000000000000000,815657.984297780017924390
14.000000000000000000,17309521.020811068490665317,0.010995116277759999,0.999999999999999909,1.250000000000000000,761280.785344594683481594
15.000000000000000000,20194441.190946246574790740,0.008796093022207999,0.999999999999999886,1.250000000000000000,710528.732988288371330129
16.000000000000000000,23560181.389437287673304776,0.007036874417766399,0.999999999999999857,1.250000000000000000,663160.150789069146650318
17.000000000000000000,27486878.287676835622180390,0.005629499534213119,0.999999999999999822,1.250000000000000000,618949.474069797870276048
18.000000000000000000,32068024.668956308229580306,0.004503599627370495,0.999999999999999778,1.250000000000000000,577686.175798478012323391
19.000000000000000000,37412695.447115692938865318,0.003602879701896396,0.999999999999999778,1.250000000000000000,539173.764078579478229662
20.000000000000000000,43648144.688301641767271145,0.002882303761517117,0.999999999999999847,1.250000000000000000,503228.846473340846403937
21.000000000000000000,50922835.469685248734465481,0.002305843009213693,0.999999999999999587,1.250000000000000000,469680.256708451456696752
22.000000000000000000,59409974.714632790197413016,0.001844674407370955,0.999999999999999912,1.250000000000000000,438368.239594554692965847
23.000000000000000000,69311637.167071588571921718,0.001475739525896764,0.999999999999999912,1.250000000000000000,409143.690288251046814052
24.000000000000000000,80863576.694916853343767760,0.001180591620717411,0.999999999999999743,1.250000000000000000,381867.444269034310402257
25.000000000000000000,94340839.477402995578981757,0.000944473296573929,0.999999999999999954,1.250000000000000000,356409.614651098689748794
26.000000000000000000,110064312.723636828188144850,0.000755578637259143,0.999999999999999690,1.250000000000000000,332648.973674358777136786
27.000000000000000000,128408364.844242966235171707,0.000604462909807314,0.999999999999999028,1.250000000000000000,310472.375429401525362188
28.000000000000000000,149809758.984950127292613614,0.000483570327845851,0.999999999999998614,1.250000000000000000,289774.217067441423703621
29.000000000000000000,174778052.149108481862325023,0.000386856262276681,0.999999999999999131,1.250000000000000000,270455.935929611995487023
30.000000000000000000,203907727.507293228863261608,0.000309485009821345,0.999999999999999778,1.250000000000000000,252425.540200971195816450
31.000000000000000000,237892348.758508767034762080,0.000247588007857076,0.999999999999999778,1.250000000000000000,235597.170854239782788773
32.000000000000000000,277541073.551593561575094403,0.000198070406285660,0.999999999999995739,1.250000000000000000,219890.692797290463960425
33.000000000000000000,323797919.143525821877463489,0.000158456325028528,0.999999999999995739,1.250000000000000000,205231.313277471099719129
34.000000000000000000,377764239.000780125569158501,0.000126765060022822,0.999999999999992583,1.250000000000000000,191549.225725639693092617
35.000000000000000000,440724945.500910146548699049,0.000101412048018258,0.999999999999996528,1.250000000000000000,178779.277343930380240049
36.000000000000000000,514179103.084395171033748105,0.000081129638414606,0.999999999999991597,1.250000000000000000,166860.658854335021576254
37.000000000000000000,599875620.265127699612650407,0.000064903710731685,0.999999999999994679,1.250000000000000000,155736.614930712686821812
38.000000000000000000,699854890.309315649635649025,0.000051922968585348,0.999999999999994679,1.250000000000000000,145354.173935331841049674
39.000000000000000000,816497372.027534924668885140,0.000041538374868278,0.999999999999985049,1.250000000000000000,135663.895672976384995158
40.000000000000000000,952580267.365457412226157730,0.000033230699894622,0.999999999999973012,1.250000000000000000,126619.635961444626009761
