collateral ratio,reported leverage ratio,fair conversion rate (1 over sail price),applied conversion rate (measured),applied over fair conversion rate
0.002000000000000000,50.000000000000000000,25000.000000000000000000,49.000000000000000000,0.001960000000000000
0.002250000000000000,50.000000000000000000,22222.222222222222222222,49.000000000000000000,0.002205000000000000
0.002500000000000000,50.000000000000000000,20000.000000000000000000,49.000000000000000000,0.002450000000000000
0.003000000000000000,50.000000000000000000,16666.666666666666666666,49.000000000000000000,0.002940000000000000
0.003500000000000000,50.000000000000000000,14285.714285714285714285,49.000000000000000000,0.003430000000000000
0.004000000000000000,50.000000000000000000,12500.000000000000000000,49.000000000000000000,0.003920000000000000
0.004500000000000000,50.000000000000000000,11111.111111111111111111,49.000000000000000000,0.004410000000000000
0.005000000000000000,50.000000000000000000,10000.000000000000000000,49.000000000000000000,0.004900000000000000
0.006000000000000000,50.000000000000000000,8333.333333333333333333,49.000000000000000000,0.005880000000000000
0.007000000000000000,50.000000000000000000,7142.857142857142857142,49.000000000000000000,0.006860000000000000
0.008000000000000000,50.000000000000000000,6250.000000000000000000,49.000000000000000000,0.007840000000000000
0.009000000000000000,50.000000000000000000,5555.555555555555555555,49.000000000000000000,0.008820000000000000
0.010000000000000000,50.000000000000000000,5000.000000000000000000,49.000000000000000000,0.009800000000000000
0.012000000000000000,50.000000000000000000,4166.666666666666666666,49.000000000000000000,0.011760000000000000
0.014000000000000000,50.000000000000000000,3571.428571428571428571,49.000000000000000000,0.013720000000000000
0.016000000000000000,50.000000000000000000,3125.000000000000000000,49.000000000000000000,0.015680000000000000
0.018000000000000000,50.000000000000000000,2777.777777777777777777,49.000000000000000000,0.017640000000000000
0.020000000000000000,50.000000000000000000,2500.000000000000000000,49.000000000000000000,0.019600000000000000
0.022000000000000000,50.000000000000000000,2272.727272727272727272,49.000000000000000000,0.021560000000000000
0.024000000000000000,50.000000000000000000,2083.333333333333333333,49.000000000000000000,0.023520000000000000
0.026000000000000000,50.000000000000000000,1923.076923076923076923,49.000000000000000000,0.025480000000000000
0.028000000000000000,50.000000000000000000,1785.714285714285714285,49.000000000000000000,0.027440000000000000
0.030000000000000000,50.000000000000000000,1666.666666666666666666,49.000000000000000000,0.029400000000000000
0.032000000000000000,50.000000000000000000,1562.500000000000000000,49.000000000000000000,0.031360000000000000
0.034000000000000000,50.000000000000000000,1470.588235294117647058,49.000000000000000000,0.033320000000000000
0.036000000000000000,50.000000000000000000,1388.888888888888888888,49.000000000000000000,0.035280000000000000
0.038000000000000000,50.000000000000000000,1315.789473684210526315,49.000000000000000000,0.037240000000000000
0.040000000000000000,50.000000000000000000,1250.000000000000000000,49.000000000000000000,0.039200000000000000
0.042000000000000000,50.000000000000000000,1190.476190476190476190,49.000000000000000000,0.041160000000000000
0.044000000000000000,50.000000000000000000,1136.363636363636363636,49.000000000000000000,0.043120000000000000
0.046000000000000000,50.000000000000000000,1086.956521739130434782,49.000000000000000000,0.045080000000000000
0.048000000000000000,50.000000000000000000,1041.666666666666666666,49.000000000000000000,0.047040000000000000
0.050000000000000000,50.000000000000000000,1000.000000000000000000,49.000000000000000000,0.049000000000000000
0.052000000000000000,50.000000000000000000,961.538461538461538461,49.000000000000000000,0.050960000000000000
0.054000000000000000,50.000000000000000000,925.925925925925925925,49.000000000000000000,0.052920000000000000
0.056000000000000000,50.000000000000000000,892.857142857142857142,49.000000000000000000,0.054880000000000000
0.058000000000000000,50.000000000000000000,862.068965517241379310,49.000000000000000000,0.056840000000000000
0.060000000000000000,50.000000000000000000,833.333333333333333333,49.000000000000000000,0.058800000000000000
0.062000000000000000,50.000000000000000000,806.451612903225806451,49.000000000000000000,0.060760000000000000
0.064000000000000000,50.000000000000000000,781.250000000000000000,49.000000000000000000,0.062720000000000000
0.066000000000000000,50.000000000000000000,757.575757575757575757,49.000000000000000000,0.064680000000000000
0.068000000000000000,50.000000000000000000,735.294117647058823529,49.000000000000000000,0.066640000000000000
0.070000000000000000,50.000000000000000000,714.285714285714285714,49.000000000000000000,0.068600000000000000
0.072000000000000000,50.000000000000000000,694.444444444444444444,49.000000000000000000,0.070560000000000000
0.074000000000000000,50.000000000000000000,675.675675675675675675,49.000000000000000000,0.072520000000000000
0.076000000000000000,50.000000000000000000,657.894736842105263157,49.000000000000000000,0.074480000000000000
0.078000000000000000,50.000000000000000000,641.025641025641025641,49.000000000000000000,0.076440000000000000
0.080000000000000000,50.000000000000000000,625.000000000000000000,49.000000000000000000,0.078400000000000000
0.082000000000000000,50.000000000000000000,609.756097560975609756,49.000000000000000000,0.080360000000000000
0.084000000000000000,50.000000000000000000,595.238095238095238095,49.000000000000000000,0.082320000000000000
0.086000000000000000,50.000000000000000000,581.395348837209302325,49.000000000000000000,0.084280000000000000
0.088000000000000000,50.000000000000000000,568.181818181818181818,49.000000000000000000,0.086240000000000000
0.090000000000000000,50.000000000000000000,555.555555555555555555,49.000000000000000000,0.088200000000000000
0.092000000000000000,50.000000000000000000,543.478260869565217391,49.000000000000000000,0.090160000000000000
0.094000000000000000,50.000000000000000000,531.914893617021276595,49.000000000000000000,0.092120000000000000
0.096000000000000000,50.000000000000000000,520.833333333333333333,49.000000000000000000,0.094080000000000000
0.098000000000000000,50.000000000000000000,510.204081632653061224,49.000000000000000000,0.096040000000000000
0.100000000000000000,50.000000000000000000,500.000000000000000000,49.000000000000000000,0.098000000000000000
0.102000000000000000,50.000000000000000000,490.196078431372549019,49.000000000000000000,0.099960000000000000
0.104000000000000000,50.000000000000000000,480.769230769230769230,49.000000000000000000,0.101920000000000000
0.106000000000000000,50.000000000000000000,471.698113207547169811,49.000000000000000000,0.103880000000000000
0.108000000000000000,50.000000000000000000,462.962962962962962962,49.000000000000000000,0.105840000000000000
0.110000000000000000,50.000000000000000000,454.545454545454545454,49.000000000000000000,0.107800000000000000
0.112000000000000000,50.000000000000000000,446.428571428571428571,49.000000000000000000,0.109760000000000000
0.114000000000000000,50.000000000000000000,438.596491228070175438,49.000000000000000000,0.111720000000000000
0.116000000000000000,50.000000000000000000,431.034482758620689655,49.000000000000000000,0.113680000000000000
0.118000000000000000,50.000000000000000000,423.728813559322033898,49.000000000000000000,0.115640000000000000
0.120000000000000000,50.000000000000000000,416.666666666666666666,49.000000000000000000,0.117600000000000000
0.122000000000000000,50.000000000000000000,409.836065573770491803,49.000000000000000000,0.119560000000000000
0.124000000000000000,50.000000000000000000,403.225806451612903225,49.000000000000000000,0.121520000000000000
0.126000000000000000,50.000000000000000000,396.825396825396825396,49.000000000000000000,0.123480000000000000
0.128000000000000000,50.000000000000000000,390.625000000000000000,49.000000000000000000,0.125440000000000000
0.130000000000000000,50.000000000000000000,384.615384615384615384,49.000000000000000000,0.127400000000000000
0.132000000000000000,50.000000000000000000,378.787878787878787878,49.000000000000000000,0.129360000000000000
0.134000000000000000,50.000000000000000000,373.134328358208955223,49.000000000000000000,0.131320000000000000
0.136000000000000000,50.000000000000000000,367.647058823529411764,49.000000000000000000,0.133280000000000000
0.138000000000000000,50.000000000000000000,362.318840579710144927,49.000000000000000000,0.135240000000000000
0.140000000000000000,50.000000000000000000,357.142857142857142857,49.000000000000000000,0.137200000000000000
0.142000000000000000,50.000000000000000000,352.112676056338028169,49.000000000000000000,0.139160000000000000
0.144000000000000000,50.000000000000000000,347.222222222222222222,49.000000000000000000,0.141120000000000000
0.146000000000000000,50.000000000000000000,342.465753424657534246,49.000000000000000000,0.143080000000000000
0.148000000000000000,50.000000000000000000,337.837837837837837837,49.000000000000000000,0.145040000000000000
0.150000000000000000,50.000000000000000000,333.333333333333333333,49.000000000000000000,0.147000000000000000
0.152000000000000000,50.000000000000000000,328.947368421052631578,49.000000000000000000,0.148960000000000000
0.154000000000000000,50.000000000000000000,324.675324675324675324,49.000000000000000000,0.150920000000000000
0.156000000000000000,50.000000000000000000,320.512820512820512820,49.000000000000000000,0.152880000000000000
0.158000000000000000,50.000000000000000000,316.455696202531645569,49.000000000000000000,0.154840000000000000
0.160000000000000000,50.000000000000000000,312.500000000000000000,49.000000000000000000,0.156800000000000000
0.162000000000000000,50.000000000000000000,308.641975308641975308,49.000000000000000000,0.158760000000000000
0.164000000000000000,50.000000000000000000,304.878048780487804878,49.000000000000000000,0.160720000000000000
0.166000000000000000,50.000000000000000000,301.204819277108433734,49.000000000000000000,0.162680000000000000
0.168000000000000000,50.000000000000000000,297.619047619047619047,49.000000000000000000,0.164640000000000000
0.170000000000000000,50.000000000000000000,294.117647058823529411,49.000000000000000000,0.166600000000000000
0.172000000000000000,50.000000000000000000,290.697674418604651162,49.000000000000000000,0.168560000000000000
0.174000000000000000,50.000000000000000000,287.356321839080459770,49.000000000000000000,0.170520000000000000
0.176000000000000000,50.000000000000000000,284.090909090909090909,49.000000000000000000,0.172480000000000000
0.178000000000000000,50.000000000000000000,280.898876404494382022,49.000000000000000000,0.174440000000000000
0.180000000000000000,50.000000000000000000,277.777777777777777777,49.000000000000000000,0.176400000000000000
0.182000000000000000,50.000000000000000000,274.725274725274725274,49.000000000000000000,0.178360000000000000
0.184000000000000000,50.000000000000000000,271.739130434782608695,49.000000000000000000,0.180320000000000000
0.186000000000000000,50.000000000000000000,268.817204301075268817,49.000000000000000000,0.182280000000000000
0.188000000000000000,50.000000000000000000,265.957446808510638297,49.000000000000000000,0.184240000000000000
0.190000000000000000,50.000000000000000000,263.157894736842105263,49.000000000000000000,0.186200000000000000
0.192000000000000000,50.000000000000000000,260.416666666666666666,49.000000000000000000,0.188160000000000000
0.194000000000000000,50.000000000000000000,257.731958762886597938,49.000000000000000000,0.190120000000000000
0.196000000000000000,50.000000000000000000,255.102040816326530612,49.000000000000000000,0.192080000000000000
0.198000000000000000,50.000000000000000000,252.525252525252525252,49.000000000000000000,0.194040000000000000
0.200000000000000000,50.000000000000000000,250.000000000000000000,49.000000000000000000,0.196000000000000000
0.202000000000000000,50.000000000000000000,247.524752475247524752,49.000000000000000000,0.197960000000000000
0.204000000000000000,50.000000000000000000,245.098039215686274509,49.000000000000000000,0.199920000000000000
0.206000000000000000,50.000000000000000000,242.718446601941747572,49.000000000000000000,0.201880000000000000
0.208000000000000000,50.000000000000000000,240.384615384615384615,49.000000000000000000,0.203840000000000000
0.210000000000000000,50.000000000000000000,238.095238095238095238,49.000000000000000000,0.205800000000000000
0.212000000000000000,50.000000000000000000,235.849056603773584905,49.000000000000000000,0.207760000000000000
0.214000000000000000,50.000000000000000000,233.644859813084112149,49.000000000000000000,0.209720000000000000
0.216000000000000000,50.000000000000000000,231.481481481481481481,49.000000000000000000,0.211680000000000000
0.218000000000000000,50.000000000000000000,229.357798165137614678,49.000000000000000000,0.213640000000000000
0.220000000000000000,50.000000000000000000,227.272727272727272727,49.000000000000000000,0.215600000000000000
0.222000000000000000,50.000000000000000000,225.225225225225225225,49.000000000000000000,0.217560000000000000
0.224000000000000000,50.000000000000000000,223.214285714285714285,49.000000000000000000,0.219520000000000000
0.226000000000000000,50.000000000000000000,221.238938053097345132,49.000000000000000000,0.221480000000000000
0.228000000000000000,50.000000000000000000,219.298245614035087719,49.000000000000000000,0.223440000000000000
0.230000000000000000,50.000000000000000000,217.391304347826086956,49.000000000000000000,0.225400000000000000
0.232000000000000000,50.000000000000000000,215.517241379310344827,49.000000000000000000,0.227360000000000000
0.234000000000000000,50.000000000000000000,213.675213675213675213,49.000000000000000000,0.229320000000000000
0.236000000000000000,50.000000000000000000,211.864406779661016949,49.000000000000000000,0.231280000000000000
0.238000000000000000,50.000000000000000000,210.084033613445378151,49.000000000000000000,0.233240000000000000
0.240000000000000000,50.000000000000000000,208.333333333333333333,49.000000000000000000,0.235200000000000000
0.242000000000000000,50.000000000000000000,206.611570247933884297,49.000000000000000000,0.237160000000000000
0.244000000000000000,50.000000000000000000,204.918032786885245901,49.000000000000000000,0.239120000000000000
0.246000000000000000,50.000000000000000000,203.252032520325203252,49.000000000000000000,0.241080000000000000
0.248000000000000000,50.000000000000000000,201.612903225806451612,49.000000000000000000,0.243040000000000000
0.250000000000000000,50.000000000000000000,200.000000000000000000,49.000000000000000000,0.245000000000000000
0.252000000000000000,50.000000000000000000,198.412698412698412698,49.000000000000000000,0.246960000000000000
0.254000000000000000,50.000000000000000000,196.850393700787401574,49.000000000000000000,0.248920000000000000
0.256000000000000000,50.000000000000000000,195.312500000000000000,49.000000000000000000,0.250880000000000000
0.258000000000000000,50.000000000000000000,193.798449612403100775,49.000000000000000000,0.252840000000000000
0.260000000000000000,50.000000000000000000,192.307692307692307692,49.000000000000000000,0.254800000000000000
0.262000000000000000,50.000000000000000000,190.839694656488549618,49.000000000000000000,0.256760000000000000
0.264000000000000000,50.000000000000000000,189.393939393939393939,49.000000000000000000,0.258720000000000000
0.266000000000000000,50.000000000000000000,187.969924812030075187,49.000000000000000000,0.260680000000000000
0.268000000000000000,50.000000000000000000,186.567164179104477611,49.000000000000000000,0.262640000000000000
0.270000000000000000,50.000000000000000000,185.185185185185185185,49.000000000000000000,0.264600000000000000
0.272000000000000000,50.000000000000000000,183.823529411764705882,49.000000000000000000,0.266560000000000000
0.274000000000000000,50.000000000000000000,182.481751824817518248,49.000000000000000000,0.268520000000000000
0.276000000000000000,50.000000000000000000,181.159420289855072463,49.000000000000000000,0.270480000000000000
0.278000000000000000,50.000000000000000000,179.856115107913669064,49.000000000000000000,0.272440000000000000
0.280000000000000000,50.000000000000000000,178.571428571428571428,49.000000000000000000,0.274400000000000000
0.282000000000000000,50.000000000000000000,177.304964539007092198,49.000000000000000000,0.276360000000000000
0.284000000000000000,50.000000000000000000,176.056338028169014084,49.000000000000000000,0.278320000000000000
0.286000000000000000,50.000000000000000000,174.825174825174825174,49.000000000000000000,0.280280000000000000
0.288000000000000000,50.000000000000000000,173.611111111111111111,49.000000000000000000,0.282240000000000000
0.290000000000000000,50.000000000000000000,172.413793103448275862,49.000000000000000000,0.284200000000000000
0.292000000000000000,50.000000000000000000,171.232876712328767123,49.000000000000000000,0.286160000000000000
0.294000000000000000,50.000000000000000000,170.068027210884353741,49.000000000000000000,0.288120000000000000
0.296000000000000000,50.000000000000000000,168.918918918918918918,49.000000000000000000,0.290080000000000000
0.298000000000000000,50.000000000000000000,167.785234899328859060,49.000000000000000000,0.292040000000000000
0.300000000000000000,50.000000000000000000,166.666666666666666666,49.000000000000000000,0.294000000000000000
0.302000000000000000,50.000000000000000000,165.562913907284768211,49.000000000000000000,0.295960000000000000
0.304000000000000000,50.000000000000000000,164.473684210526315789,49.000000000000000000,0.297920000000000000
0.306000000000000000,50.000000000000000000,163.398692810457516339,49.000000000000000000,0.299880000000000000
0.308000000000000000,50.000000000000000000,162.337662337662337662,49.000000000000000000,0.301840000000000000
0.310000000000000000,50.000000000000000000,161.290322580645161290,49.000000000000000000,0.303800000000000000
0.312000000000000000,50.000000000000000000,160.256410256410256410,49.000000000000000000,0.305760000000000000
0.314000000000000000,50.000000000000000000,159.235668789808917197,49.000000000000000000,0.307720000000000000
0.316000000000000000,50.000000000000000000,158.227848101265822784,49.000000000000000000,0.309680000000000000
0.318000000000000000,50.000000000000000000,157.232704402515723270,49.000000000000000000,0.311640000000000000
0.320000000000000000,50.000000000000000000,156.250000000000000000,49.000000000000000000,0.313600000000000000
0.322000000000000000,50.000000000000000000,155.279503105590062111,49.000000000000000000,0.315560000000000000
0.324000000000000000,50.000000000000000000,154.320987654320987654,49.000000000000000000,0.317520000000000000
0.326000000000000000,50.000000000000000000,153.374233128834355828,49.000000000000000000,0.319480000000000000
0.328000000000000000,50.000000000000000000,152.439024390243902439,49.000000000000000000,0.321440000000000000
0.330000000000000000,50.000000000000000000,151.515151515151515151,49.000000000000000000,0.323400000000000000
0.332000000000000000,50.000000000000000000,150.602409638554216867,49.000000000000000000,0.325360000000000000
0.334000000000000000,50.000000000000000000,149.700598802395209580,49.000000000000000000,0.327320000000000000
0.336000000000000000,50.000000000000000000,148.809523809523809523,49.000000000000000000,0.329280000000000000
0.338000000000000000,50.000000000000000000,147.928994082840236686,49.000000000000000000,0.331240000000000000
0.340000000000000000,50.000000000000000000,147.058823529411764705,49.000000000000000000,0.333200000000000000
0.342000000000000000,50.000000000000000000,146.198830409356725146,49.000000000000000000,0.335160000000000000
0.344000000000000000,50.000000000000000000,145.348837209302325581,49.000000000000000000,0.337120000000000000
0.346000000000000000,50.000000000000000000,144.508670520231213872,49.000000000000000000,0.339080000000000000
0.348000000000000000,50.000000000000000000,143.678160919540229885,49.000000000000000000,0.341040000000000000
0.350000000000000000,50.000000000000000000,142.857142857142857142,49.000000000000000000,0.343000000000000000
0.352000000000000000,50.000000000000000000,142.045454545454545454,49.000000000000000000,0.344960000000000000
0.354000000000000000,50.000000000000000000,141.242937853107344632,49.000000000000000000,0.346920000000000000
0.356000000000000000,50.000000000000000000,140.449438202247191011,49.000000000000000000,0.348880000000000000
0.358000000000000000,50.000000000000000000,139.664804469273743016,49.000000000000000000,0.350840000000000000
0.360000000000000000,50.000000000000000000,138.888888888888888888,49.000000000000000000,0.352800000000000000
0.362000000000000000,50.000000000000000000,138.121546961325966850,49.000000000000000000,0.354760000000000000
0.364000000000000000,50.000000000000000000,137.362637362637362637,49.000000000000000000,0.356720000000000000
0.366000000000000000,50.000000000000000000,136.612021857923497267,49.000000000000000000,0.358680000000000000
0.368000000000000000,50.000000000000000000,135.869565217391304347,49.000000000000000000,0.360640000000000000
0.370000000000000000,50.000000000000000000,135.135135135135135135,49.000000000000000000,0.362600000000000000
0.372000000000000000,50.000000000000000000,134.408602150537634408,49.000000000000000000,0.364560000000000000
0.374000000000000000,50.000000000000000000,133.689839572192513368,49.000000000000000000,0.366520000000000000
0.376000000000000000,50.000000000000000000,132.978723404255319148,49.000000000000000000,0.368480000000000000
0.378000000000000000,50.000000000000000000,132.275132275132275132,49.000000000000000000,0.370440000000000000
0.380000000000000000,50.000000000000000000,131.578947368421052631,49.000000000000000000,0.372400000000000000
0.382000000000000000,50.000000000000000000,130.890052356020942408,49.000000000000000000,0.374360000000000000
0.384000000000000000,50.000000000000000000,130.208333333333333333,49.000000000000000000,0.376320000000000000
0.386000000000000000,50.000000000000000000,129.533678756476683937,49.000000000000000000,0.378280000000000000
0.388000000000000000,50.000000000000000000,128.865979381443298969,49.000000000000000000,0.380240000000000000
0.390000000000000000,50.000000000000000000,128.205128205128205128,49.000000000000000000,0.382200000000000000
0.392000000000000000,50.000000000000000000,127.551020408163265306,49.000000000000000000,0.384160000000000000
0.394000000000000000,50.000000000000000000,126.903553299492385786,49.000000000000000000,0.386120000000000000
0.396000000000000000,50.000000000000000000,126.262626262626262626,49.000000000000000000,0.388080000000000000
0.398000000000000000,50.000000000000000000,125.628140703517587939,49.000000000000000000,0.390040000000000000
0.400000000000000000,50.000000000000000000,125.000000000000000000,49.000000000000000000,0.392000000000000000
0.402000000000000000,50.000000000000000000,124.378109452736318407,49.000000000000000000,0.393960000000000000
0.404000000000000000,50.000000000000000000,123.762376237623762376,49.000000000000000000,0.395920000000000000
0.406000000000000000,50.000000000000000000,123.152709359605911330,49.000000000000000000,0.397880000000000000
0.408000000000000000,50.000000000000000000,122.549019607843137254,49.000000000000000000,0.399840000000000000
0.410000000000000000,50.000000000000000000,121.951219512195121951,49.000000000000000000,0.401800000000000000
0.412000000000000000,50.000000000000000000,121.359223300970873786,49.000000000000000000,0.403760000000000000
0.414000000000000000,50.000000000000000000,120.772946859903381642,49.000000000000000000,0.405720000000000000
0.416000000000000000,50.000000000000000000,120.192307692307692307,49.000000000000000000,0.407680000000000000
0.418000000000000000,50.000000000000000000,119.617224880382775119,49.000000000000000000,0.409640000000000000
0.420000000000000000,50.000000000000000000,119.047619047619047619,49.000000000000000000,0.411600000000000000
0.422000000000000000,50.000000000000000000,118.483412322274881516,49.000000000000000000,0.413560000000000000
0.424000000000000000,50.000000000000000000,117.924528301886792452,49.000000000000000000,0.415520000000000000
0.426000000000000000,50.000000000000000000,117.370892018779342723,49.000000000000000000,0.417480000000000000
0.428000000000000000,50.000000000000000000,116.822429906542056074,49.000000000000000000,0.419440000000000000
0.430000000000000000,50.000000000000000000,116.279069767441860465,49.000000000000000000,0.421400000000000000
0.432000000000000000,50.000000000000000000,115.740740740740740740,49.000000000000000000,0.423360000000000000
0.434000000000000000,50.000000000000000000,115.207373271889400921,49.000000000000000000,0.425320000000000000
0.436000000000000000,50.000000000000000000,114.678899082568807339,49.000000000000000000,0.427280000000000000
0.438000000000000000,50.000000000000000000,114.155251141552511415,49.000000000000000000,0.429240000000000000
0.440000000000000000,50.000000000000000000,113.636363636363636363,49.000000000000000000,0.431200000000000000
0.442000000000000000,50.000000000000000000,113.122171945701357466,49.000000000000000000,0.433160000000000000
0.444000000000000000,50.000000000000000000,112.612612612612612612,49.000000000000000000,0.435120000000000000
0.446000000000000000,50.000000000000000000,112.107623318385650224,49.000000000000000000,0.437080000000000000
0.448000000000000000,50.000000000000000000,111.607142857142857142,49.000000000000000000,0.439040000000000000
0.450000000000000000,50.000000000000000000,111.111111111111111111,49.000000000000000000,0.441000000000000000
0.452000000000000000,50.000000000000000000,110.619469026548672566,49.000000000000000000,0.442960000000000000
0.454000000000000000,50.000000000000000000,110.132158590308370044,49.000000000000000000,0.444920000000000000
0.456000000000000000,50.000000000000000000,109.649122807017543859,49.000000000000000000,0.446880000000000000
0.458000000000000000,50.000000000000000000,109.170305676855895196,49.000000000000000000,0.448840000000000000
0.460000000000000000,50.000000000000000000,108.695652173913043478,49.000000000000000000,0.450800000000000000
0.462000000000000000,50.000000000000000000,108.225108225108225108,49.000000000000000000,0.452760000000000000
0.464000000000000000,50.000000000000000000,107.758620689655172413,49.000000000000000000,0.454720000000000000
0.466000000000000000,50.000000000000000000,107.296137339055793991,49.000000000000000000,0.456680000000000000
0.468000000000000000,50.000000000000000000,106.837606837606837606,49.000000000000000000,0.458640000000000000
0.470000000000000000,50.000000000000000000,106.382978723404255319,49.000000000000000000,0.460600000000000000
0.472000000000000000,50.000000000000000000,105.932203389830508474,49.000000000000000000,0.462560000000000000
0.474000000000000000,50.000000000000000000,105.485232067510548523,49.000000000000000000,0.464520000000000000
0.476000000000000000,50.000000000000000000,105.042016806722689075,49.000000000000000000,0.466480000000000000
0.478000000000000000,50.000000000000000000,104.602510460251046025,49.000000000000000000,0.468440000000000000
0.480000000000000000,50.000000000000000000,104.166666666666666666,49.000000000000000000,0.470400000000000000
0.482000000000000000,50.000000000000000000,103.734439834024896265,49.000000000000000000,0.472360000000000000
0.484000000000000000,50.000000000000000000,103.305785123966942148,49.000000000000000000,0.474320000000000000
0.486000000000000000,50.000000000000000000,102.880658436213991769,49.000000000000000000,0.476280000000000000
0.488000000000000000,50.000000000000000000,102.459016393442622950,49.000000000000000000,0.478240000000000000
0.490000000000000000,50.000000000000000000,102.040816326530612244,49.000000000000000000,0.480200000000000000
0.492000000000000000,50.000000000000000000,101.626016260162601626,49.000000000000000000,0.482160000000000000
0.494000000000000000,50.000000000000000000,101.214574898785425101,49.000000000000000000,0.484120000000000000
0.496000000000000000,50.000000000000000000,100.806451612903225806,49.000000000000000000,0.486080000000000000
0.498000000000000000,50.000000000000000000,100.401606425702811244,49.000000000000000000,0.488040000000000000
0.500000000000000000,50.000000000000000000,100.000000000000000000,49.000000000000000000,0.490000000000000000
0.502000000000000000,50.000000000000000000,99.601593625498007968,49.000000000000000000,0.491960000000000000
0.504000000000000000,50.000000000000000000,99.206349206349206349,49.000000000000000000,0.493920000000000000
0.506000000000000000,50.000000000000000000,98.814229249011857707,49.000000000000000000,0.495880000000000000
0.508000000000000000,50.000000000000000000,98.425196850393700787,49.000000000000000000,0.497840000000000000
0.510000000000000000,50.000000000000000000,98.039215686274509803,49.000000000000000000,0.499800000000000000
0.512000000000000000,50.000000000000000000,97.656250000000000000,49.000000000000000000,0.501760000000000000
0.514000000000000000,50.000000000000000000,97.276264591439688715,49.000000000000000000,0.503720000000000000
0.516000000000000000,50.000000000000000000,96.899224806201550387,49.000000000000000000,0.505680000000000000
0.518000000000000000,50.000000000000000000,96.525096525096525096,49.000000000000000000,0.507640000000000000
0.520000000000000000,50.000000000000000000,96.153846153846153846,49.000000000000000000,0.509600000000000000
0.522000000000000000,50.000000000000000000,95.785440613026819923,49.000000000000000000,0.511560000000000000
0.524000000000000000,50.000000000000000000,95.419847328244274809,49.000000000000000000,0.513520000000000000
0.526000000000000000,50.000000000000000000,95.057034220532319391,49.000000000000000000,0.515480000000000000
0.528000000000000000,50.000000000000000000,94.696969696969696969,49.000000000000000000,0.517440000000000000
0.530000000000000000,50.000000000000000000,94.339622641509433962,49.000000000000000000,0.519400000000000000
0.532000000000000000,50.000000000000000000,93.984962406015037593,49.000000000000000000,0.521360000000000000
0.534000000000000000,50.000000000000000000,93.632958801498127340,49.000000000000000000,0.523320000000000000
0.536000000000000000,50.000000000000000000,93.283582089552238805,49.000000000000000000,0.525280000000000000
0.538000000000000000,50.000000000000000000,92.936802973977695167,49.000000000000000000,0.527240000000000000
0.540000000000000000,50.000000000000000000,92.592592592592592592,49.000000000000000000,0.529200000000000000
0.542000000000000000,50.000000000000000000,92.250922509225092250,49.000000000000000000,0.531160000000000000
0.544000000000000000,50.000000000000000000,91.911764705882352941,49.000000000000000000,0.533120000000000000
0.546000000000000000,50.000000000000000000,91.575091575091575091,49.000000000000000000,0.535080000000000000
0.548000000000000000,50.000000000000000000,91.240875912408759124,49.000000000000000000,0.537040000000000000
0.550000000000000000,50.000000000000000000,90.909090909090909090,49.000000000000000000,0.539000000000000000
0.552000000000000000,50.000000000000000000,90.579710144927536231,49.000000000000000000,0.540960000000000000
0.554000000000000000,50.000000000000000000,90.252707581227436823,49.000000000000000000,0.542920000000000000
0.556000000000000000,50.000000000000000000,89.928057553956834532,49.000000000000000000,0.544880000000000000
0.558000000000000000,50.000000000000000000,89.605734767025089605,49.000000000000000000,0.546840000000000000
0.560000000000000000,50.000000000000000000,89.285714285714285714,49.000000000000000000,0.548800000000000000
0.562000000000000000,50.000000000000000000,88.967971530249110320,49.000000000000000000,0.550760000000000000
0.564000000000000000,50.000000000000000000,88.652482269503546099,49.000000000000000000,0.552720000000000000
0.566000000000000000,50.000000000000000000,88.339222614840989399,49.000000000000000000,0.554680000000000000
0.568000000000000000,50.000000000000000000,88.028169014084507042,49.000000000000000000,0.556640000000000000
0.570000000000000000,50.000000000000000000,87.719298245614035087,49.000000000000000000,0.558600000000000000
0.572000000000000000,50.000000000000000000,87.412587412587412587,49.000000000000000000,0.560560000000000000
0.574000000000000000,50.000000000000000000,87.108013937282229965,49.000000000000000000,0.562520000000000000
0.576000000000000000,50.000000000000000000,86.805555555555555555,49.000000000000000000,0.564480000000000000
0.578000000000000000,50.000000000000000000,86.505190311418685121,49.000000000000000000,0.566440000000000000
0.580000000000000000,50.000000000000000000,86.206896551724137931,49.000000000000000000,0.568400000000000000
0.582000000000000000,50.000000000000000000,85.910652920962199312,49.000000000000000000,0.570360000000000000
0.584000000000000000,50.000000000000000000,85.616438356164383561,49.000000000000000000,0.572320000000000000
0.586000000000000000,50.000000000000000000,85.324232081911262798,49.000000000000000000,0.574280000000000000
0.588000000000000000,50.000000000000000000,85.034013605442176870,49.000000000000000000,0.576240000000000000
0.590000000000000000,50.000000000000000000,84.745762711864406779,49.000000000000000000,0.578200000000000000
0.592000000000000000,50.000000000000000000,84.459459459459459459,49.000000000000000000,0.580160000000000000
0.594000000000000000,50.000000000000000000,84.175084175084175084,49.000000000000000000,0.582120000000000000
0.596000000000000000,50.000000000000000000,83.892617449664429530,49.000000000000000000,0.584080000000000000
0.598000000000000000,50.000000000000000000,83.612040133779264214,49.000000000000000000,0.586040000000000000
0.600000000000000000,50.000000000000000000,83.333333333333333333,49.000000000000000000,0.588000000000000000
0.602000000000000000,50.000000000000000000,83.056478405315614617,49.000000000000000000,0.589960000000000000
0.604000000000000000,50.000000000000000000,82.781456953642384105,49.000000000000000000,0.591920000000000000
0.606000000000000000,50.000000000000000000,82.508250825082508250,49.000000000000000000,0.593880000000000000
0.608000000000000000,50.000000000000000000,82.236842105263157894,49.000000000000000000,0.595840000000000000
0.610000000000000000,50.000000000000000000,81.967213114754098360,49.000000000000000000,0.597800000000000000
0.612000000000000000,50.000000000000000000,81.699346405228758169,49.000000000000000000,0.599760000000000000
0.614000000000000000,50.000000000000000000,81.433224755700325732,49.000000000000000000,0.601720000000000000
0.616000000000000000,50.000000000000000000,81.168831168831168831,49.000000000000000000,0.603680000000000000
0.618000000000000000,50.000000000000000000,80.906148867313915857,49.000000000000000000,0.605640000000000000
0.620000000000000000,50.000000000000000000,80.645161290322580645,49.000000000000000000,0.607600000000000000
0.622000000000000000,50.000000000000000000,80.385852090032154340,49.000000000000000000,0.609560000000000000
0.624000000000000000,50.000000000000000000,80.128205128205128205,49.000000000000000000,0.611520000000000000
0.626000000000000000,50.000000000000000000,79.872204472843450479,49.000000000000000000,0.613480000000000000
0.628000000000000000,50.000000000000000000,79.617834394904458598,49.000000000000000000,0.615440000000000000
0.630000000000000000,50.000000000000000000,79.365079365079365079,49.000000000000000000,0.617400000000000000
0.632000000000000000,50.000000000000000000,79.113924050632911392,49.000000000000000000,0.619360000000000000
0.634000000000000000,50.000000000000000000,78.864353312302839116,49.000000000000000000,0.621320000000000000
0.636000000000000000,50.000000000000000000,78.616352201257861635,49.000000000000000000,0.623280000000000000
0.638000000000000000,50.000000000000000000,78.369905956112852664,49.000000000000000000,0.625240000000000000
0.640000000000000000,50.000000000000000000,78.125000000000000000,49.000000000000000000,0.627200000000000000
0.642000000000000000,50.000000000000000000,77.881619937694704049,49.000000000000000000,0.629160000000000000
0.644000000000000000,50.000000000000000000,77.639751552795031055,49.000000000000000000,0.631120000000000000
0.646000000000000000,50.000000000000000000,77.399380804953560371,49.000000000000000000,0.633080000000000000
0.648000000000000000,50.000000000000000000,77.160493827160493827,49.000000000000000000,0.635040000000000000
0.650000000000000000,50.000000000000000000,76.923076923076923076,49.000000000000000000,0.637000000000000000
0.652000000000000000,50.000000000000000000,76.687116564417177914,49.000000000000000000,0.638960000000000000
0.654000000000000000,50.000000000000000000,76.452599388379204892,49.000000000000000000,0.640920000000000000
0.656000000000000000,50.000000000000000000,76.219512195121951219,49.000000000000000000,0.642880000000000000
0.658000000000000000,50.000000000000000000,75.987841945288753799,49.000000000000000000,0.644840000000000000
0.660000000000000000,50.000000000000000000,75.757575757575757575,49.000000000000000000,0.646800000000000000
0.662000000000000000,50.000000000000000000,75.528700906344410876,49.000000000000000000,0.648760000000000000
0.664000000000000000,50.000000000000000000,75.301204819277108433,49.000000000000000000,0.650720000000000000
0.666000000000000000,50.000000000000000000,75.075075075075075075,49.000000000000000000,0.652680000000000000
0.668000000000000000,50.000000000000000000,74.850299401197604790,49.000000000000000000,0.654640000000000000
0.670000000000000000,50.000000000000000000,74.626865671641791044,49.000000000000000000,0.656600000000000000
0.672000000000000000,50.000000000000000000,74.404761904761904761,49.000000000000000000,0.658560000000000000
0.674000000000000000,50.000000000000000000,74.183976261127596439,49.000000000000000000,0.660520000000000000
0.676000000000000000,50.000000000000000000,73.964497041420118343,49.000000000000000000,0.662480000000000000
0.678000000000000000,50.000000000000000000,73.746312684365781710,49.000000000000000000,0.664440000000000000
0.680000000000000000,50.000000000000000000,73.529411764705882352,49.000000000000000000,0.666400000000000000
0.682000000000000000,50.000000000000000000,73.313782991202346041,49.000000000000000000,0.668360000000000000
0.684000000000000000,50.000000000000000000,73.099415204678362573,49.000000000000000000,0.670320000000000000
0.686000000000000000,50.000000000000000000,72.886297376093294460,49.000000000000000000,0.672280000000000000
0.688000000000000000,50.000000000000000000,72.674418604651162790,49.000000000000000000,0.674240000000000000
0.690000000000000000,50.000000000000000000,72.463768115942028985,49.000000000000000000,0.676200000000000000
0.692000000000000000,50.000000000000000000,72.254335260115606936,49.000000000000000000,0.678160000000000000
0.694000000000000000,50.000000000000000000,72.046109510086455331,49.000000000000000000,0.680120000000000000
0.696000000000000000,50.000000000000000000,71.839080459770114942,49.000000000000000000,0.682080000000000000
0.698000000000000000,50.000000000000000000,71.633237822349570200,49.000000000000000000,0.684040000000000000
0.700000000000000000,50.000000000000000000,71.428571428571428571,49.000000000000000000,0.686000000000000000
0.702000000000000000,50.000000000000000000,71.225071225071225071,49.000000000000000000,0.687960000000000000
0.704000000000000000,50.000000000000000000,71.022727272727272727,49.000000000000000000,0.689920000000000000
0.706000000000000000,50.000000000000000000,70.821529745042492917,49.000000000000000000,0.691880000000000000
0.708000000000000000,50.000000000000000000,70.621468926553672316,49.000000000000000000,0.693840000000000000
0.710000000000000000,50.000000000000000000,70.422535211267605633,49.000000000000000000,0.695800000000000000
0.712000000000000000,50.000000000000000000,70.224719101123595505,49.000000000000000000,0.697760000000000000
0.714000000000000000,50.000000000000000000,70.028011204481792717,49.000000000000000000,0.699720000000000000
0.716000000000000000,50.000000000000000000,69.832402234636871508,49.000000000000000000,0.701680000000000000
0.718000000000000000,50.000000000000000000,69.637883008356545961,49.000000000000000000,0.703640000000000000
0.720000000000000000,50.000000000000000000,69.444444444444444444,49.000000000000000000,0.705600000000000000
0.722000000000000000,50.000000000000000000,69.252077562326869806,49.000000000000000000,0.707560000000000000
0.724000000000000000,50.000000000000000000,69.060773480662983425,49.000000000000000000,0.709520000000000000
0.726000000000000000,50.000000000000000000,68.870523415977961432,49.000000000000000000,0.711480000000000000
0.728000000000000000,50.000000000000000000,68.681318681318681318,49.000000000000000000,0.713440000000000000
0.730000000000000000,50.000000000000000000,68.493150684931506849,49.000000000000000000,0.715400000000000000
0.732000000000000000,50.000000000000000000,68.306010928961748633,49.000000000000000000,0.717360000000000000
0.734000000000000000,50.000000000000000000,68.119891008174386920,49.000000000000000000,0.719320000000000000
0.736000000000000000,50.000000000000000000,67.934782608695652173,49.000000000000000000,0.721280000000000000
0.738000000000000000,50.000000000000000000,67.750677506775067750,49.000000000000000000,0.723240000000000000
0.740000000000000000,50.000000000000000000,67.567567567567567567,49.000000000000000000,0.725200000000000000
0.742000000000000000,50.000000000000000000,67.385444743935309973,49.000000000000000000,0.727160000000000000
0.744000000000000000,50.000000000000000000,67.204301075268817204,49.000000000000000000,0.729120000000000000
0.746000000000000000,50.000000000000000000,67.024128686327077747,49.000000000000000000,0.731080000000000000
0.748000000000000000,50.000000000000000000,66.844919786096256684,49.000000000000000000,0.733040000000000000
0.750000000000000000,50.000000000000000000,66.666666666666666666,49.000000000000000000,0.735000000000000000
0.752000000000000000,50.000000000000000000,66.489361702127659574,49.000000000000000000,0.736960000000000000
0.754000000000000000,50.000000000000000000,66.312997347480106100,49.000000000000000000,0.738920000000000000
0.756000000000000000,50.000000000000000000,66.137566137566137566,49.000000000000000000,0.740880000000000000
0.758000000000000000,50.000000000000000000,65.963060686015831134,49.000000000000000000,0.742840000000000000
0.760000000000000000,50.000000000000000000,65.789473684210526315,49.000000000000000000,0.744800000000000000
0.762000000000000000,50.000000000000000000,65.616797900262467191,49.000000000000000000,0.746760000000000000
0.764000000000000000,50.000000000000000000,65.445026178010471204,49.000000000000000000,0.748720000000000000
0.766000000000000000,50.000000000000000000,65.274151436031331592,49.000000000000000000,0.750680000000000000
0.768000000000000000,50.000000000000000000,65.104166666666666666,49.000000000000000000,0.752640000000000000
0.770000000000000000,50.000000000000000000,64.935064935064935064,49.000000000000000000,0.754600000000000000
0.772000000000000000,50.000000000000000000,64.766839378238341968,49.000000000000000000,0.756560000000000000
0.774000000000000000,50.000000000000000000,64.599483204134366925,49.000000000000000000,0.758520000000000000
0.776000000000000000,50.000000000000000000,64.432989690721649484,49.000000000000000000,0.760480000000000000
0.778000000000000000,50.000000000000000000,64.267352185089974293,49.000000000000000000,0.762440000000000000
0.780000000000000000,50.000000000000000000,64.102564102564102564,49.000000000000000000,0.764400000000000000
0.782000000000000000,50.000000000000000000,63.938618925831202046,49.000000000000000000,0.766360000000000000
0.784000000000000000,50.000000000000000000,63.775510204081632653,49.000000000000000000,0.768320000000000000
0.786000000000000000,50.000000000000000000,63.613231552162849872,49.000000000000000000,0.770280000000000000
0.788000000000000000,50.000000000000000000,63.451776649746192893,49.000000000000000000,0.772240000000000000
0.790000000000000000,50.000000000000000000,63.291139240506329113,49.000000000000000000,0.774200000000000000
0.792000000000000000,50.000000000000000000,63.131313131313131313,49.000000000000000000,0.776160000000000000
0.794000000000000000,50.000000000000000000,62.972292191435768261,49.000000000000000000,0.778120000000000000
0.796000000000000000,50.000000000000000000,62.814070351758793969,49.000000000000000000,0.780080000000000000
0.798000000000000000,50.000000000000000000,62.656641604010025062,49.000000000000000000,0.782040000000000000
0.800000000000000000,50.000000000000000000,62.500000000000000000,49.000000000000000000,0.784000000000000000
0.802000000000000000,50.000000000000000000,62.344139650872817955,49.000000000000000000,0.785960000000000000
0.804000000000000000,50.000000000000000000,62.189054726368159203,49.000000000000000000,0.787920000000000000
0.806000000000000000,50.000000000000000000,62.034739454094292803,49.000000000000000000,0.789880000000000000
0.808000000000000000,50.000000000000000000,61.881188118811881188,49.000000000000000000,0.791840000000000000
0.810000000000000000,50.000000000000000000,61.728395061728395061,49.000000000000000000,0.793800000000000000
0.812000000000000000,50.000000000000000000,61.576354679802955665,49.000000000000000000,0.795760000000000000
0.814000000000000000,50.000000000000000000,61.425061425061425061,49.000000000000000000,0.797720000000000000
0.816000000000000000,50.000000000000000000,61.274509803921568627,49.000000000000000000,0.799680000000000000
0.818000000000000000,50.000000000000000000,61.124694376528117359,49.000000000000000000,0.801640000000000000
0.820000000000000000,50.000000000000000000,60.975609756097560975,49.000000000000000000,0.803600000000000000
0.822000000000000000,50.000000000000000000,60.827250608272506082,49.000000000000000000,0.805560000000000000
0.824000000000000000,50.000000000000000000,60.679611650485436893,49.000000000000000000,0.807520000000000000
0.826000000000000000,50.000000000000000000,60.532687651331719128,49.000000000000000000,0.809480000000000000
0.828000000000000000,50.000000000000000000,60.386473429951690821,49.000000000000000000,0.811440000000000000
0.830000000000000000,50.000000000000000000,60.240963855421686746,49.000000000000000000,0.813400000000000000
0.832000000000000000,50.000000000000000000,60.096153846153846153,49.000000000000000000,0.815360000000000000
0.834000000000000000,50.000000000000000000,59.952038369304556354,49.000000000000000000,0.817320000000000000
0.836000000000000000,50.000000000000000000,59.808612440191387559,49.000000000000000000,0.819280000000000000
0.838000000000000000,50.000000000000000000,59.665871121718377088,49.000000000000000000,0.821240000000000000
0.840000000000000000,50.000000000000000000,59.523809523809523809,49.000000000000000000,0.823200000000000000
0.842000000000000000,50.000000000000000000,59.382422802850356294,49.000000000000000000,0.825160000000000000
0.844000000000000000,50.000000000000000000,59.241706161137440758,49.000000000000000000,0.827120000000000000
0.846000000000000000,50.000000000000000000,59.101654846335697399,49.000000000000000000,0.829080000000000000
0.848000000000000000,50.000000000000000000,58.962264150943396226,49.000000000000000000,0.831040000000000000
0.850000000000000000,50.000000000000000000,58.823529411764705882,49.000000000000000000,0.833000000000000000
0.852000000000000000,50.000000000000000000,58.685446009389671361,49.000000000000000000,0.834960000000000000
0.854000000000000000,50.000000000000000000,58.548009367681498829,49.000000000000000000,0.836920000000000000
0.856000000000000000,50.000000000000000000,58.411214953271028037,49.000000000000000000,0.838880000000000000
0.858000000000000000,50.000000000000000000,58.275058275058275058,49.000000000000000000,0.840840000000000000
0.860000000000000000,50.000000000000000000,58.139534883720930232,49.000000000000000000,0.842800000000000000
0.862000000000000000,50.000000000000000000,58.004640371229698375,49.000000000000000000,0.844760000000000000
0.864000000000000000,50.000000000000000000,57.870370370370370370,49.000000000000000000,0.846720000000000000
0.866000000000000000,50.000000000000000000,57.736720554272517321,49.000000000000000000,0.848680000000000000
0.868000000000000000,50.000000000000000000,57.603686635944700460,49.000000000000000000,0.850640000000000000
0.870000000000000000,50.000000000000000000,57.471264367816091954,49.000000000000000000,0.852600000000000000
0.872000000000000000,50.000000000000000000,57.339449541284403669,49.000000000000000000,0.854560000000000000
0.874000000000000000,50.000000000000000000,57.208237986270022883,49.000000000000000000,0.856520000000000000
0.876000000000000000,50.000000000000000000,57.077625570776255707,49.000000000000000000,0.858480000000000000
0.878000000000000000,50.000000000000000000,56.947608200455580865,49.000000000000000000,0.860440000000000000
0.880000000000000000,50.000000000000000000,56.818181818181818181,49.000000000000000000,0.862400000000000000
0.882000000000000000,50.000000000000000000,56.689342403628117913,49.000000000000000000,0.864360000000000000
0.884000000000000000,50.000000000000000000,56.561085972850678733,49.000000000000000000,0.866320000000000000
0.886000000000000000,50.000000000000000000,56.433408577878103837,49.000000000000000000,0.868280000000000000
0.888000000000000000,50.000000000000000000,56.306306306306306306,49.000000000000000000,0.870240000000000000
0.890000000000000000,50.000000000000000000,56.179775280898876404,49.000000000000000000,0.872200000000000000
0.892000000000000000,50.000000000000000000,56.053811659192825112,49.000000000000000000,0.874160000000000000
0.894000000000000000,50.000000000000000000,55.928411633109619686,49.000000000000000000,0.876120000000000000
0.896000000000000000,50.000000000000000000,55.803571428571428571,49.000000000000000000,0.878080000000000000
0.898000000000000000,50.000000000000000000,55.679287305122494432,49.000000000000000000,0.880040000000000000
0.900000000000000000,50.000000000000000000,55.555555555555555555,49.000000000000000000,0.882000000000000000
0.902000000000000000,50.000000000000000000,55.432372505543237250,49.000000000000000000,0.883960000000000000
0.904000000000000000,50.000000000000000000,55.309734513274336283,49.000000000000000000,0.885920000000000000
0.906000000000000000,50.000000000000000000,55.187637969094922737,49.000000000000000000,0.887880000000000000
0.908000000000000000,50.000000000000000000,55.066079295154185022,49.000000000000000000,0.889840000000000000
0.910000000000000000,50.000000000000000000,54.945054945054945054,49.000000000000000000,0.891800000000000000
0.912000000000000000,50.000000000000000000,54.824561403508771929,49.000000000000000000,0.893760000000000000
0.914000000000000000,50.000000000000000000,54.704595185995623632,49.000000000000000000,0.895720000000000000
0.916000000000000000,50.000000000000000000,54.585152838427947598,49.000000000000000000,0.897680000000000000
0.918000000000000000,50.000000000000000000,54.466230936819172113,49.000000000000000000,0.899640000000000000
0.920000000000000000,50.000000000000000000,54.347826086956521739,49.000000000000000000,0.901600000000000000
0.922000000000000000,50.000000000000000000,54.229934924078091106,49.000000000000000000,0.903560000000000000
0.924000000000000000,50.000000000000000000,54.112554112554112554,49.000000000000000000,0.905520000000000000
0.926000000000000000,50.000000000000000000,53.995680345572354211,49.000000000000000000,0.907480000000000000
0.928000000000000000,50.000000000000000000,53.879310344827586206,49.000000000000000000,0.909440000000000000
0.930000000000000000,50.000000000000000000,53.763440860215053763,49.000000000000000000,0.911400000000000000
0.932000000000000000,50.000000000000000000,53.648068669527896995,49.000000000000000000,0.913360000000000000
0.934000000000000000,50.000000000000000000,53.533190578158458244,49.000000000000000000,0.915320000000000000
0.936000000000000000,50.000000000000000000,53.418803418803418803,49.000000000000000000,0.917280000000000000
0.938000000000000000,50.000000000000000000,53.304904051172707889,49.000000000000000000,0.919240000000000000
0.940000000000000000,50.000000000000000000,53.191489361702127659,49.000000000000000000,0.921200000000000000
0.942000000000000000,50.000000000000000000,53.078556263269639065,49.000000000000000000,0.923160000000000000
0.944000000000000000,50.000000000000000000,52.966101694915254237,49.000000000000000000,0.925120000000000000
0.946000000000000000,50.000000000000000000,52.854122621564482029,49.000000000000000000,0.927080000000000000
0.948000000000000000,50.000000000000000000,52.742616033755274261,49.000000000000000000,0.929040000000000000
0.950000000000000000,50.000000000000000000,52.631578947368421052,49.000000000000000000,0.931000000000000000
0.952000000000000000,50.000000000000000000,52.521008403361344537,49.000000000000000000,0.932960000000000000
0.954000000000000000,50.000000000000000000,52.410901467505241090,49.000000000000000000,0.934920000000000000
0.956000000000000000,50.000000000000000000,52.301255230125523012,49.000000000000000000,0.936880000000000000
0.958000000000000000,50.000000000000000000,52.192066805845511482,49.000000000000000000,0.938840000000000000
0.960000000000000000,50.000000000000000000,52.083333333333333333,49.000000000000000000,0.940800000000000000
0.962000000000000000,50.000000000000000000,51.975051975051975051,49.000000000000000000,0.942760000000000000
0.964000000000000000,50.000000000000000000,51.867219917012448132,49.000000000000000000,0.944720000000000000
0.966000000000000000,50.000000000000000000,51.759834368530020703,49.000000000000000000,0.946680000000000000
0.968000000000000000,50.000000000000000000,51.652892561983471074,49.000000000000000000,0.948640000000000000
0.970000000000000000,50.000000000000000000,51.546391752577319587,49.000000000000000000,0.950600000000000000
0.972000000000000000,50.000000000000000000,51.440329218106995884,49.000000000000000000,0.952560000000000000
0.974000000000000000,50.000000000000000000,51.334702258726899383,49.000000000000000000,0.954520000000000000
0.976000000000000000,50.000000000000000000,51.229508196721311475,49.000000000000000000,0.956480000000000000
0.978000000000000000,50.000000000000000000,51.124744376278118609,49.000000000000000000,0.958440000000000000
0.980000000000000000,50.000000000000000000,51.020408163265306122,49.000000000000000000,0.960400000000000000
0.982000000000000000,50.000000000000000000,50.916496945010183299,49.000000000000000000,0.962360000000000000
0.984000000000000000,50.000000000000000000,50.813008130081300813,49.000000000000000000,0.964320000000000000
0.986000000000000000,50.000000000000000000,50.709939148073022312,49.000000000000000000,0.966280000000000000
0.988000000000000000,50.000000000000000000,50.607287449392712550,49.000000000000000000,0.968240000000000000
0.990000000000000000,50.000000000000000000,50.505050505050505050,49.000000000000000000,0.970200000000000000
0.992000000000000000,50.000000000000000000,50.403225806451612903,49.000000000000000000,0.972160000000000000
0.994000000000000000,50.000000000000000000,50.301810865191146881,49.000000000000000000,0.974120000000000000
0.996000000000000000,50.000000000000000000,50.200803212851405622,49.000000000000000000,0.976080000000000000
0.998000000000000000,50.000000000000000000,50.100200400801603206,49.000000000000000000,0.978040000000000000
1.000000000000000000,50.000000000000000000,50.000000000000000000,49.000000000000000000,0.980000000000000000
1.002000000000000000,50.000000000000000000,49.900199600798403193,49.000000000000000000,0.981960000000000000
1.004000000000000000,50.000000000000000000,49.800796812749003984,49.000000000000000000,0.983920000000000000
1.006000000000000000,50.000000000000000000,49.701789264413518886,49.000000000000000000,0.985880000000000000
1.008000000000000000,50.000000000000000000,49.603174603174603174,49.000000000000000000,0.987840000000000000
1.010000000000000000,50.000000000000000000,49.504950495049504950,49.000000000000000000,0.989800000000000000
1.012000000000000000,50.000000000000000000,49.407114624505928853,49.000000000000000000,0.991760000000000000
1.014000000000000000,49.773100437109920505,49.085897866972308190,48.773100437109920505,0.993627550000000000
1.016000000000000000,48.979906668209340892,48.208569555324154421,47.979906668209340892,0.995256800000000000
1.018000000000000000,47.672455576342660994,46.829524141790433196,46.672455576342660994,0.996645950000000000
1.020000000000000000,45.935600090069804098,45.034902049088043233,44.935600090069804098,0.997795000000000000
1.022000000000000000,43.870098149686320213,42.925732044702857351,42.870098149686320213,0.998703950000000000
1.024000000000000000,41.580041580041580041,40.605509355509355509,40.580041580041580041,0.999372799999999999
1.026000000000000000,39.162622216199813347,38.170197091812683574,38.162622216199813347,0.999801550000000000
1.028000000000000000,36.701440210212140036,35.701790087755000035,35.701440210212140036,0.999990200000000000
1.030000000000000000,34.333333333333333333,33.333333333333333333,33.333333333333333333,1.000000000000000000
1.032000000000000000,32.250000000000000000,31.250000000000000000,31.250000000000000000,1.000000000000000000
1.034000000000000000,30.411764705882352941,29.411764705882352941,29.411764705882352941,1.000000000000000000
1.036000000000000000,28.777777777777777777,27.777777777777777777,27.777777777777777777,1.000000000000000000
1.038000000000000000,27.315789473684210526,26.315789473684210526,26.315789473684210526,1.000000000000000000
1.040000000000000000,26.000000000000000000,25.000000000000000000,25.000000000000000000,1.000000000000000000
1.042000000000000000,24.809523809523809523,23.809523809523809523,23.809523809523809523,1.000000000000000000
1.044000000000000000,23.727272727272727272,22.727272727272727272,22.727272727272727272,1.000000000000000000
1.046000000000000000,22.739130434782608695,21.739130434782608695,21.739130434782608695,1.000000000000000000
1.048000000000000000,21.833333333333333333,20.833333333333333333,20.833333333333333333,1.000000000000000000
1.050000000000000000,21.000000000000000000,20.000000000000000000,20.000000000000000000,1.000000000000000000
1.052000000000000000,20.230769230769230769,19.230769230769230769,19.230769230769230769,1.000000000000000000
1.054000000000000000,19.518518518518518518,18.518518518518518518,18.518518518518518518,1.000000000000000000
1.056000000000000000,18.857142857142857142,17.857142857142857142,17.857142857142857142,1.000000000000000000
1.058000000000000000,18.241379310344827586,17.241379310344827586,17.241379310344827586,1.000000000000000000
1.060000000000000000,17.666666666666666666,16.666666666666666666,16.666666666666666666,1.000000000000000000
1.062000000000000000,17.129032258064516129,16.129032258064516129,16.129032258064516129,1.000000000000000000
1.064000000000000000,16.625000000000000000,15.625000000000000000,15.625000000000000000,1.000000000000000000
1.066000000000000000,16.151515151515151515,15.151515151515151515,15.151515151515151515,1.000000000000000000
1.068000000000000000,15.705882352941176470,14.705882352941176470,14.705882352941176470,1.000000000000000000
1.070000000000000000,15.285714285714285714,14.285714285714285714,14.285714285714285714,1.000000000000000000
1.072000000000000000,14.888888888888888888,13.888888888888888888,13.888888888888888888,1.000000000000000000
1.074000000000000000,14.513513513513513513,13.513513513513513513,13.513513513513513513,1.000000000000000000
1.076000000000000000,14.157894736842105263,13.157894736842105263,13.157894736842105263,1.000000000000000000
1.078000000000000000,13.820512820512820512,12.820512820512820512,12.820512820512820512,1.000000000000000000
1.080000000000000000,13.500000000000000000,12.500000000000000000,12.500000000000000000,1.000000000000000000
1.082000000000000000,13.195121951219512195,12.195121951219512195,12.195121951219512195,1.000000000000000000
1.084000000000000000,12.904761904761904761,11.904761904761904761,11.904761904761904761,1.000000000000000000
1.086000000000000000,12.627906976744186046,11.627906976744186046,11.627906976744186046,1.000000000000000000
1.088000000000000000,12.363636363636363636,11.363636363636363636,11.363636363636363636,1.000000000000000000
1.090000000000000000,12.111111111111111111,11.111111111111111111,11.111111111111111111,1.000000000000000000
1.092000000000000000,11.869565217391304347,10.869565217391304347,10.869565217391304347,1.000000000000000000
1.094000000000000000,11.638297872340425531,10.638297872340425531,10.638297872340425531,1.000000000000000000
1.096000000000000000,11.416666666666666666,10.416666666666666666,10.416666666666666666,1.000000000000000000
1.098000000000000000,11.204081632653061224,10.204081632653061224,10.204081632653061224,1.000000000000000000
1.100000000000000000,11.000000000000000000,10.000000000000000000,10.000000000000000000,1.000000000000000000
1.102000000000000000,10.803921568627450980,9.803921568627450980,9.803921568627450980,1.000000000000000000
1.104000000000000000,10.615384615384615384,9.615384615384615384,9.615384615384615384,1.000000000000000000
1.106000000000000000,10.433962264150943396,9.433962264150943396,9.433962264150943396,1.000000000000000000
1.108000000000000000,10.259259259259259259,9.259259259259259259,9.259259259259259259,1.000000000000000000
1.110000000000000000,10.090909090909090909,9.090909090909090909,9.090909090909090909,1.000000000000000000
1.112000000000000000,9.928571428571428571,8.928571428571428571,8.928571428571428571,1.000000000000000000
1.114000000000000000,9.771929824561403508,8.771929824561403508,8.771929824561403508,1.000000000000000000
1.116000000000000000,9.620689655172413793,8.620689655172413793,8.620689655172413793,1.000000000000000000
1.118000000000000000,9.474576271186440677,8.474576271186440677,8.474576271186440677,1.000000000000000000
1.120000000000000000,9.333333333333333333,8.333333333333333333,8.333333333333333333,1.000000000000000000
1.122000000000000000,9.196721311475409836,8.196721311475409836,8.196721311475409836,1.000000000000000000
1.124000000000000000,9.064516129032258064,8.064516129032258064,8.064516129032258064,1.000000000000000000
1.126000000000000000,8.936507936507936507,7.936507936507936507,7.936507936507936507,1.000000000000000000
1.128000000000000000,8.812500000000000000,7.812500000000000000,7.812500000000000000,1.000000000000000000
1.130000000000000000,8.692307692307692307,7.692307692307692307,7.692307692307692307,1.000000000000000000
1.132000000000000000,8.575757575757575757,7.575757575757575757,7.575757575757575757,1.000000000000000000
1.134000000000000000,8.462686567164179104,7.462686567164179104,7.462686567164179104,1.000000000000000000
1.136000000000000000,8.352941176470588235,7.352941176470588235,7.352941176470588235,1.000000000000000000
1.138000000000000000,8.246376811594202898,7.246376811594202898,7.246376811594202898,1.000000000000000000
1.140000000000000000,8.142857142857142857,7.142857142857142857,7.142857142857142857,1.000000000000000000
1.142000000000000000,8.042253521126760563,7.042253521126760563,7.042253521126760563,1.000000000000000000
1.144000000000000000,7.944444444444444444,6.944444444444444444,6.944444444444444444,1.000000000000000000
1.146000000000000000,7.849315068493150684,6.849315068493150684,6.849315068493150684,1.000000000000000000
1.148000000000000000,7.756756756756756756,6.756756756756756756,6.756756756756756756,1.000000000000000000
1.150000000000000000,7.666666666666666666,6.666666666666666666,6.666666666666666666,1.000000000000000000
1.152000000000000000,7.578947368421052631,6.578947368421052631,6.578947368421052631,1.000000000000000000
1.154000000000000000,7.493506493506493506,6.493506493506493506,6.493506493506493506,1.000000000000000000
1.156000000000000000,7.410256410256410256,6.410256410256410256,6.410256410256410256,1.000000000000000000
1.158000000000000000,7.329113924050632911,6.329113924050632911,6.329113924050632911,1.000000000000000000
1.160000000000000000,7.250000000000000000,6.250000000000000000,6.250000000000000000,1.000000000000000000
1.162000000000000000,7.172839506172839506,6.172839506172839506,6.172839506172839506,1.000000000000000000
1.164000000000000000,7.097560975609756097,6.097560975609756097,6.097560975609756097,1.000000000000000000
1.166000000000000000,7.024096385542168674,6.024096385542168674,6.024096385542168674,1.000000000000000000
1.168000000000000000,6.952380952380952380,5.952380952380952380,5.952380952380952380,1.000000000000000000
1.170000000000000000,6.882352941176470588,5.882352941176470588,5.882352941176470588,1.000000000000000000
1.172000000000000000,6.813953488372093023,5.813953488372093023,5.813953488372093023,1.000000000000000000
1.174000000000000000,6.747126436781609195,5.747126436781609195,5.747126436781609195,1.000000000000000000
1.176000000000000000,6.681818181818181818,5.681818181818181818,5.681818181818181818,1.000000000000000000
1.178000000000000000,6.617977528089887640,5.617977528089887640,5.617977528089887640,1.000000000000000000
1.180000000000000000,6.555555555555555555,5.555555555555555555,5.555555555555555555,1.000000000000000000
1.182000000000000000,6.494505494505494505,5.494505494505494505,5.494505494505494505,1.000000000000000000
1.184000000000000000,6.434782608695652173,5.434782608695652173,5.434782608695652173,1.000000000000000000
1.186000000000000000,6.376344086021505376,5.376344086021505376,5.376344086021505376,1.000000000000000000
1.188000000000000000,6.319148936170212765,5.319148936170212765,5.319148936170212765,1.000000000000000000
1.190000000000000000,6.263157894736842105,5.263157894736842105,5.263157894736842105,1.000000000000000000
1.192000000000000000,6.208333333333333333,5.208333333333333333,5.208333333333333333,1.000000000000000000
1.194000000000000000,6.154639175257731958,5.154639175257731958,5.154639175257731958,1.000000000000000000
1.196000000000000000,6.102040816326530612,5.102040816326530612,5.102040816326530612,1.000000000000000000
1.198000000000000000,6.050505050505050505,5.050505050505050505,5.050505050505050505,1.000000000000000000
1.200000000000000000,6.000000000000000000,5.000000000000000000,5.000000000000000000,1.000000000000000000
1.202000000000000000,5.950495049504950495,4.950495049504950495,4.950495049504950495,1.000000000000000000
1.204000000000000000,5.901960784313725490,4.901960784313725490,4.901960784313725490,1.000000000000000000
1.206000000000000000,5.854368932038834951,4.854368932038834951,4.854368932038834951,1.000000000000000000
1.208000000000000000,5.807692307692307692,4.807692307692307692,4.807692307692307692,1.000000000000000000
1.210000000000000000,5.761904761904761904,4.761904761904761904,4.761904761904761904,1.000000000000000000
1.212000000000000000,5.716981132075471698,4.716981132075471698,4.716981132075471698,1.000000000000000000
1.214000000000000000,5.672897196261682242,4.672897196261682242,4.672897196261682242,1.000000000000000000
1.216000000000000000,5.629629629629629629,4.629629629629629629,4.629629629629629629,1.000000000000000000
1.218000000000000000,5.587155963302752293,4.587155963302752293,4.587155963302752293,1.000000000000000000
1.220000000000000000,5.545454545454545454,4.545454545454545454,4.545454545454545454,1.000000000000000000
1.222000000000000000,5.504504504504504504,4.504504504504504504,4.504504504504504504,1.000000000000000000
1.224000000000000000,5.464285714285714285,4.464285714285714285,4.464285714285714285,1.000000000000000000
1.226000000000000000,5.424778761061946902,4.424778761061946902,4.424778761061946902,1.000000000000000000
1.228000000000000000,5.385964912280701754,4.385964912280701754,4.385964912280701754,1.000000000000000000
1.230000000000000000,5.347826086956521739,4.347826086956521739,4.347826086956521739,1.000000000000000000
1.232000000000000000,5.310344827586206896,4.310344827586206896,4.310344827586206896,1.000000000000000000
1.234000000000000000,5.273504273504273504,4.273504273504273504,4.273504273504273504,1.000000000000000000
1.236000000000000000,5.237288135593220338,4.237288135593220338,4.237288135593220338,1.000000000000000000
1.238000000000000000,5.201680672268907563,4.201680672268907563,4.201680672268907563,1.000000000000000000
1.240000000000000000,5.166666666666666666,4.166666666666666666,4.166666666666666666,1.000000000000000000
1.242000000000000000,5.132231404958677685,4.132231404958677685,4.132231404958677685,1.000000000000000000
1.244000000000000000,5.098360655737704918,4.098360655737704918,4.098360655737704918,1.000000000000000000
1.246000000000000000,5.065040650406504065,4.065040650406504065,4.065040650406504065,1.000000000000000000
1.248000000000000000,5.032258064516129032,4.032258064516129032,4.032258064516129032,1.000000000000000000
1.250000000000000000,5.000000000000000000,4.000000000000000000,4.000000000000000000,1.000000000000000000
1.252000000000000000,4.968253968253968253,3.968253968253968253,3.968253968253968253,1.000000000000000000
1.254000000000000000,4.937007874015748031,3.937007874015748031,3.937007874015748031,1.000000000000000000
1.256000000000000000,4.906250000000000000,3.906250000000000000,3.906250000000000000,1.000000000000000000
1.258000000000000000,4.875968992248062015,3.875968992248062015,3.875968992248062015,1.000000000000000000
1.260000000000000000,4.846153846153846153,3.846153846153846153,3.846153846153846153,1.000000000000000000
1.262000000000000000,4.816793893129770992,3.816793893129770992,3.816793893129770992,1.000000000000000000
1.264000000000000000,4.787878787878787878,3.787878787878787878,3.787878787878787878,1.000000000000000000
1.266000000000000000,4.759398496240601503,3.759398496240601503,3.759398496240601503,1.000000000000000000
1.268000000000000000,4.731343283582089552,3.731343283582089552,3.731343283582089552,1.000000000000000000
1.270000000000000000,4.703703703703703703,3.703703703703703703,3.703703703703703703,1.000000000000000000
1.272000000000000000,4.676470588235294117,3.676470588235294117,3.676470588235294117,1.000000000000000000
1.274000000000000000,4.649635036496350364,3.649635036496350364,3.649635036496350364,1.000000000000000000
1.276000000000000000,4.623188405797101449,3.623188405797101449,3.623188405797101449,1.000000000000000000
1.278000000000000000,4.597122302158273381,3.597122302158273381,3.597122302158273381,1.000000000000000000
1.280000000000000000,4.571428571428571428,3.571428571428571428,3.571428571428571428,1.000000000000000000
1.282000000000000000,4.546099290780141843,3.546099290780141843,3.546099290780141843,1.000000000000000000
1.284000000000000000,4.521126760563380281,3.521126760563380281,3.521126760563380281,1.000000000000000000
1.286000000000000000,4.496503496503496503,3.496503496503496503,3.496503496503496503,1.000000000000000000
1.288000000000000000,4.472222222222222222,3.472222222222222222,3.472222222222222222,1.000000000000000000
1.290000000000000000,4.448275862068965517,3.448275862068965517,3.448275862068965517,1.000000000000000000
1.292000000000000000,4.424657534246575342,3.424657534246575342,3.424657534246575342,1.000000000000000000
1.294000000000000000,4.401360544217687074,3.401360544217687074,3.401360544217687074,1.000000000000000000
1.296000000000000000,4.378378378378378378,3.378378378378378378,3.378378378378378378,1.000000000000000000
1.298000000000000000,4.355704697986577181,3.355704697986577181,3.355704697986577181,1.000000000000000000
1.300000000000000000,4.333333333333333333,3.333333333333333333,3.333333333333333333,1.000000000000000000
1.302000000000000000,4.311258278145695364,3.311258278145695364,3.311258278145695364,1.000000000000000000
1.304000000000000000,4.289473684210526315,3.289473684210526315,3.289473684210526315,1.000000000000000000
1.306000000000000000,4.267973856209150326,3.267973856209150326,3.267973856209150326,1.000000000000000000
1.308000000000000000,4.246753246753246753,3.246753246753246753,3.246753246753246753,1.000000000000000000
1.310000000000000000,4.225806451612903225,3.225806451612903225,3.225806451612903225,1.000000000000000000
1.312000000000000000,4.205128205128205128,3.205128205128205128,3.205128205128205128,1.000000000000000000
1.314000000000000000,4.184713375796178343,3.184713375796178343,3.184713375796178343,1.000000000000000000
1.316000000000000000,4.164556962025316455,3.164556962025316455,3.164556962025316455,1.000000000000000000
1.318000000000000000,4.144654088050314465,3.144654088050314465,3.144654088050314465,1.000000000000000000
1.320000000000000000,4.125000000000000000,3.125000000000000000,3.125000000000000000,1.000000000000000000
1.322000000000000000,4.105590062111801242,3.105590062111801242,3.105590062111801242,1.000000000000000000
1.324000000000000000,4.086419753086419753,3.086419753086419753,3.086419753086419753,1.000000000000000000
1.326000000000000000,4.067484662576687116,3.067484662576687116,3.067484662576687116,1.000000000000000000
1.328000000000000000,4.048780487804878048,3.048780487804878048,3.048780487804878048,1.000000000000000000
1.330000000000000000,4.030303030303030303,3.030303030303030303,3.030303030303030303,1.000000000000000000
1.332000000000000000,4.012048192771084337,3.012048192771084337,3.012048192771084337,1.000000000000000000
1.334000000000000000,3.994011976047904191,2.994011976047904191,2.994011976047904191,1.000000000000000000
1.336000000000000000,3.976190476190476190,2.976190476190476190,2.976190476190476190,1.000000000000000000
1.338000000000000000,3.958579881656804733,2.958579881656804733,2.958579881656804733,1.000000000000000000
1.340000000000000000,3.941176470588235294,2.941176470588235294,2.941176470588235294,1.000000000000000000
1.342000000000000000,3.923976608187134502,2.923976608187134502,2.923976608187134502,1.000000000000000000
1.344000000000000000,3.906976744186046511,2.906976744186046511,2.906976744186046511,1.000000000000000000
1.346000000000000000,3.890173410404624277,2.890173410404624277,2.890173410404624277,1.000000000000000000
1.348000000000000000,3.873563218390804597,2.873563218390804597,2.873563218390804597,1.000000000000000000
1.350000000000000000,3.857142857142857142,2.857142857142857142,2.857142857142857142,1.000000000000000000
1.352000000000000000,3.840909090909090909,2.840909090909090909,2.840909090909090909,1.000000000000000000
1.354000000000000000,3.824858757062146892,2.824858757062146892,2.824858757062146892,1.000000000000000000
1.356000000000000000,3.808988764044943820,2.808988764044943820,2.808988764044943820,1.000000000000000000
1.358000000000000000,3.793296089385474860,2.793296089385474860,2.793296089385474860,1.000000000000000000
1.360000000000000000,3.777777777777777777,2.777777777777777777,2.777777777777777777,1.000000000000000000
1.362000000000000000,3.762430939226519337,2.762430939226519337,2.762430939226519337,1.000000000000000000
1.364000000000000000,3.747252747252747252,2.747252747252747252,2.747252747252747252,1.000000000000000000
1.366000000000000000,3.732240437158469945,2.732240437158469945,2.732240437158469945,1.000000000000000000
1.368000000000000000,3.717391304347826086,2.717391304347826086,2.717391304347826086,1.000000000000000000
1.370000000000000000,3.702702702702702702,2.702702702702702702,2.702702702702702702,1.000000000000000000
1.372000000000000000,3.688172043010752688,2.688172043010752688,2.688172043010752688,1.000000000000000000
1.374000000000000000,3.673796791443850267,2.673796791443850267,2.673796791443850267,1.000000000000000000
1.376000000000000000,3.659574468085106382,2.659574468085106382,2.659574468085106382,1.000000000000000000
1.378000000000000000,3.645502645502645502,2.645502645502645502,2.645502645502645502,1.000000000000000000
1.380000000000000000,3.631578947368421052,2.631578947368421052,2.631578947368421052,1.000000000000000000
1.382000000000000000,3.617801047120418848,2.617801047120418848,2.617801047120418848,1.000000000000000000
1.384000000000000000,3.604166666666666666,2.604166666666666666,2.604166666666666666,1.000000000000000000
1.386000000000000000,3.590673575129533678,2.590673575129533678,2.590673575129533678,1.000000000000000000
1.388000000000000000,3.577319587628865979,2.577319587628865979,2.577319587628865979,1.000000000000000000
1.390000000000000000,3.564102564102564102,2.564102564102564102,2.564102564102564102,1.000000000000000000
1.392000000000000000,3.551020408163265306,2.551020408163265306,2.551020408163265306,1.000000000000000000
1.394000000000000000,3.538071065989847715,2.538071065989847715,2.538071065989847715,1.000000000000000000
1.396000000000000000,3.525252525252525252,2.525252525252525252,2.525252525252525252,1.000000000000000000
1.398000000000000000,3.512562814070351758,2.512562814070351758,2.512562814070351758,1.000000000000000000
1.400000000000000000,3.500000000000000000,2.500000000000000000,2.500000000000000000,1.000000000000000000
1.402000000000000000,3.487562189054726368,2.487562189054726368,2.487562189054726368,1.000000000000000000
1.404000000000000000,3.475247524752475247,2.475247524752475247,2.475247524752475247,1.000000000000000000
1.406000000000000000,3.463054187192118226,2.463054187192118226,2.463054187192118226,1.000000000000000000
1.408000000000000000,3.450980392156862745,2.450980392156862745,2.450980392156862745,1.000000000000000000
1.410000000000000000,3.439024390243902439,2.439024390243902439,2.439024390243902439,1.000000000000000000
1.412000000000000000,3.427184466019417475,2.427184466019417475,2.427184466019417475,1.000000000000000000
1.414000000000000000,3.415458937198067632,2.415458937198067632,2.415458937198067632,1.000000000000000000
1.416000000000000000,3.403846153846153846,2.403846153846153846,2.403846153846153846,1.000000000000000000
1.418000000000000000,3.392344497607655502,2.392344497607655502,2.392344497607655502,1.000000000000000000
1.420000000000000000,3.380952380952380952,2.380952380952380952,2.380952380952380952,1.000000000000000000
1.422000000000000000,3.369668246445497630,2.369668246445497630,2.369668246445497630,1.000000000000000000
1.424000000000000000,3.358490566037735849,2.358490566037735849,2.358490566037735849,1.000000000000000000
1.426000000000000000,3.347417840375586854,2.347417840375586854,2.347417840375586854,1.000000000000000000
1.428000000000000000,3.336448598130841121,2.336448598130841121,2.336448598130841121,1.000000000000000000
1.430000000000000000,3.325581395348837209,2.325581395348837209,2.325581395348837209,1.000000000000000000
1.432000000000000000,3.314814814814814814,2.314814814814814814,2.314814814814814814,1.000000000000000000
1.434000000000000000,3.304147465437788018,2.304147465437788018,2.304147465437788018,1.000000000000000000
1.436000000000000000,3.293577981651376146,2.293577981651376146,2.293577981651376146,1.000000000000000000
1.438000000000000000,3.283105022831050228,2.283105022831050228,2.283105022831050228,1.000000000000000000
1.440000000000000000,3.272727272727272727,2.272727272727272727,2.272727272727272727,1.000000000000000000
1.442000000000000000,3.262443438914027149,2.262443438914027149,2.262443438914027149,1.000000000000000000
1.444000000000000000,3.252252252252252252,2.252252252252252252,2.252252252252252252,1.000000000000000000
1.446000000000000000,3.242152466367713004,2.242152466367713004,2.242152466367713004,1.000000000000000000
1.448000000000000000,3.232142857142857142,2.232142857142857142,2.232142857142857142,1.000000000000000000
1.450000000000000000,3.222222222222222222,2.222222222222222222,2.222222222222222222,1.000000000000000000
1.452000000000000000,3.212389380530973451,2.212389380530973451,2.212389380530973451,1.000000000000000000
1.454000000000000000,3.202643171806167400,2.202643171806167400,2.202643171806167400,1.000000000000000000
1.456000000000000000,3.192982456140350877,2.192982456140350877,2.192982456140350877,1.000000000000000000
1.458000000000000000,3.183406113537117903,2.183406113537117903,2.183406113537117903,1.000000000000000000
1.460000000000000000,3.173913043478260869,2.173913043478260869,2.173913043478260869,1.000000000000000000
1.462000000000000000,3.164502164502164502,2.164502164502164502,2.164502164502164502,1.000000000000000000
1.464000000000000000,3.155172413793103448,2.155172413793103448,2.155172413793103448,1.000000000000000000
1.466000000000000000,3.145922746781115879,2.145922746781115879,2.145922746781115879,1.000000000000000000
1.468000000000000000,3.136752136752136752,2.136752136752136752,2.136752136752136752,1.000000000000000000
1.470000000000000000,3.127659574468085106,2.127659574468085106,2.127659574468085106,1.000000000000000000
1.472000000000000000,3.118644067796610169,2.118644067796610169,2.118644067796610169,1.000000000000000000
1.474000000000000000,3.109704641350210970,2.109704641350210970,2.109704641350210970,1.000000000000000000
1.476000000000000000,3.100840336134453781,2.100840336134453781,2.100840336134453781,1.000000000000000000
1.478000000000000000,3.092050209205020920,2.092050209205020920,2.092050209205020920,1.000000000000000000
1.480000000000000000,3.083333333333333333,2.083333333333333333,2.083333333333333333,1.000000000000000000
1.482000000000000000,3.074688796680497925,2.074688796680497925,2.074688796680497925,1.000000000000000000
1.484000000000000000,3.066115702479338842,2.066115702479338842,2.066115702479338842,1.000000000000000000
1.486000000000000000,3.057613168724279835,2.057613168724279835,2.057613168724279835,1.000000000000000000
1.488000000000000000,3.049180327868852459,2.049180327868852459,2.049180327868852459,1.000000000000000000
1.490000000000000000,3.040816326530612244,2.040816326530612244,2.040816326530612244,1.000000000000000000
1.492000000000000000,3.032520325203252032,2.032520325203252032,2.032520325203252032,1.000000000000000000
1.494000000000000000,3.024291497975708502,2.024291497975708502,2.024291497975708502,1.000000000000000000
1.496000000000000000,3.016129032258064516,2.016129032258064516,2.016129032258064516,1.000000000000000000
1.498000000000000000,3.008032128514056224,2.008032128514056224,2.008032128514056224,1.000000000000000000
1.500000000000000000,3.000000000000000000,2.000000000000000000,2.000000000000000000,1.000000000000000000
1.502000000000000000,2.992031872509960159,1.992031872509960159,1.992031872509960159,1.000000000000000000
1.504000000000000000,2.984126984126984126,1.984126984126984126,1.984126984126984126,1.000000000000000000
1.506000000000000000,2.976284584980237154,1.976284584980237154,1.976284584980237154,1.000000000000000000
1.508000000000000000,2.968503937007874015,1.968503937007874015,1.968503937007874015,1.000000000000000000
1.510000000000000000,2.960784313725490196,1.960784313725490196,1.960784313725490196,1.000000000000000000
1.512000000000000000,2.953125000000000000,1.953125000000000000,1.953125000000000000,1.000000000000000000
1.514000000000000000,2.945525291828793774,1.945525291828793774,1.945525291828793774,1.000000000000000000
1.516000000000000000,2.937984496124031007,1.937984496124031007,1.937984496124031007,1.000000000000000000
1.518000000000000000,2.930501930501930501,1.930501930501930501,1.930501930501930501,1.000000000000000000
1.520000000000000000,2.923076923076923076,1.923076923076923076,1.923076923076923076,1.000000000000000000
1.522000000000000000,2.915708812260536398,1.915708812260536398,1.915708812260536398,1.000000000000000000
1.524000000000000000,2.908396946564885496,1.908396946564885496,1.908396946564885496,1.000000000000000000
1.526000000000000000,2.901140684410646387,1.901140684410646387,1.901140684410646387,1.000000000000000000
1.528000000000000000,2.893939393939393939,1.893939393939393939,1.893939393939393939,1.000000000000000000
1.530000000000000000,2.886792452830188679,1.886792452830188679,1.886792452830188679,1.000000000000000000
1.532000000000000000,2.879699248120300751,1.879699248120300751,1.879699248120300751,1.000000000000000000
1.534000000000000000,2.872659176029962546,1.872659176029962546,1.872659176029962546,1.000000000000000000
1.536000000000000000,2.865671641791044776,1.865671641791044776,1.865671641791044776,1.000000000000000000
1.538000000000000000,2.858736059479553903,1.858736059479553903,1.858736059479553903,1.000000000000000000
1.540000000000000000,2.851851851851851851,1.851851851851851851,1.851851851851851851,1.000000000000000000
1.542000000000000000,2.845018450184501845,1.845018450184501845,1.845018450184501845,1.000000000000000000
1.544000000000000000,2.838235294117647058,1.838235294117647058,1.838235294117647058,1.000000000000000000
1.546000000000000000,2.831501831501831501,1.831501831501831501,1.831501831501831501,1.000000000000000000
1.548000000000000000,2.824817518248175182,1.824817518248175182,1.824817518248175182,1.000000000000000000
1.550000000000000000,2.818181818181818181,1.818181818181818181,1.818181818181818181,1.000000000000000000
1.552000000000000000,2.811594202898550724,1.811594202898550724,1.811594202898550724,1.000000000000000000
1.554000000000000000,2.805054151624548736,1.805054151624548736,1.805054151624548736,1.000000000000000000
1.556000000000000000,2.798561151079136690,1.798561151079136690,1.798561151079136690,1.000000000000000000
1.558000000000000000,2.792114695340501792,1.792114695340501792,1.792114695340501792,1.000000000000000000
1.560000000000000000,2.785714285714285714,1.785714285714285714,1.785714285714285714,1.000000000000000000
1.562000000000000000,2.779359430604982206,1.779359430604982206,1.779359430604982206,1.000000000000000000
1.564000000000000000,2.773049645390070921,1.773049645390070921,1.773049645390070921,1.000000000000000000
1.566000000000000000,2.766784452296819787,1.766784452296819787,1.766784452296819787,1.000000000000000000
1.568000000000000000,2.760563380281690140,1.760563380281690140,1.760563380281690140,1.000000000000000000
1.570000000000000000,2.754385964912280701,1.754385964912280701,1.754385964912280701,1.000000000000000000
1.572000000000000000,2.748251748251748251,1.748251748251748251,1.748251748251748251,1.000000000000000000
1.574000000000000000,2.742160278745644599,1.742160278745644599,1.742160278745644599,1.000000000000000000
1.576000000000000000,2.736111111111111111,1.736111111111111111,1.736111111111111111,1.000000000000000000
1.578000000000000000,2.730103806228373702,1.730103806228373702,1.730103806228373702,1.000000000000000000
1.580000000000000000,2.724137931034482758,1.724137931034482758,1.724137931034482758,1.000000000000000000
1.582000000000000000,2.718213058419243986,1.718213058419243986,1.718213058419243986,1.000000000000000000
1.584000000000000000,2.712328767123287671,1.712328767123287671,1.712328767123287671,1.000000000000000000
1.586000000000000000,2.706484641638225255,1.706484641638225255,1.706484641638225255,1.000000000000000000
1.588000000000000000,2.700680272108843537,1.700680272108843537,1.700680272108843537,1.000000000000000000
1.590000000000000000,2.694915254237288135,1.694915254237288135,1.694915254237288135,1.000000000000000000
1.592000000000000000,2.689189189189189189,1.689189189189189189,1.689189189189189189,1.000000000000000000
1.594000000000000000,2.683501683501683501,1.683501683501683501,1.683501683501683501,1.000000000000000000
1.596000000000000000,2.677852348993288590,1.677852348993288590,1.677852348993288590,1.000000000000000000
1.598000000000000000,2.672240802675585284,1.672240802675585284,1.672240802675585284,1.000000000000000000
1.600000000000000000,2.666666666666666666,1.666666666666666666,1.666666666666666666,1.000000000000000000
