collateral ratio,residual share,sail per anchor as the market answers today,sail per anchor with no cap and no escrow,sail per anchor at escrow sized at 0.001,sail per anchor at escrow sized at 0.01,sail per anchor at escrow sized at 0.1,sail supply multiple at escrow sized at 0.001,sail supply multiple at escrow sized at 0.01,sail supply multiple at escrow sized at 0.1
1.000001000000000000,0.000000999999000000,20.000000000000000000,1000000.000000000000000000,1996.005992009988013984,199.959808078576206182,19.999580008819814783,1.099800299600499400,1.009997990403928810,1.000999979000440990
1.000002400000000000,0.000002399994240013,20.000000000000000000,416666.666666666666666666,1990.441105634301828896,199.903566519510987899,19.998992050800639647,1.099522055281715091,1.009995178325975549,1.000999949602540031
1.000005760000000000,0.000005759966822591,20.000000000000000000,173611.111111111111111111,1977.211138943213863381,199.768715771628239689,19.997581092591040187,1.098860556947160693,1.009988435788581411,1.000999879054629552
1.000013824000000000,0.000013823808899665,20.000000000000000000,72337.962962962962962962,1946.165512128628026178,199.445815071542649876,19.994195605039074736,1.097308275606431401,1.009972290753577132,1.000999709780251953
1.000033177600000000,0.000033176499283377,20.000000000000000000,30140.817901234567901234,1875.489307658410848756,198.675095865025136945,19.986075109883121176,1.093774465382920542,1.009933754793251256,1.000999303755494156
1.000079626240000000,0.000079619900166720,20.000000000000000000,12558.674125514403292181,1725.131210664469003707,196.849449319429280772,19.966612807628446772,1.086256560533223450,1.009842472465971464,1.000998330640381422
1.000191102976000000,0.000191066462630377,20.000000000000000000,5232.780885631001371742,1446.762341398884343104,192.601836392353581512,19.920057572033753322,1.072338117069944217,1.009630091819617679,1.000996002878601687
1.000458647142400000,0.000458436881634267,20.000000000000000000,2180.325369012917238225,1042.887207568649569482,183.118644548492214248,19.809205851205753552,1.052144360378432478,1.009155932227424610,1.000990460292560287
1.001100753141760000,0.001099542816550182,20.000000000000000000,908.468903755382182594,624.491227648304175271,163.766447293899665186,19.548129046272498335,1.031224561382415208,1.008188322364694983,1.000977406452313624
1.002641807540224000,0.002634846782127640,20.000000000000000000,378.528709898075909414,318.154354115180821683,130.633289924376414688,18.948761404137523589,1.015907717705759041,1.006531664496218820,1.000947438070206876
1.006340338096537600,0.006300391484386046,20.000000000000000000,157.720295790864962255,146.123882837802136577,87.934971977619231599,17.649959126682087149,1.007306194141890106,1.004396748598880961,1.000882497956334104
1.015216811431690240,0.014988730742383019,20.000000000000000000,65.716789912860400939,63.595351074330061097,49.278329972650668538,15.156647283391742085,1.003179767553716503,1.002463916498632533,1.000757832364169587
1.036520347436056576,0.035233603977378295,20.000000000000000000,27.381995797025167058,26.998855101024285673,23.979119458576722386,11.319084856234387248,1.001349942755051214,1.001198955972928836,1.000565954242811719
1.087648833846535782,0.080585599983186106,11.409164915427152993,11.409164915427152993,11.338812319418780636,10.742629603548252583,7.040702804407189785,1.000566940615970939,1.000537131480177412,1.000352035140220359
1.210357201231685876,0.173797620254270228,4.753818714761313765,4.753818714761313765,4.740181641840219631,4.620880180456414978,3.691738896986618885,1.000237009082092010,1.000231044009022820,1.000184586944849330
1.504857282956046102,0.335485157744883627,1.980757797817214070,1.980757797817214070,1.977810111361193265,1.951670512325296348,1.723840279980108215,1.000098890505568059,1.000097583525616264,1.000086192013999005
